-- MariaDB dump 10.19  Distrib 10.9.4-MariaDB, for Linux (x86_64)
--
-- Host: localhost    Database: airbender
-- ------------------------------------------------------
-- Server version	10.9.4-MariaDB

/*!40101 SET @OLD_CHARACTER_SET_CLIENT=@@CHARACTER_SET_CLIENT */;
/*!40101 SET @OLD_CHARACTER_SET_RESULTS=@@CHARACTER_SET_RESULTS */;
/*!40101 SET @OLD_COLLATION_CONNECTION=@@COLLATION_CONNECTION */;
/*!40101 SET NAMES utf8mb4 */;
/*!40103 SET @OLD_TIME_ZONE=@@TIME_ZONE */;
/*!40103 SET TIME_ZONE='+00:00' */;
/*!40014 SET @OLD_UNIQUE_CHECKS=@@UNIQUE_CHECKS, UNIQUE_CHECKS=0 */;
/*!40014 SET @OLD_FOREIGN_KEY_CHECKS=@@FOREIGN_KEY_CHECKS, FOREIGN_KEY_CHECKS=0 */;
/*!40101 SET @OLD_SQL_MODE=@@SQL_MODE, SQL_MODE='NO_AUTO_VALUE_ON_ZERO' */;
/*!40111 SET @OLD_SQL_NOTES=@@SQL_NOTES, SQL_NOTES=0 */;

--
-- Table structure for table `airplanes`
--

DROP TABLE IF EXISTS `airplanes`;
/*!40101 SET @saved_cs_client     = @@character_set_client */;
/*!40101 SET character_set_client = utf8 */;
CREATE TABLE `airplanes` (
  `id` int(11) NOT NULL AUTO_INCREMENT,
  `luggageCapacity` int(11) NOT NULL,
  `minLinha` int(11) NOT NULL,
  `minCol` char(1) NOT NULL,
  `maxLinha` int(11) NOT NULL,
  `maxCol` char(1) NOT NULL,
  `economicStart` char(1) NOT NULL,
  `economicStop` char(1) NOT NULL,
  `normalStart` char(1) NOT NULL,
  `normalStop` char(1) NOT NULL,
  `luxuryStart` char(1) NOT NULL,
  `luxuryStop` char(1) NOT NULL,
  `status` enum('Active','Not working') DEFAULT NULL,
  PRIMARY KEY (`id`)
) ENGINE=InnoDB AUTO_INCREMENT=33 DEFAULT CHARSET=latin1 COLLATE=latin1_swedish_ci;
/*!40101 SET character_set_client = @saved_cs_client */;

--
-- Dumping data for table `airplanes`
--

LOCK TABLES `airplanes` WRITE;
/*!40000 ALTER TABLE `airplanes` DISABLE KEYS */;
INSERT INTO `airplanes` VALUES
(3,413,1,'A',9,'L','I','L','C','H','A','B','Active'),
(4,173,1,'A',7,'L','I','L','E','H','A','D','Active'),
(5,154,1,'A',9,'K','G','K','E','F','A','D','Active'),
(6,480,1,'A',8,'I','H','I','C','G','A','B','Active'),
(7,247,1,'A',6,'K','H','K','C','G','A','B','Active'),
(8,229,1,'A',6,'K','H','K','E','G','A','D','Active'),
(9,478,1,'A',6,'L','I','L','D','H','A','C','Active'),
(10,431,1,'A',9,'L','G','L','D','F','A','C','Active'),
(11,416,1,'A',7,'L','I','L','E','H','A','D','Active'),
(12,222,1,'A',6,'K','I','K','C','H','A','B','Active'),
(13,317,1,'A',6,'K','I','K','D','H','A','C','Active'),
(14,108,1,'A',7,'K','H','K','E','G','A','D','Active'),
(15,320,1,'A',6,'L','H','L','E','G','A','D','Active'),
(16,278,1,'A',6,'J','H','J','D','G','A','C','Active'),
(17,390,1,'A',7,'L','I','L','D','H','A','C','Active'),
(18,330,1,'A',9,'L','F','L','D','E','A','C','Active'),
(19,188,1,'A',9,'K','H','K','E','G','A','D','Active'),
(20,453,1,'A',7,'K','J','K','E','I','A','D','Active'),
(21,345,1,'A',6,'L','H','L','D','G','A','C','Active'),
(22,302,1,'A',6,'L','I','L','E','H','A','D','Active'),
(23,443,1,'A',7,'K','I','K','C','H','A','B','Active'),
(24,128,1,'A',7,'L','E','L','E','D','A','D','Active'),
(25,268,1,'A',6,'L','H','L','C','G','A','B','Active'),
(26,314,1,'A',7,'L','I','L','D','H','A','C','Active'),
(27,425,1,'A',8,'L','G','L','C','F','A','B','Active'),
(28,424,1,'A',9,'J','G','J','C','F','A','B','Active'),
(29,396,1,'A',8,'K','I','K','D','H','A','C','Active'),
(30,349,1,'A',6,'L','I','L','C','H','A','B','Active'),
(31,350,1,'A',6,'L','I','L','D','H','A','C','Active'),
(32,154,1,'A',8,'F','E','F','C','D','A','B','Active');
/*!40000 ALTER TABLE `airplanes` ENABLE KEYS */;
UNLOCK TABLES;

--
-- Table structure for table `airports`
--

DROP TABLE IF EXISTS `airports`;
/*!40101 SET @saved_cs_client     = @@character_set_client */;
/*!40101 SET character_set_client = utf8 */;
CREATE TABLE `airports` (
  `id` int(11) NOT NULL AUTO_INCREMENT,
  `country` varchar(50) DEFAULT NULL,
  `code` varchar(2) DEFAULT NULL,
  `city` varchar(50) DEFAULT NULL,
  `search` int(11) NOT NULL,
  `status` enum('Operational','Not Operational') NOT NULL,
  PRIMARY KEY (`id`)
) ENGINE=InnoDB AUTO_INCREMENT=57 DEFAULT CHARSET=latin1 COLLATE=latin1_swedish_ci;
/*!40101 SET character_set_client = @saved_cs_client */;

--
-- Dumping data for table `airports`
--

LOCK TABLES `airports` WRITE;
/*!40000 ALTER TABLE `airports` DISABLE KEYS */;
INSERT INTO `airports` VALUES
(5,'Russia','RU','Novyy Karachay',84,'Operational'),
(6,'France','FR','Créteil',25,'Operational'),
(7,'Montenegro','ME','Ulcinj',7,'Not Operational'),
(8,'Albania','AL','Qelëz',95,'Operational'),
(9,'Nigeria','NG','Suya',41,'Not Operational'),
(10,'Brazil','BR','Unaí',75,'Operational'),
(11,'Indonesia','ID','Komi',43,'Operational'),
(12,'United States','US','Tampa',38,'Operational'),
(13,'China','CN','Kuishan',17,'Operational'),
(14,'Indonesia','ID','Malati',39,'Operational'),
(15,'Sweden','SE','Ytterby',36,'Operational'),
(16,'Macedonia','MK','Oslomej',11,'Operational'),
(17,'Indonesia','ID','Tambulatana',71,'Not Operational'),
(18,'Philippines','PH','Concepcion',12,'Operational'),
(19,'Russia','RU','Sukhobezvodnoye',41,'Operational'),
(20,'Slovenia','SI','Mengeš',52,'Operational'),
(21,'Russia','RU','Voznesenskaya',71,'Operational'),
(22,'Philippines','PH','Don Carlos',3,'Not Operational'),
(23,'Portugal','PT','Porto',50,'Operational'),
(24,'Gambia','GM','Bambali',74,'Operational'),
(25,'Russia','RU','Serdobsk',37,'Not Operational'),
(26,'China','CN','Yongning',55,'Operational'),
(27,'Myanmar','MM','Mogok',14,'Not Operational'),
(28,'Colombia','CO','El Tambo',6,'Operational'),
(29,'Cyprus','CY','Kato Pyrgos',91,'Not Operational'),
(30,'Syria','SY','Armanaz',50,'Not Operational');
/*!40000 ALTER TABLE `airports` ENABLE KEYS */;
UNLOCK TABLES;

--
-- Table structure for table `auth_assignment`
--

DROP TABLE IF EXISTS `auth_assignment`;
/*!40101 SET @saved_cs_client     = @@character_set_client */;
/*!40101 SET character_set_client = utf8 */;
CREATE TABLE `auth_assignment` (
  `item_name` varchar(64) NOT NULL,
  `user_id` varchar(64) NOT NULL,
  `created_at` int(11) DEFAULT NULL,
  PRIMARY KEY (`item_name`,`user_id`),
  KEY `idx-auth_assignment-user_id` (`user_id`),
  CONSTRAINT `auth_assignment_ibfk_1` FOREIGN KEY (`item_name`) REFERENCES `auth_item` (`name`) ON DELETE CASCADE ON UPDATE CASCADE
) ENGINE=InnoDB DEFAULT CHARSET=utf8mb3 COLLATE=utf8mb3_unicode_ci;
/*!40101 SET character_set_client = @saved_cs_client */;

--
-- Dumping data for table `auth_assignment`
--

LOCK TABLES `auth_assignment` WRITE;
/*!40000 ALTER TABLE `auth_assignment` DISABLE KEYS */;
INSERT INTO `auth_assignment` VALUES
('admin','24',1673108605),
('admin','29',1673108662),
('admin','35',1673108669),
('admin','36',1673108671),
('admin','39',1673108674),
('admin','40',1673108676),
('admin','43',1673108679),
('admin','45',1673108682),
('admin','46',1673108683),
('admin','48',1673108721),
('admin','53',1673108727),
('admin','55',1673108730),
('admin','66',1673108744),
('admin','71',1673108785),
('admin','8',1673108585),
('admin','9',1673108586),
('client','100',1673108910),
('client','101',1673108911),
('client','102',1673108912),
('client','103',1673108914),
('client','104',1673108915),
('client','105',1673108916),
('client','106',1673108918),
('client','107',1673109043),
('client','108',1673109045),
('client','109',1673109046),
('client','110',1673109048),
('client','111',1673109049),
('client','112',1673109050),
('client','113',1673109051),
('client','114',1673109053),
('client','115',1673109054),
('client','116',1673109055),
('client','117',1673109057),
('client','118',1673109058),
('client','119',1673109059),
('client','120',1673109060),
('client','121',1673109062),
('client','122',1673109063),
('client','123',1673109064),
('client','124',1673109065),
('client','125',1673109067),
('client','126',1673109068),
('client','127',1673109069),
('client','128',1673109070),
('client','129',1673109072),
('client','131',1673109244),
('client','132',1673109245),
('client','133',1673109247),
('client','134',1673109248),
('client','135',1673109249),
('client','136',1673109251),
('client','137',1673109252),
('client','138',1673109253),
('client','139',1673109255),
('client','140',1673109256),
('client','141',1673109257),
('client','142',1673109259),
('client','143',1673109260),
('client','144',1673109261),
('client','145',1673109263),
('client','146',1673109264),
('client','147',1673109265),
('client','148',1673109267),
('client','149',1673109268),
('client','89',1673108896),
('client','90',1673108897),
('client','91',1673108898),
('client','92',1673108900),
('client','93',1673108901),
('client','94',1673108902),
('client','95',1673108903),
('client','96',1673108905),
('client','97',1673108906),
('client','98',1673108907),
('client','99',1673108909),
('supervisor','11',1673108589),
('supervisor','12',1673108590),
('supervisor','18',1673108598),
('supervisor','20',1673108600),
('supervisor','21',1673108602),
('supervisor','22',1673108603),
('supervisor','24',1673108605),
('supervisor','25',1673108607),
('supervisor','29',1673108662),
('supervisor','30',1673108663),
('supervisor','34',1673108668),
('supervisor','35',1673108669),
('supervisor','36',1673108671),
('supervisor','37',1673108672),
('supervisor','38',1673108673),
('supervisor','39',1673108674),
('supervisor','40',1673108676),
('supervisor','43',1673108679),
('supervisor','44',1673108681),
('supervisor','45',1673108682),
('supervisor','46',1673108683),
('supervisor','47',1673108685),
('supervisor','48',1673108721),
('supervisor','50',1673108723),
('supervisor','52',1673108726),
('supervisor','53',1673108727),
('supervisor','54',1673108729),
('supervisor','55',1673108730),
('supervisor','56',1673108731),
('supervisor','58',1673108734),
('supervisor','59',1673108735),
('supervisor','61',1673108738),
('supervisor','62',1673108739),
('supervisor','63',1673108740),
('supervisor','64',1673108742),
('supervisor','65',1673108743),
('supervisor','66',1673108744),
('supervisor','67',1673108780),
('supervisor','68',1673108781),
('supervisor','71',1673108785),
('supervisor','73',1673108788),
('supervisor','74',1673108789),
('supervisor','76',1673108792),
('supervisor','77',1673108793),
('supervisor','78',1673108794),
('supervisor','79',1673108796),
('supervisor','8',1673108585),
('supervisor','80',1673108797),
('supervisor','82',1673108800),
('supervisor','83',1673108801),
('supervisor','85',1673108804),
('supervisor','87',1673108807),
('supervisor','9',1673108586),
('ticketOperator','10',1673108588),
('ticketOperator','11',1673108589),
('ticketOperator','12',1673108590),
('ticketOperator','13',1673108591),
('ticketOperator','14',1673108593),
('ticketOperator','15',1673108594),
('ticketOperator','16',1673108595),
('ticketOperator','17',1673108597),
('ticketOperator','18',1673108598),
('ticketOperator','19',1673108599),
('ticketOperator','20',1673108600),
('ticketOperator','21',1673108602),
('ticketOperator','22',1673108603),
('ticketOperator','23',1673108604),
('ticketOperator','24',1673108605),
('ticketOperator','25',1673108607),
('ticketOperator','26',1673108608),
('ticketOperator','27',1673108609),
('ticketOperator','28',1673108660),
('ticketOperator','29',1673108662),
('ticketOperator','30',1673108663),
('ticketOperator','31',1673108664),
('ticketOperator','32',1673108666),
('ticketOperator','33',1673108667),
('ticketOperator','34',1673108668),
('ticketOperator','35',1673108669),
('ticketOperator','36',1673108671),
('ticketOperator','37',1673108672),
('ticketOperator','38',1673108673),
('ticketOperator','39',1673108674),
('ticketOperator','40',1673108676),
('ticketOperator','41',1673108677),
('ticketOperator','42',1673108678),
('ticketOperator','43',1673108679),
('ticketOperator','44',1673108681),
('ticketOperator','45',1673108682),
('ticketOperator','46',1673108683),
('ticketOperator','47',1673108685),
('ticketOperator','48',1673108721),
('ticketOperator','49',1673108722),
('ticketOperator','50',1673108723),
('ticketOperator','51',1673108725),
('ticketOperator','52',1673108726),
('ticketOperator','53',1673108727),
('ticketOperator','54',1673108729),
('ticketOperator','55',1673108730),
('ticketOperator','56',1673108731),
('ticketOperator','57',1673108733),
('ticketOperator','58',1673108734),
('ticketOperator','59',1673108735),
('ticketOperator','60',1673108736),
('ticketOperator','61',1673108738),
('ticketOperator','62',1673108739),
('ticketOperator','63',1673108740),
('ticketOperator','64',1673108742),
('ticketOperator','65',1673108743),
('ticketOperator','66',1673108744),
('ticketOperator','67',1673108780),
('ticketOperator','68',1673108781),
('ticketOperator','69',1673108783),
('ticketOperator','70',1673108784),
('ticketOperator','71',1673108785),
('ticketOperator','72',1673108786),
('ticketOperator','73',1673108788),
('ticketOperator','74',1673108789),
('ticketOperator','75',1673108790),
('ticketOperator','76',1673108792),
('ticketOperator','77',1673108793),
('ticketOperator','78',1673108794),
('ticketOperator','79',1673108796),
('ticketOperator','8',1673108585),
('ticketOperator','80',1673108797),
('ticketOperator','81',1673108799),
('ticketOperator','82',1673108800),
('ticketOperator','83',1673108801),
('ticketOperator','84',1673108803),
('ticketOperator','85',1673108804),
('ticketOperator','86',1673108805),
('ticketOperator','87',1673108807),
('ticketOperator','88',1673108808),
('ticketOperator','9',1673108586);
/*!40000 ALTER TABLE `auth_assignment` ENABLE KEYS */;
UNLOCK TABLES;

--
-- Table structure for table `auth_item`
--

DROP TABLE IF EXISTS `auth_item`;
/*!40101 SET @saved_cs_client     = @@character_set_client */;
/*!40101 SET character_set_client = utf8 */;
CREATE TABLE `auth_item` (
  `name` varchar(64) NOT NULL,
  `type` smallint(6) NOT NULL,
  `description` text DEFAULT NULL,
  `rule_name` varchar(64) DEFAULT NULL,
  `data` blob DEFAULT NULL,
  `created_at` int(11) DEFAULT NULL,
  `updated_at` int(11) DEFAULT NULL,
  PRIMARY KEY (`name`),
  KEY `rule_name` (`rule_name`),
  KEY `idx-auth_item-type` (`type`),
  CONSTRAINT `auth_item_ibfk_1` FOREIGN KEY (`rule_name`) REFERENCES `auth_rule` (`name`) ON DELETE SET NULL ON UPDATE CASCADE
) ENGINE=InnoDB DEFAULT CHARSET=utf8mb3 COLLATE=utf8mb3_unicode_ci;
/*!40101 SET character_set_client = @saved_cs_client */;

--
-- Dumping data for table `auth_item`
--

LOCK TABLES `auth_item` WRITE;
/*!40000 ALTER TABLE `auth_item` DISABLE KEYS */;
INSERT INTO `auth_item` VALUES
('admin',1,NULL,NULL,NULL,1673122941,1673122941),
('client',1,NULL,NULL,NULL,1673122941,1673122941),
('createAdmin',2,'Create a Admin',NULL,NULL,1673122941,1673122941),
('createAirplane',2,'Create a Airplane',NULL,NULL,1673122941,1673122941),
('createAirport',2,'Create a Airport',NULL,NULL,1673122941,1673122941),
('createBalanceReq',2,'Create a BalanceReq',NULL,NULL,1673122941,1673122941),
('createClient',2,'Create a Client',NULL,NULL,1673122941,1673122941),
('createConfig',2,'Create a Config',NULL,NULL,1673122941,1673122941),
('createEmployee',2,'Create a Employee',NULL,NULL,1673122941,1673122941),
('createFlight',2,'Create a Flight',NULL,NULL,1673122941,1673122941),
('createReceipt',2,'Create a Receipt',NULL,NULL,1673122941,1673122941),
('createRefund',2,'Create a Refund',NULL,NULL,1673122941,1673122941),
('createTariff',2,'Create a Tariff',NULL,NULL,1673122941,1673122941),
('createTicket',2,'Create a Ticket',NULL,NULL,1673122941,1673122941),
('deleteAdmin',2,'Delete a Admin',NULL,NULL,1673122941,1673122941),
('deleteAirplane',2,'Delete a Airplane',NULL,NULL,1673122941,1673122941),
('deleteAirport',2,'Delete a Airport',NULL,NULL,1673122941,1673122941),
('deleteBalanceReq',2,'Delete a BalanceReq',NULL,NULL,1673122941,1673122941),
('deleteClient',2,'Delete a Client',NULL,NULL,1673122941,1673122941),
('deleteConfig',2,'Delete a Config',NULL,NULL,1673122941,1673122941),
('deleteEmployee',2,'Delete a Employee',NULL,NULL,1673122941,1673122941),
('deleteFlight',2,'Delete a Flight',NULL,NULL,1673122941,1673122941),
('deleteReceipt',2,'Delete a Receipt',NULL,NULL,1673122941,1673122941),
('deleteRefund',2,'Delete a Refund',NULL,NULL,1673122941,1673122941),
('deleteTariff',2,'Delete a Tariff',NULL,NULL,1673122941,1673122941),
('deleteTicket',2,'Delete a Ticket',NULL,NULL,1673122941,1673122941),
('listAdmin',2,'List a Admin',NULL,NULL,1673122941,1673122941),
('listAirplane',2,'List a Airplane',NULL,NULL,1673122941,1673122941),
('listAirport',2,'List a Airport',NULL,NULL,1673122941,1673122941),
('listBalanceReq',2,'List a BalanceReq',NULL,NULL,1673122941,1673122941),
('listClient',2,'List a Client',NULL,NULL,1673122941,1673122941),
('listConfig',2,'List a Config',NULL,NULL,1673122941,1673122941),
('listEmployee',2,'List a Employee',NULL,NULL,1673122941,1673122941),
('listFlight',2,'List a Flight',NULL,NULL,1673122941,1673122941),
('listReceipt',2,'List a Receipt',NULL,NULL,1673122941,1673122941),
('listRefund',2,'List a Refund',NULL,NULL,1673122941,1673122941),
('listTariff',2,'List a Tariff',NULL,NULL,1673122941,1673122941),
('listTicket',2,'List a Ticket',NULL,NULL,1673122941,1673122941),
('readAdmin',2,'Read a Admin',NULL,NULL,1673122941,1673122941),
('readAirplane',2,'Read a Airplane',NULL,NULL,1673122941,1673122941),
('readAirport',2,'Read a Airport',NULL,NULL,1673122941,1673122941),
('readBalanceReq',2,'Read a BalanceReq',NULL,NULL,1673122941,1673122941),
('readClient',2,'Read a Client',NULL,NULL,1673122941,1673122941),
('readConfig',2,'Read a Config',NULL,NULL,1673122941,1673122941),
('readEmployee',2,'Read a Employee',NULL,NULL,1673122941,1673122941),
('readFlight',2,'Read a Flight',NULL,NULL,1673122941,1673122941),
('readReceipt',2,'Read a Receipt',NULL,NULL,1673122941,1673122941),
('readRefund',2,'Read a Refund',NULL,NULL,1673122941,1673122941),
('readTariff',2,'Read a Tariff',NULL,NULL,1673122941,1673122941),
('readTicket',2,'Read a Ticket',NULL,NULL,1673122941,1673122941),
('supervisor',1,NULL,NULL,NULL,1673122941,1673122941),
('ticketOperator',1,NULL,NULL,NULL,1673122941,1673122941),
('updateAdmin',2,'Update a Admin',NULL,NULL,1673122941,1673122941),
('updateAirplane',2,'Update a Airplane',NULL,NULL,1673122941,1673122941),
('updateAirport',2,'Update a Airport',NULL,NULL,1673122941,1673122941),
('updateBalanceReq',2,'Update a BalanceReq',NULL,NULL,1673122941,1673122941),
('updateClient',2,'Update a Client',NULL,NULL,1673122941,1673122941),
('updateConfig',2,'Update a Config',NULL,NULL,1673122941,1673122941),
('updateEmployee',2,'Update a Employee',NULL,NULL,1673122941,1673122941),
('updateFlight',2,'Update a Flight',NULL,NULL,1673122941,1673122941),
('updateReceipt',2,'Update a Receipt',NULL,NULL,1673122941,1673122941),
('updateRefund',2,'Update a Refund',NULL,NULL,1673122941,1673122941),
('updateTariff',2,'Update a Tariff',NULL,NULL,1673122941,1673122941),
('updateTicket',2,'Update a Ticket',NULL,NULL,1673122941,1673122941);
/*!40000 ALTER TABLE `auth_item` ENABLE KEYS */;
UNLOCK TABLES;

--
-- Table structure for table `auth_item_child`
--

DROP TABLE IF EXISTS `auth_item_child`;
/*!40101 SET @saved_cs_client     = @@character_set_client */;
/*!40101 SET character_set_client = utf8 */;
CREATE TABLE `auth_item_child` (
  `parent` varchar(64) NOT NULL,
  `child` varchar(64) NOT NULL,
  PRIMARY KEY (`parent`,`child`),
  KEY `child` (`child`),
  CONSTRAINT `auth_item_child_ibfk_1` FOREIGN KEY (`parent`) REFERENCES `auth_item` (`name`) ON DELETE CASCADE ON UPDATE CASCADE,
  CONSTRAINT `auth_item_child_ibfk_2` FOREIGN KEY (`child`) REFERENCES `auth_item` (`name`) ON DELETE CASCADE ON UPDATE CASCADE
) ENGINE=InnoDB DEFAULT CHARSET=utf8mb3 COLLATE=utf8mb3_unicode_ci;
/*!40101 SET character_set_client = @saved_cs_client */;

--
-- Dumping data for table `auth_item_child`
--

LOCK TABLES `auth_item_child` WRITE;
/*!40000 ALTER TABLE `auth_item_child` DISABLE KEYS */;
INSERT INTO `auth_item_child` VALUES
('admin','createAdmin'),
('admin','createAirplane'),
('admin','createAirport'),
('admin','createEmployee'),
('admin','createFlight'),
('admin','deleteAdmin'),
('admin','deleteAirplane'),
('admin','deleteAirport'),
('admin','deleteEmployee'),
('admin','deleteFlight'),
('admin','listAdmin'),
('admin','listEmployee'),
('admin','readAdmin'),
('admin','supervisor'),
('admin','updateAdmin'),
('admin','updateAirplane'),
('admin','updateAirport'),
('admin','updateEmployee'),
('admin','updateFlight'),
('client','createBalanceReq'),
('client','createReceipt'),
('client','createRefund'),
('client','createTicket'),
('client','deleteBalanceReq'),
('client','deleteReceipt'),
('client','deleteRefund'),
('client','listAirport'),
('client','listBalanceReq'),
('client','listConfig'),
('client','listFlight'),
('client','listReceipt'),
('client','listRefund'),
('client','listTicket'),
('client','readAirport'),
('client','readBalanceReq'),
('client','readClient'),
('client','readConfig'),
('client','readFlight'),
('client','readReceipt'),
('client','readRefund'),
('client','readTariff'),
('client','readTicket'),
('client','updateClient'),
('client','updateReceipt'),
('supervisor','createConfig'),
('supervisor','createTariff'),
('supervisor','deleteBalanceReq'),
('supervisor','deleteClient'),
('supervisor','deleteConfig'),
('supervisor','deleteTariff'),
('supervisor','listBalanceReq'),
('supervisor','listReceipt'),
('supervisor','listRefund'),
('supervisor','readBalanceReq'),
('supervisor','readReceipt'),
('supervisor','readRefund'),
('supervisor','ticketOperator'),
('supervisor','updateBalanceReq'),
('supervisor','updateClient'),
('supervisor','updateConfig'),
('supervisor','updateRefund'),
('supervisor','updateTariff'),
('ticketOperator','listAirplane'),
('ticketOperator','listAirport'),
('ticketOperator','listClient'),
('ticketOperator','listConfig'),
('ticketOperator','listFlight'),
('ticketOperator','listTariff'),
('ticketOperator','listTicket'),
('ticketOperator','readAirplane'),
('ticketOperator','readAirport'),
('ticketOperator','readClient'),
('ticketOperator','readConfig'),
('ticketOperator','readEmployee'),
('ticketOperator','readFlight'),
('ticketOperator','readTariff'),
('ticketOperator','readTicket'),
('ticketOperator','updateTicket');
/*!40000 ALTER TABLE `auth_item_child` ENABLE KEYS */;
UNLOCK TABLES;

--
-- Table structure for table `auth_rule`
--

DROP TABLE IF EXISTS `auth_rule`;
/*!40101 SET @saved_cs_client     = @@character_set_client */;
/*!40101 SET character_set_client = utf8 */;
CREATE TABLE `auth_rule` (
  `name` varchar(64) NOT NULL,
  `data` blob DEFAULT NULL,
  `created_at` int(11) DEFAULT NULL,
  `updated_at` int(11) DEFAULT NULL,
  PRIMARY KEY (`name`)
) ENGINE=InnoDB DEFAULT CHARSET=utf8mb3 COLLATE=utf8mb3_unicode_ci;
/*!40101 SET character_set_client = @saved_cs_client */;

--
-- Dumping data for table `auth_rule`
--

LOCK TABLES `auth_rule` WRITE;
/*!40000 ALTER TABLE `auth_rule` DISABLE KEYS */;
/*!40000 ALTER TABLE `auth_rule` ENABLE KEYS */;
UNLOCK TABLES;

--
-- Table structure for table `balanceReq`
--

DROP TABLE IF EXISTS `balanceReq`;
/*!40101 SET @saved_cs_client     = @@character_set_client */;
/*!40101 SET character_set_client = utf8 */;
CREATE TABLE `balanceReq` (
  `id` int(11) NOT NULL AUTO_INCREMENT,
  `amount` double(10,2) NOT NULL,
  `status` enum('Accepted','Declined','Ongoing','Canceled') NOT NULL DEFAULT 'Ongoing',
  `requestDate` datetime NOT NULL,
  `decisionDate` datetime DEFAULT NULL,
  `client_id` int(11) NOT NULL,
  PRIMARY KEY (`id`),
  KEY `fk_client_id` (`client_id`),
  CONSTRAINT `fk_client_id` FOREIGN KEY (`client_id`) REFERENCES `clients` (`user_id`)
) ENGINE=InnoDB AUTO_INCREMENT=6 DEFAULT CHARSET=latin1 COLLATE=latin1_swedish_ci;
/*!40101 SET character_set_client = @saved_cs_client */;

--
-- Dumping data for table `balanceReq`
--

LOCK TABLES `balanceReq` WRITE;
/*!40000 ALTER TABLE `balanceReq` DISABLE KEYS */;
/*!40000 ALTER TABLE `balanceReq` ENABLE KEYS */;
UNLOCK TABLES;

--
-- Table structure for table `balanceReq_employee`
--

DROP TABLE IF EXISTS `balanceReq_employee`;
/*!40101 SET @saved_cs_client     = @@character_set_client */;
/*!40101 SET character_set_client = utf8 */;
CREATE TABLE `balanceReq_employee` (
  `balanceReq_id` int(11) NOT NULL,
  `employee_id` int(11) NOT NULL,
  PRIMARY KEY (`balanceReq_id`),
  KEY `fk_employeeBalanceReq_id` (`employee_id`),
  CONSTRAINT `fk_balanceReq_id` FOREIGN KEY (`balanceReq_id`) REFERENCES `balanceReq` (`id`),
  CONSTRAINT `fk_employeeBalanceReq_id` FOREIGN KEY (`employee_id`) REFERENCES `user` (`id`)
) ENGINE=InnoDB DEFAULT CHARSET=latin1 COLLATE=latin1_swedish_ci;
/*!40101 SET character_set_client = @saved_cs_client */;

--
-- Dumping data for table `balanceReq_employee`
--

LOCK TABLES `balanceReq_employee` WRITE;
/*!40000 ALTER TABLE `balanceReq_employee` DISABLE KEYS */;
/*!40000 ALTER TABLE `balanceReq_employee` ENABLE KEYS */;
UNLOCK TABLES;

--
-- Table structure for table `clients`
--

DROP TABLE IF EXISTS `clients`;
/*!40101 SET @saved_cs_client     = @@character_set_client */;
/*!40101 SET character_set_client = utf8 */;
CREATE TABLE `clients` (
  `user_id` int(11) NOT NULL,
  `balance` double(10,2) NOT NULL,
  `application` tinyint(1) NOT NULL,
  PRIMARY KEY (`user_id`),
  CONSTRAINT `fk_usersClients_id` FOREIGN KEY (`user_id`) REFERENCES `user` (`id`)
) ENGINE=InnoDB DEFAULT CHARSET=latin1 COLLATE=latin1_swedish_ci;
/*!40101 SET character_set_client = @saved_cs_client */;

--
-- Dumping data for table `clients`
--

LOCK TABLES `clients` WRITE;
/*!40000 ALTER TABLE `clients` DISABLE KEYS */;
INSERT INTO `clients` VALUES
(89,990.00,1),
(90,42.00,1),
(91,970.00,0),
(92,481.00,1),
(93,415.00,1),
(94,826.00,0),
(95,943.00,0),
(96,366.00,1),
(97,317.00,0),
(98,781.00,1),
(99,88.00,1),
(100,594.00,0),
(101,431.00,1),
(102,2.00,0),
(103,459.00,0),
(104,58.00,0),
(105,598.00,0),
(106,472.00,1),
(107,944.00,1),
(108,31.00,1),
(109,333.00,1),
(110,911.00,1),
(111,877.00,0),
(112,435.00,1),
(113,903.00,1),
(114,935.00,0),
(115,569.00,0),
(116,471.00,0),
(117,319.00,1),
(118,291.00,0),
(119,571.00,1),
(120,553.00,0),
(121,303.00,1),
(122,76.00,1),
(123,10.00,0),
(124,274.00,0),
(125,219.00,0),
(126,493.00,1),
(127,958.00,1),
(128,203.00,1),
(129,961.00,1),
(131,499.00,0),
(132,713.00,0),
(133,565.00,1),
(134,736.00,0),
(135,736.00,1),
(136,362.00,0),
(137,297.00,1),
(138,631.00,1),
(139,935.00,1),
(140,201.00,0),
(141,937.00,1),
(142,15.00,0),
(143,966.00,0),
(144,635.00,1),
(145,92.00,0),
(146,828.00,0),
(147,815.00,0),
(148,794.00,0),
(149,102.00,0);
/*!40000 ALTER TABLE `clients` ENABLE KEYS */;
UNLOCK TABLES;

--
-- Table structure for table `configs`
--

DROP TABLE IF EXISTS `configs`;
/*!40101 SET @saved_cs_client     = @@character_set_client */;
/*!40101 SET character_set_client = utf8 */;
CREATE TABLE `configs` (
  `id` int(11) NOT NULL AUTO_INCREMENT,
  `description` text NOT NULL,
  `weight` int(11) NOT NULL,
  `price` double(10,2) NOT NULL,
  `active` tinyint(1) NOT NULL,
  PRIMARY KEY (`id`)
) ENGINE=InnoDB AUTO_INCREMENT=3 DEFAULT CHARSET=latin1 COLLATE=latin1_swedish_ci;
/*!40101 SET character_set_client = @saved_cs_client */;

--
-- Dumping data for table `configs`
--

LOCK TABLES `configs` WRITE;
/*!40000 ALTER TABLE `configs` DISABLE KEYS */;
INSERT INTO `configs` VALUES
(1,'20KG travel bag.',20,39.99,1),
(2,'10KG travel bag.',10,24.99,1);
/*!40000 ALTER TABLE `configs` ENABLE KEYS */;
UNLOCK TABLES;

--
-- Table structure for table `employees`
--

DROP TABLE IF EXISTS `employees`;
/*!40101 SET @saved_cs_client     = @@character_set_client */;
/*!40101 SET character_set_client = utf8 */;
CREATE TABLE `employees` (
  `user_id` int(11) NOT NULL,
  `salary` double(10,2) NOT NULL,
  `airport_id` int(11) DEFAULT NULL,
  PRIMARY KEY (`user_id`),
  KEY `fk_airport_id` (`airport_id`),
  CONSTRAINT `fk_airport_id` FOREIGN KEY (`airport_id`) REFERENCES `airports` (`id`),
  CONSTRAINT `fk_usersEmployees_id` FOREIGN KEY (`user_id`) REFERENCES `user` (`id`)
) ENGINE=InnoDB DEFAULT CHARSET=latin1 COLLATE=latin1_swedish_ci;
/*!40101 SET character_set_client = @saved_cs_client */;

--
-- Dumping data for table `employees`
--

LOCK TABLES `employees` WRITE;
/*!40000 ALTER TABLE `employees` DISABLE KEYS */;
INSERT INTO `employees` VALUES
(8,2483.00,5),
(9,1787.00,21),
(10,2190.00,8),
(11,2367.00,25),
(12,2168.00,17),
(13,1707.00,9),
(14,2287.00,7),
(15,1319.00,6),
(16,1823.00,15),
(18,1026.00,21),
(19,1341.00,10),
(20,1910.00,21),
(21,2240.00,10),
(22,1842.00,21),
(23,1848.00,24),
(24,1606.00,13),
(25,1743.00,12),
(26,993.00,18),
(27,1615.00,10),
(28,1756.00,14),
(29,2238.00,13),
(30,1144.00,25),
(31,2146.00,14),
(32,987.00,25),
(33,2311.00,23),
(34,2359.00,5),
(35,1964.00,16),
(36,2463.00,22),
(37,2228.00,9),
(38,2468.00,8),
(39,1902.00,19),
(40,2318.00,14),
(41,1841.00,7),
(42,1038.00,17),
(43,1503.00,17),
(44,1737.00,25),
(45,916.00,6),
(46,1331.00,14),
(47,2021.00,12),
(48,1488.00,10),
(49,2313.00,14),
(50,1436.00,24),
(51,1996.00,14),
(52,1746.00,20),
(53,2293.00,12),
(54,1543.00,12),
(55,1380.00,19),
(56,2256.00,23),
(57,1763.00,10),
(58,1355.00,16),
(59,2069.00,5),
(60,1323.00,22),
(61,1653.00,22),
(62,1799.00,17),
(63,1573.00,25),
(64,1904.00,19),
(65,2134.00,9),
(66,1278.00,22),
(67,1378.00,13),
(68,1770.00,21),
(69,2194.00,21),
(70,873.00,14),
(71,1675.00,16),
(72,1256.00,5),
(73,2423.00,23),
(74,1455.00,24),
(75,2046.00,11),
(76,826.00,24),
(77,2386.00,24),
(78,1425.00,23),
(79,836.00,8),
(80,1420.00,25),
(81,1043.00,11),
(82,2242.00,16),
(83,2225.00,21),
(84,1575.00,11),
(85,2251.00,28),
(86,2204.00,15),
(87,2030.00,5),
(88,2135.00,12);
/*!40000 ALTER TABLE `employees` ENABLE KEYS */;
UNLOCK TABLES;

--
-- Table structure for table `flights`
--

DROP TABLE IF EXISTS `flights`;
/*!40101 SET @saved_cs_client     = @@character_set_client */;
/*!40101 SET character_set_client = utf8 */;
CREATE TABLE `flights` (
  `id` int(11) NOT NULL AUTO_INCREMENT,
  `departureDate` datetime NOT NULL,
  `duration` time NOT NULL,
  `airplane_id` int(11) NOT NULL,
  `airportDeparture_id` int(11) NOT NULL,
  `airportArrival_id` int(11) NOT NULL,
  `status` enum('Available','Unavailable','Complete','Canceled') DEFAULT NULL,
  PRIMARY KEY (`id`),
  KEY `fk_airplane_id` (`airplane_id`),
  KEY `fk_airportDeparture_id` (`airportDeparture_id`),
  KEY `fk_airportArrival_id` (`airportArrival_id`),
  CONSTRAINT `fk_airplane_id` FOREIGN KEY (`airplane_id`) REFERENCES `airplanes` (`id`),
  CONSTRAINT `fk_airportArrival_id` FOREIGN KEY (`airportArrival_id`) REFERENCES `airports` (`id`),
  CONSTRAINT `fk_airportDeparture_id` FOREIGN KEY (`airportDeparture_id`) REFERENCES `airports` (`id`)
) ENGINE=InnoDB AUTO_INCREMENT=1302 DEFAULT CHARSET=latin1 COLLATE=latin1_swedish_ci;
/*!40101 SET character_set_client = @saved_cs_client */;

--
-- Dumping data for table `flights`
--

LOCK TABLES `flights` WRITE;
/*!40000 ALTER TABLE `flights` DISABLE KEYS */;
INSERT INTO `flights` VALUES
(2,'2023-01-23 13:24:38','00:50:00',8,25,13,'Available'),
(3,'2023-01-22 03:57:03','08:36:43',7,17,23,'Available'),
(4,'2023-01-28 05:19:00','00:13:48',6,16,25,'Available'),
(5,'2023-01-30 05:51:22','10:57:10',15,12,13,'Available'),
(6,'2023-01-24 18:26:23','11:21:48',15,29,16,'Available'),
(7,'2023-01-28 11:19:24','10:18:09',28,20,30,'Available'),
(8,'2023-01-14 08:15:17','11:20:56',6,7,28,'Available'),
(9,'2023-01-13 15:26:36','12:42:04',23,23,16,'Available'),
(10,'2023-01-26 08:55:26','06:47:32',26,11,5,'Available'),
(11,'2023-01-11 23:20:27','10:51:03',12,8,14,'Available'),
(12,'2023-01-26 03:16:08','06:26:59',21,22,22,'Available'),
(13,'2023-01-08 15:07:24','02:35:38',4,27,13,'Available'),
(14,'2023-01-15 00:27:14','00:45:34',11,17,29,'Available'),
(15,'2023-01-24 23:10:25','10:27:18',19,5,17,'Available'),
(16,'2023-01-11 17:39:44','10:11:00',17,17,20,'Available'),
(17,'2023-01-23 15:39:13','03:16:49',23,20,9,'Available'),
(18,'2023-01-12 03:13:51','09:56:00',11,18,27,'Available'),
(19,'2023-01-27 19:22:49','05:10:45',16,13,16,'Available'),
(20,'2023-01-13 18:27:07','06:53:45',8,15,5,'Available'),
(21,'2023-01-08 22:13:09','11:22:24',16,26,15,'Available'),
(22,'2023-01-10 23:17:23','04:37:51',28,21,20,'Available'),
(23,'2023-01-29 07:18:50','04:56:10',22,25,14,'Available'),
(24,'2023-01-22 16:36:06','06:12:23',12,29,30,'Available'),
(25,'2023-01-26 17:14:00','09:03:35',18,11,7,'Available'),
(26,'2023-01-10 16:58:49','02:15:47',24,18,18,'Available'),
(27,'2023-01-19 08:56:03','11:53:40',14,7,13,'Available'),
(28,'2023-01-09 12:27:18','03:05:13',9,12,28,'Available'),
(29,'2023-01-08 12:48:19','04:16:16',24,7,7,'Available'),
(30,'2023-01-24 15:17:13','07:10:30',30,18,17,'Available'),
(31,'2023-01-21 21:14:38','04:59:32',16,30,7,'Available'),
(32,'2023-01-30 08:09:43','00:05:36',31,11,15,'Available'),
(33,'2023-01-26 17:30:08','03:28:37',6,20,25,'Available'),
(34,'2023-01-13 11:21:43','09:19:23',12,21,11,'Available'),
(35,'2023-01-11 12:46:15','03:56:49',4,26,18,'Available'),
(36,'2023-01-12 09:09:50','05:20:01',10,17,7,'Available'),
(37,'2023-01-07 20:08:11','10:05:43',12,21,29,'Available'),
(38,'2023-01-09 16:57:02','03:31:52',7,27,24,'Available'),
(39,'2023-01-18 05:04:32','10:00:51',25,25,14,'Available'),
(40,'2023-01-25 19:59:16','03:11:54',30,11,8,'Available'),
(41,'2023-01-09 08:42:20','11:09:30',5,20,27,'Available'),
(42,'2023-01-24 14:53:44','10:36:33',3,13,9,'Available'),
(43,'2023-01-29 15:55:58','12:21:57',25,12,22,'Available'),
(44,'2023-01-13 20:34:10','06:00:21',27,17,20,'Available'),
(45,'2023-01-15 02:30:18','03:28:26',28,10,9,'Available'),
(46,'2023-01-13 01:29:57','04:14:12',31,24,18,'Available'),
(47,'2023-01-08 22:43:24','08:02:52',3,25,20,'Available'),
(48,'2023-01-16 17:19:21','09:30:21',23,5,28,'Available'),
(49,'2023-01-26 04:50:46','03:29:35',30,6,16,'Available'),
(50,'2023-01-23 03:16:16','04:06:01',5,22,17,'Available'),
(51,'2023-01-07 22:28:24','02:31:11',8,13,7,'Available'),
(52,'2023-01-17 01:51:45','09:36:29',19,28,17,'Available'),
(53,'2023-01-23 20:39:55','10:24:00',32,17,29,'Available'),
(54,'2023-01-19 05:53:46','07:04:14',3,8,18,'Available'),
(55,'2023-01-11 09:55:13','07:36:12',12,20,9,'Available'),
(56,'2023-01-30 14:33:19','08:13:08',15,29,9,'Available'),
(57,'2023-01-11 11:19:57','01:34:33',21,13,19,'Available'),
(58,'2023-01-22 00:21:57','08:49:41',16,29,15,'Available'),
(59,'2023-01-10 16:26:23','04:17:26',31,17,9,'Available'),
(60,'2023-01-17 09:27:20','06:01:43',7,27,28,'Available'),
(61,'2023-01-18 08:47:19','02:54:59',27,24,12,'Available'),
(62,'2023-01-20 09:56:42','05:57:35',27,16,12,'Available'),
(63,'2023-01-15 18:15:04','11:04:49',6,14,6,'Available'),
(64,'2023-01-10 04:15:29','07:34:05',30,30,29,'Available'),
(65,'2023-01-11 20:01:24','01:04:12',11,12,18,'Available'),
(66,'2023-01-14 18:45:57','10:11:21',9,27,26,'Available'),
(67,'2023-01-23 16:37:18','05:35:03',17,6,24,'Available'),
(68,'2023-01-28 06:50:52','02:53:10',22,16,21,'Available'),
(69,'2023-01-20 14:06:22','01:03:40',17,23,26,'Available'),
(70,'2023-01-28 03:29:14','00:13:38',9,14,5,'Available'),
(71,'2023-01-29 15:04:38','10:43:43',4,26,21,'Available'),
(72,'2023-01-12 08:36:06','10:45:12',20,25,11,'Available'),
(73,'2023-01-19 00:45:49','06:29:51',20,24,22,'Available'),
(74,'2023-01-17 04:50:19','04:12:05',24,26,19,'Available'),
(75,'2023-01-30 19:44:12','06:28:32',9,6,22,'Available'),
(76,'2023-01-08 06:35:20','10:43:07',26,29,26,'Available'),
(77,'2023-01-23 22:59:47','09:04:04',22,18,16,'Available'),
(78,'2023-01-12 17:05:14','04:51:14',22,26,17,'Available'),
(79,'2023-01-15 16:30:59','02:32:27',10,17,29,'Available'),
(80,'2023-01-16 03:44:19','11:14:29',14,26,17,'Available'),
(81,'2023-01-13 02:18:36','08:49:10',30,10,27,'Available'),
(82,'2023-01-17 01:28:58','11:45:07',7,8,24,'Available'),
(83,'2023-01-07 06:35:36','08:09:49',21,7,26,'Available'),
(84,'2023-01-26 16:42:56','12:41:07',26,21,23,'Available'),
(85,'2023-01-13 22:36:31','05:34:06',13,24,5,'Available'),
(86,'2023-01-24 18:20:30','00:53:02',20,11,16,'Available'),
(87,'2023-01-15 09:52:14','06:26:27',9,28,16,'Available'),
(88,'2023-01-21 14:43:08','01:34:59',13,17,23,'Available'),
(89,'2023-01-11 17:26:28','02:25:12',27,6,15,'Available'),
(90,'2023-01-14 23:55:06','07:20:21',32,23,17,'Available'),
(91,'2023-01-09 18:17:12','09:53:56',21,25,12,'Available'),
(92,'2023-01-23 14:01:47','04:11:52',22,7,27,'Available'),
(93,'2023-01-11 15:35:25','07:10:03',9,6,24,'Available'),
(94,'2023-01-09 18:07:52','10:15:20',23,6,14,'Available'),
(95,'2023-01-07 08:49:58','10:50:46',27,24,14,'Available'),
(96,'2023-01-22 11:25:06','07:47:56',25,25,25,'Available'),
(97,'2023-01-25 17:58:42','06:23:05',31,27,28,'Available'),
(98,'2023-01-21 02:48:52','04:52:43',3,6,27,'Available'),
(99,'2023-01-27 23:44:59','11:59:51',24,9,18,'Available'),
(100,'2023-01-17 17:35:47','12:27:53',23,27,14,'Available'),
(101,'2023-01-12 20:53:35','07:50:39',22,22,29,'Available'),
(102,'2023-02-11 10:20:13','02:18:41',24,8,26,'Available'),
(103,'2023-02-05 02:26:49','02:42:01',13,8,12,'Available'),
(104,'2023-02-27 19:40:57','06:22:59',4,24,18,'Available'),
(105,'2023-02-05 06:49:56','01:14:55',18,25,27,'Available'),
(106,'2023-02-21 11:44:41','06:23:49',15,30,9,'Available'),
(107,'2023-02-24 17:15:28','11:19:52',13,9,11,'Available'),
(108,'2023-02-09 03:26:26','01:48:59',22,23,19,'Available'),
(109,'2023-02-12 18:10:28','04:27:07',11,6,24,'Available'),
(110,'2023-02-06 22:34:19','02:18:19',15,25,18,'Available'),
(111,'2023-02-11 08:50:16','07:18:45',32,26,13,'Available'),
(112,'2023-02-06 04:16:21','06:31:16',25,22,7,'Available'),
(113,'2023-02-14 09:23:19','10:20:01',31,8,21,'Available'),
(114,'2023-02-13 00:03:54','05:37:25',32,30,13,'Available'),
(115,'2023-02-06 04:28:49','07:56:55',26,15,29,'Available'),
(116,'2023-02-14 01:51:16','03:50:12',31,6,21,'Available'),
(117,'2023-02-21 03:41:23','10:01:15',11,30,7,'Available'),
(118,'2023-02-18 15:33:05','03:37:20',8,10,19,'Available'),
(119,'2023-02-27 09:46:00','00:34:38',6,8,24,'Available'),
(120,'2023-02-27 15:25:45','12:30:37',7,17,20,'Available'),
(121,'2023-02-22 19:18:17','06:10:14',17,29,27,'Available'),
(122,'2023-02-13 23:32:48','08:12:31',17,12,9,'Available'),
(123,'2023-02-04 16:57:23','10:50:58',8,17,21,'Available'),
(124,'2023-02-22 14:59:26','09:06:44',8,8,21,'Available'),
(125,'2023-02-22 22:26:56','07:17:54',15,17,6,'Available'),
(126,'2023-02-11 03:21:03','02:53:02',6,26,21,'Available'),
(127,'2023-02-01 14:24:40','06:06:36',9,10,23,'Available'),
(128,'2023-02-02 02:11:28','00:07:26',8,14,16,'Available'),
(129,'2023-02-26 09:15:02','09:57:28',11,22,18,'Available'),
(130,'2023-02-12 23:07:28','02:24:42',8,29,14,'Available'),
(131,'2023-02-14 11:31:26','05:05:57',31,29,22,'Available'),
(132,'2023-02-13 05:29:03','08:43:35',23,27,14,'Available'),
(133,'2023-02-22 11:23:29','04:04:47',20,24,21,'Available'),
(134,'2023-02-11 20:22:42','08:31:16',6,9,17,'Available'),
(135,'2023-02-06 06:38:05','05:17:18',18,28,19,'Available'),
(136,'2023-02-11 15:23:59','00:51:22',10,18,11,'Available'),
(137,'2023-02-19 19:51:26','04:49:25',7,19,5,'Available'),
(138,'2023-02-12 00:47:30','09:37:27',18,29,25,'Available'),
(139,'2023-02-12 07:25:49','00:21:23',30,22,11,'Available'),
(140,'2023-02-07 11:08:46','03:55:21',23,11,18,'Available'),
(141,'2023-02-09 09:09:11','12:01:53',20,13,20,'Available'),
(142,'2023-02-14 20:28:58','09:59:50',23,13,5,'Available'),
(143,'2023-02-27 16:02:53','02:14:06',17,29,10,'Available'),
(144,'2023-02-02 12:21:09','03:53:42',13,6,21,'Available'),
(145,'2023-02-11 15:23:23','04:23:47',24,12,29,'Available'),
(146,'2023-02-08 10:54:57','10:40:28',12,29,25,'Available'),
(147,'2023-02-04 07:30:08','09:27:44',20,20,19,'Available'),
(148,'2023-02-08 19:12:47','04:45:33',13,7,10,'Available'),
(149,'2023-02-10 23:26:08','04:26:41',19,24,19,'Available'),
(150,'2023-02-18 17:41:02','04:02:21',32,13,5,'Available'),
(151,'2023-02-22 15:32:38','10:36:24',8,22,23,'Available'),
(152,'2023-02-14 16:29:19','00:01:01',7,10,26,'Available'),
(153,'2023-02-23 01:35:18','01:53:21',26,21,30,'Available'),
(154,'2023-02-06 08:18:35','08:22:54',19,20,5,'Available'),
(155,'2023-02-20 17:23:17','02:25:40',18,24,10,'Available'),
(156,'2023-02-04 08:34:52','03:32:18',32,11,15,'Available'),
(157,'2023-02-12 10:26:18','10:59:51',24,8,26,'Available'),
(158,'2023-02-12 22:57:01','10:21:14',28,15,26,'Available'),
(159,'2023-02-07 02:48:41','11:13:10',10,14,14,'Available'),
(160,'2023-02-03 02:45:36','03:06:44',32,26,25,'Available'),
(161,'2023-02-09 18:51:00','03:26:43',17,16,29,'Available'),
(162,'2023-02-17 10:02:10','03:47:49',4,14,22,'Available'),
(163,'2023-02-08 14:01:55','01:37:13',31,6,25,'Available'),
(164,'2023-02-18 03:35:53','01:52:28',4,21,29,'Available'),
(165,'2023-02-25 13:36:59','00:39:49',20,21,25,'Available'),
(166,'2023-02-07 08:52:46','09:11:21',4,10,7,'Available'),
(167,'2023-02-08 09:23:29','05:35:09',6,9,13,'Available'),
(168,'2023-02-08 11:20:34','08:29:56',6,26,16,'Available'),
(169,'2023-02-07 10:02:32','07:38:48',17,13,11,'Available'),
(170,'2023-02-05 23:00:37','01:35:18',21,11,5,'Available'),
(171,'2023-02-03 08:43:40','08:14:11',25,17,20,'Available'),
(172,'2023-02-18 10:19:55','11:54:56',30,8,28,'Available'),
(173,'2023-02-07 04:54:09','07:18:53',4,30,27,'Available'),
(174,'2023-02-12 02:13:01','09:49:44',20,10,22,'Available'),
(175,'2023-02-23 06:03:36','04:28:52',26,29,7,'Available'),
(176,'2023-02-13 03:43:21','07:17:59',23,11,5,'Available'),
(177,'2023-02-11 18:00:44','04:34:30',4,27,10,'Available'),
(178,'2023-02-09 23:45:12','10:53:44',20,10,21,'Available'),
(179,'2023-02-05 23:06:28','09:36:25',4,22,17,'Available'),
(180,'2023-02-18 06:17:46','00:43:44',30,7,20,'Available'),
(181,'2023-02-23 03:06:24','10:41:30',26,12,20,'Available'),
(182,'2023-02-19 16:24:20','05:53:40',10,14,6,'Available'),
(183,'2023-02-05 06:19:10','11:46:42',21,14,27,'Available'),
(184,'2023-02-26 09:03:38','01:36:03',6,14,16,'Available'),
(185,'2023-02-01 12:56:08','09:53:55',20,6,28,'Available'),
(186,'2023-02-20 00:20:57','04:56:26',22,6,22,'Available'),
(187,'2023-02-05 21:28:00','06:31:15',5,25,19,'Available'),
(188,'2023-02-17 07:27:01','01:19:49',20,13,9,'Available'),
(189,'2023-02-14 19:07:30','05:09:18',30,21,22,'Available'),
(190,'2023-02-22 06:06:10','00:49:04',7,20,15,'Available'),
(191,'2023-02-22 03:43:16','06:58:36',8,21,29,'Available'),
(192,'2023-02-12 20:10:59','06:46:16',9,17,11,'Available'),
(193,'2023-02-22 13:28:24','04:07:57',13,8,16,'Available'),
(194,'2023-02-06 09:55:56','03:34:53',31,28,18,'Available'),
(195,'2023-02-08 14:17:02','03:16:34',9,10,9,'Available'),
(196,'2023-02-25 20:39:27','05:46:53',3,24,21,'Available'),
(197,'2023-02-24 11:02:02','03:40:57',3,7,26,'Available'),
(198,'2023-02-11 13:46:57','03:39:35',5,8,8,'Available'),
(199,'2023-02-09 07:40:43','04:29:15',5,16,12,'Available'),
(200,'2023-02-15 01:27:15','07:14:02',6,19,6,'Available'),
(201,'2023-02-23 16:38:30','12:46:59',29,14,24,'Available'),
(202,'2023-03-18 04:33:47','07:19:14',28,12,6,'Available'),
(203,'2023-03-28 03:53:22','05:10:14',17,24,15,'Available'),
(204,'2023-03-17 13:26:29','01:10:38',12,26,20,'Available'),
(205,'2023-03-29 18:29:56','11:04:55',10,8,22,'Available'),
(206,'2023-03-29 22:04:03','01:30:26',7,27,10,'Available'),
(207,'2023-03-08 08:47:45','04:31:21',22,22,22,'Available'),
(208,'2023-03-08 08:36:10','04:27:50',8,21,8,'Available'),
(209,'2023-03-05 23:00:25','07:11:10',30,6,12,'Available'),
(210,'2023-03-15 18:10:50','03:28:39',30,15,5,'Available'),
(211,'2023-03-03 03:06:20','00:22:50',13,13,28,'Available'),
(212,'2023-03-24 10:47:27','11:09:39',10,26,21,'Available'),
(213,'2023-03-20 01:12:43','06:47:30',26,6,17,'Available'),
(214,'2023-03-10 20:04:06','05:55:28',32,6,29,'Available'),
(215,'2023-03-22 09:39:14','05:52:21',25,19,30,'Available'),
(216,'2023-03-06 00:00:36','07:16:55',29,23,9,'Available'),
(217,'2023-03-11 10:33:33','08:49:27',28,9,29,'Available'),
(218,'2023-03-08 22:13:28','02:32:45',19,10,17,'Available'),
(219,'2023-03-11 07:14:57','10:46:41',16,14,29,'Available'),
(220,'2023-03-25 16:42:45','07:47:22',11,21,10,'Available'),
(221,'2023-03-29 04:11:12','08:08:07',21,21,16,'Available'),
(222,'2023-03-11 06:09:32','00:02:39',26,7,27,'Available'),
(223,'2023-03-21 09:07:36','11:33:29',23,20,28,'Available'),
(224,'2023-03-22 09:02:11','02:02:38',13,11,11,'Available'),
(225,'2023-03-02 04:34:33','00:56:45',20,23,5,'Available'),
(226,'2023-03-05 17:00:09','05:26:48',18,28,21,'Available'),
(227,'2023-03-17 02:06:24','07:09:16',29,27,22,'Available'),
(228,'2023-03-27 20:14:40','12:01:09',8,26,13,'Available'),
(229,'2023-03-24 16:21:58','01:26:39',23,26,27,'Available'),
(230,'2023-03-20 11:04:34','05:50:19',28,5,28,'Available'),
(231,'2023-03-23 03:05:25','12:07:18',20,13,27,'Available'),
(232,'2023-03-01 21:36:52','11:48:27',17,5,6,'Available'),
(233,'2023-03-13 11:46:38','06:25:06',30,20,26,'Available'),
(234,'2023-03-17 15:57:30','06:05:50',11,23,17,'Available'),
(235,'2023-03-16 06:59:51','05:16:26',9,7,6,'Available'),
(236,'2023-03-28 09:02:19','12:35:42',28,28,18,'Available'),
(237,'2023-03-28 15:42:19','01:37:47',19,12,8,'Available'),
(238,'2023-03-12 13:52:36','07:33:48',18,28,11,'Available'),
(239,'2023-03-15 00:31:34','05:12:38',9,30,6,'Available'),
(240,'2023-03-16 06:18:18','05:37:04',18,10,23,'Available'),
(241,'2023-03-22 04:56:21','05:43:30',10,21,6,'Available'),
(242,'2023-03-11 11:07:54','04:32:00',26,18,23,'Available'),
(243,'2023-03-23 04:38:46','11:57:29',24,21,22,'Available'),
(244,'2023-03-17 07:05:51','07:40:41',18,12,14,'Available'),
(245,'2023-03-30 09:22:56','09:08:34',13,5,27,'Available'),
(246,'2023-03-05 16:19:56','03:58:42',13,16,25,'Available'),
(247,'2023-03-23 16:18:23','01:55:05',26,5,6,'Available'),
(248,'2023-03-25 02:51:17','10:32:44',21,21,8,'Available'),
(249,'2023-03-01 21:47:39','06:08:30',13,9,20,'Available'),
(250,'2023-03-02 05:55:05','05:56:14',11,5,8,'Available'),
(251,'2023-03-29 12:00:39','11:53:55',8,9,23,'Available'),
(252,'2023-03-20 01:52:50','11:31:04',4,18,10,'Available'),
(253,'2023-03-03 02:15:26','00:33:07',26,23,22,'Available'),
(254,'2023-03-13 17:30:39','04:18:08',13,9,14,'Available'),
(255,'2023-03-14 11:13:42','12:50:45',18,16,19,'Available'),
(256,'2023-03-09 12:15:45','00:52:27',13,30,10,'Available'),
(257,'2023-03-07 00:08:50','00:19:37',28,10,20,'Available'),
(258,'2023-03-08 09:15:26','06:12:14',9,21,28,'Available'),
(259,'2023-03-24 10:29:29','12:08:11',25,8,19,'Available'),
(260,'2023-03-18 12:42:20','07:53:52',20,20,23,'Available'),
(261,'2023-03-10 04:49:22','03:04:58',7,10,12,'Available'),
(262,'2023-03-20 01:52:24','05:47:15',5,6,29,'Available'),
(263,'2023-03-07 11:50:33','08:13:44',13,16,6,'Available'),
(264,'2023-03-04 01:12:21','00:25:49',3,17,17,'Available'),
(265,'2023-03-10 05:46:56','07:23:09',12,11,17,'Available'),
(266,'2023-03-21 07:18:19','12:17:27',27,10,23,'Available'),
(267,'2023-03-28 07:28:12','03:31:57',7,7,18,'Available'),
(268,'2023-03-09 02:26:22','03:23:26',5,27,27,'Available'),
(269,'2023-03-23 03:23:12','00:31:15',27,5,6,'Available'),
(270,'2023-03-15 14:53:38','05:54:25',3,29,12,'Available'),
(271,'2023-03-11 10:41:37','06:11:18',16,12,12,'Available'),
(272,'2023-03-02 05:37:03','05:33:03',13,30,30,'Available'),
(273,'2023-03-12 21:44:19','09:58:25',10,13,11,'Available'),
(274,'2023-03-26 15:09:04','12:08:34',27,8,9,'Available'),
(275,'2023-03-18 09:21:00','06:58:20',28,20,7,'Available'),
(276,'2023-03-14 22:03:34','04:17:01',20,7,29,'Available'),
(277,'2023-03-11 21:28:42','10:16:52',4,23,18,'Available'),
(278,'2023-03-08 22:56:37','06:38:00',8,25,18,'Available'),
(279,'2023-03-22 03:44:13','06:27:55',28,27,12,'Available'),
(280,'2023-03-13 06:41:24','08:29:08',13,26,14,'Available'),
(281,'2023-03-14 06:09:00','11:14:38',14,24,27,'Available'),
(282,'2023-03-13 13:53:41','08:49:23',16,12,18,'Available'),
(283,'2023-03-26 18:04:26','00:28:25',26,15,24,'Available'),
(284,'2023-03-28 07:58:02','02:12:00',26,26,20,'Available'),
(285,'2023-03-24 00:28:42','11:17:50',31,25,11,'Available'),
(286,'2023-03-17 17:13:03','02:45:06',19,6,11,'Available'),
(287,'2023-03-08 17:08:39','00:46:00',23,26,15,'Available'),
(288,'2023-03-18 21:10:13','04:03:25',6,16,28,'Available'),
(289,'2023-03-17 15:43:24','07:03:25',31,28,8,'Available'),
(290,'2023-03-02 00:41:54','02:49:52',11,23,11,'Available'),
(291,'2023-03-11 14:54:13','02:29:03',16,5,30,'Available'),
(292,'2023-03-17 01:31:40','03:35:01',8,20,28,'Available'),
(293,'2023-03-22 17:26:47','02:07:04',23,23,17,'Available'),
(294,'2023-03-29 22:30:00','03:44:25',21,29,29,'Available'),
(295,'2023-03-09 12:27:47','09:08:07',22,17,24,'Available'),
(296,'2023-03-10 23:28:20','02:44:21',8,24,22,'Available'),
(297,'2023-03-13 18:15:26','05:08:03',25,8,27,'Available'),
(298,'2023-03-13 19:52:58','07:55:40',27,26,28,'Available'),
(299,'2023-03-13 19:29:37','02:47:57',23,26,25,'Available'),
(300,'2023-03-23 10:24:52','07:31:59',10,13,17,'Available'),
(301,'2023-03-23 01:00:25','00:59:04',29,10,28,'Available'),
(302,'2023-04-13 04:50:27','12:31:30',12,23,11,'Available'),
(303,'2023-04-10 02:35:14','09:56:37',25,12,21,'Available'),
(304,'2023-04-01 20:18:41','00:23:58',30,24,9,'Available'),
(305,'2023-04-06 03:17:41','06:24:52',14,20,27,'Available'),
(306,'2023-04-09 18:42:54','06:52:37',28,21,29,'Available'),
(307,'2023-04-04 20:34:46','11:23:01',30,23,23,'Available'),
(308,'2023-04-04 08:20:43','08:40:48',21,22,5,'Available'),
(309,'2023-04-16 08:11:47','06:47:11',16,27,9,'Available'),
(310,'2023-04-10 17:01:02','04:26:36',8,22,15,'Available'),
(311,'2023-04-01 19:54:42','08:39:14',24,13,29,'Available'),
(312,'2023-04-29 14:37:32','11:59:13',28,10,25,'Available'),
(313,'2023-04-02 00:38:44','00:14:06',26,26,30,'Available'),
(314,'2023-04-05 07:45:18','05:01:40',19,25,22,'Available'),
(315,'2023-04-27 07:03:00','03:31:37',24,6,23,'Available'),
(316,'2023-04-27 09:38:26','05:58:47',20,6,25,'Available'),
(317,'2023-04-02 19:09:51','00:28:33',31,19,13,'Available'),
(318,'2023-04-06 22:40:11','10:02:10',22,20,26,'Available'),
(319,'2023-04-20 11:04:17','12:10:47',5,17,8,'Available'),
(320,'2023-04-10 12:19:36','06:03:32',23,25,25,'Available'),
(321,'2023-04-01 10:27:48','08:50:30',4,21,28,'Available'),
(322,'2023-04-13 19:29:22','08:24:06',13,22,12,'Available'),
(323,'2023-04-05 05:51:43','06:07:43',8,13,14,'Available'),
(324,'2023-04-29 07:04:35','09:07:01',23,7,25,'Available'),
(325,'2023-04-16 07:59:21','02:02:13',31,8,27,'Available'),
(326,'2023-04-16 15:02:37','12:44:09',29,20,18,'Available'),
(327,'2023-04-09 15:04:13','01:19:02',22,22,27,'Available'),
(328,'2023-04-18 23:44:50','09:07:51',25,24,14,'Available'),
(329,'2023-04-10 18:23:20','04:46:16',3,14,7,'Available'),
(330,'2023-04-07 06:04:30','02:24:32',12,29,17,'Available'),
(331,'2023-04-18 16:20:32','12:18:22',16,28,9,'Available'),
(332,'2023-04-14 15:28:17','01:43:58',3,14,11,'Available'),
(333,'2023-04-06 04:02:22','01:56:10',15,15,28,'Available'),
(334,'2023-04-19 18:34:12','12:58:48',11,6,26,'Available'),
(335,'2023-04-05 11:22:17','09:12:11',24,10,14,'Available'),
(336,'2023-04-02 09:48:06','03:36:01',15,27,8,'Available'),
(337,'2023-04-14 11:13:05','03:02:16',25,6,7,'Available'),
(338,'2023-04-29 03:34:09','08:54:58',17,30,12,'Available'),
(339,'2023-04-26 01:03:05','10:35:28',23,17,16,'Available'),
(340,'2023-04-07 02:08:49','08:51:09',31,27,10,'Available'),
(341,'2023-04-29 06:38:01','06:08:37',17,15,27,'Available'),
(342,'2023-04-22 00:53:41','02:38:18',16,16,9,'Available'),
(343,'2023-04-18 16:39:27','11:14:33',8,29,10,'Available'),
(344,'2023-04-10 00:19:51','01:39:35',23,16,7,'Available'),
(345,'2023-04-18 01:59:16','08:52:36',28,18,22,'Available'),
(346,'2023-04-25 14:33:58','06:48:45',22,13,21,'Available'),
(347,'2023-04-23 18:08:02','11:36:04',15,28,30,'Available'),
(348,'2023-04-08 07:45:07','07:21:09',22,8,12,'Available'),
(349,'2023-04-18 14:05:06','03:14:25',20,5,23,'Available'),
(350,'2023-04-25 20:42:38','03:36:13',4,26,25,'Available'),
(351,'2023-04-17 20:45:36','11:41:50',29,9,27,'Available'),
(352,'2023-04-11 08:26:49','10:38:47',11,18,15,'Available'),
(353,'2023-04-14 02:38:51','02:26:58',29,6,30,'Available'),
(354,'2023-04-26 04:55:57','02:57:32',4,8,30,'Available'),
(355,'2023-04-11 20:57:41','07:50:15',19,14,6,'Available'),
(356,'2023-04-09 08:42:15','05:18:06',19,27,10,'Available'),
(357,'2023-04-09 19:29:25','01:54:04',13,17,22,'Available'),
(358,'2023-04-02 23:23:20','08:08:39',24,26,20,'Available'),
(359,'2023-04-04 19:57:34','06:17:42',6,12,19,'Available'),
(360,'2023-04-18 00:40:08','04:22:32',13,5,25,'Available'),
(361,'2023-04-22 22:34:18','06:10:18',12,14,26,'Available'),
(362,'2023-04-18 16:46:56','04:01:07',31,23,16,'Available'),
(363,'2023-04-04 21:08:03','01:07:02',22,12,6,'Available'),
(364,'2023-04-05 15:35:45','06:34:22',19,26,17,'Available'),
(365,'2023-04-26 18:17:33','08:17:35',32,18,26,'Available'),
(366,'2023-04-11 00:40:13','11:50:44',4,28,30,'Available'),
(367,'2023-04-25 21:16:24','02:19:08',31,12,18,'Available'),
(368,'2023-04-26 14:06:03','05:21:00',14,10,14,'Available'),
(369,'2023-04-07 09:30:28','06:13:50',8,21,12,'Available'),
(370,'2023-04-02 06:10:41','06:53:38',12,15,16,'Available'),
(371,'2023-04-25 21:27:55','03:26:35',32,23,22,'Available'),
(372,'2023-04-06 06:36:12','08:24:27',24,8,9,'Available'),
(373,'2023-04-03 00:10:02','12:53:12',5,16,24,'Available'),
(374,'2023-04-15 22:47:33','12:21:12',4,9,21,'Available'),
(375,'2023-04-25 21:05:41','12:42:35',9,14,28,'Available'),
(376,'2023-04-04 22:39:45','07:45:55',17,8,16,'Available'),
(377,'2023-04-12 19:11:00','08:09:23',25,13,10,'Available'),
(378,'2023-04-04 06:50:20','03:41:26',23,12,14,'Available'),
(379,'2023-04-09 06:21:11','11:14:05',14,12,27,'Available'),
(380,'2023-04-25 05:52:42','04:20:34',5,19,15,'Available'),
(381,'2023-04-07 00:59:52','00:00:33',21,18,17,'Available'),
(382,'2023-04-28 13:34:07','06:19:54',3,19,14,'Available'),
(383,'2023-04-29 14:49:58','01:57:17',9,10,17,'Available'),
(384,'2023-04-17 10:10:06','01:47:25',3,26,23,'Available'),
(385,'2023-04-21 01:28:33','03:53:45',8,22,17,'Available'),
(386,'2023-04-02 10:57:51','12:06:39',14,29,24,'Available'),
(387,'2023-04-22 04:53:29','02:00:19',3,8,6,'Available'),
(388,'2023-04-26 23:53:51','06:56:14',17,22,14,'Available'),
(389,'2023-04-10 09:38:47','12:17:27',25,5,18,'Available'),
(390,'2023-04-18 13:02:01','06:30:56',5,30,12,'Available'),
(391,'2023-04-26 05:20:38','00:43:52',9,12,5,'Available'),
(392,'2023-04-07 17:29:02','01:30:53',32,7,12,'Available'),
(393,'2023-04-09 05:02:55','05:31:23',28,17,5,'Available'),
(394,'2023-04-09 08:09:18','01:27:43',28,30,28,'Available'),
(395,'2023-04-11 18:05:10','03:30:18',5,10,24,'Available'),
(396,'2023-04-24 12:15:29','07:21:25',16,16,5,'Available'),
(397,'2023-04-28 07:06:23','08:10:36',13,27,23,'Available'),
(398,'2023-04-12 11:20:54','11:27:30',16,13,18,'Available'),
(399,'2023-04-27 17:09:53','09:36:31',26,11,8,'Available'),
(400,'2023-04-20 20:24:46','04:41:56',11,23,13,'Available'),
(401,'2023-04-25 00:26:47','10:02:39',32,25,19,'Available'),
(402,'2023-05-01 23:57:04','03:44:43',3,24,22,'Available'),
(403,'2023-05-04 20:05:12','12:19:02',21,19,25,'Available'),
(404,'2023-05-04 00:30:59','12:10:50',20,6,20,'Available'),
(405,'2023-05-28 06:25:12','05:12:52',10,5,16,'Available'),
(406,'2023-05-29 09:21:46','01:25:43',31,26,17,'Available'),
(407,'2023-05-29 22:22:14','09:58:03',7,26,21,'Available'),
(408,'2023-05-07 10:52:58','09:41:10',26,9,28,'Available'),
(409,'2023-05-28 18:33:05','04:35:47',26,10,19,'Available'),
(410,'2023-05-25 12:02:32','03:14:45',6,20,8,'Available'),
(411,'2023-05-08 23:32:57','07:54:07',21,5,20,'Available'),
(412,'2023-05-22 12:59:45','11:34:51',10,21,28,'Available'),
(413,'2023-05-07 05:12:55','09:15:40',18,5,13,'Available'),
(414,'2023-05-22 10:21:04','01:42:54',24,16,12,'Available'),
(415,'2023-05-19 16:50:04','01:03:44',25,13,13,'Available'),
(416,'2023-05-08 10:15:42','01:25:07',4,27,7,'Available'),
(417,'2023-05-17 11:11:50','08:26:25',9,5,10,'Available'),
(418,'2023-05-05 11:56:29','10:29:30',11,27,15,'Available'),
(419,'2023-05-27 06:34:04','03:29:43',26,9,17,'Available'),
(420,'2023-05-08 14:56:12','02:04:59',7,13,23,'Available'),
(421,'2023-05-05 04:17:09','06:19:45',16,26,9,'Available'),
(422,'2023-05-01 19:31:03','02:54:23',4,22,17,'Available'),
(423,'2023-05-04 04:32:46','11:00:29',6,27,28,'Available'),
(424,'2023-05-01 19:32:23','09:08:04',31,17,6,'Available'),
(425,'2023-05-04 18:10:26','08:42:31',32,16,30,'Available'),
(426,'2023-05-10 00:53:09','03:18:22',6,25,17,'Available'),
(427,'2023-05-22 04:30:26','08:01:59',25,6,18,'Available'),
(428,'2023-05-02 15:38:10','11:22:49',30,30,15,'Available'),
(429,'2023-05-27 17:08:18','08:41:08',17,28,29,'Available'),
(430,'2023-05-08 04:18:44','11:18:50',13,9,27,'Available'),
(431,'2023-05-20 10:35:52','09:02:11',11,30,8,'Available'),
(432,'2023-05-11 00:17:57','06:16:20',19,28,17,'Available'),
(433,'2023-05-26 15:37:18','08:34:14',14,23,21,'Available'),
(434,'2023-05-02 01:48:43','00:22:36',20,26,6,'Available'),
(435,'2023-05-19 23:52:56','12:26:24',28,27,8,'Available'),
(436,'2023-05-28 02:17:55','11:39:43',11,11,21,'Available'),
(437,'2023-05-07 03:00:58','06:25:21',8,17,24,'Available'),
(438,'2023-05-24 18:31:25','12:45:38',31,30,8,'Available'),
(439,'2023-05-19 06:01:45','03:45:44',30,10,28,'Available'),
(440,'2023-05-09 23:24:45','07:04:04',11,19,27,'Available'),
(441,'2023-05-22 14:51:49','05:53:51',31,27,28,'Available'),
(442,'2023-05-19 05:22:30','00:56:40',16,29,5,'Available'),
(443,'2023-05-12 22:35:32','11:57:39',8,14,16,'Available'),
(444,'2023-05-15 17:24:02','05:15:02',30,12,20,'Available'),
(445,'2023-05-30 13:28:39','06:20:25',8,27,13,'Available'),
(446,'2023-05-22 09:15:08','12:48:18',12,9,15,'Available'),
(447,'2023-05-27 03:16:58','06:37:41',28,20,20,'Available'),
(448,'2023-05-13 00:55:27','11:46:22',17,25,8,'Available'),
(449,'2023-05-20 08:44:16','05:36:23',20,9,18,'Available'),
(450,'2023-05-25 17:59:22','07:38:14',22,12,18,'Available'),
(451,'2023-05-26 10:27:02','08:50:14',6,19,28,'Available'),
(452,'2023-05-21 05:06:22','05:11:36',19,21,18,'Available'),
(453,'2023-05-23 04:31:14','03:27:21',4,9,17,'Available'),
(454,'2023-05-18 18:54:38','10:28:15',24,23,7,'Available'),
(455,'2023-05-27 01:25:24','01:42:25',24,21,30,'Available'),
(456,'2023-05-16 11:12:07','05:13:53',7,25,18,'Available'),
(457,'2023-05-29 14:01:59','06:38:28',25,9,17,'Available'),
(458,'2023-05-19 00:15:08','10:26:18',17,22,26,'Available'),
(459,'2023-05-05 03:25:42','08:13:03',15,12,30,'Available'),
(460,'2023-05-01 22:54:11','11:50:57',6,11,11,'Available'),
(461,'2023-05-04 13:46:26','07:45:11',5,15,29,'Available'),
(462,'2023-05-04 23:23:54','10:56:20',15,8,9,'Available'),
(463,'2023-05-18 23:37:46','12:42:43',16,5,9,'Available'),
(464,'2023-05-13 07:26:15','00:01:54',5,24,18,'Available'),
(465,'2023-05-12 22:58:09','04:11:39',31,24,24,'Available'),
(466,'2023-05-19 13:38:24','01:50:12',13,7,24,'Available'),
(467,'2023-05-27 17:57:02','02:27:05',30,25,15,'Available'),
(468,'2023-05-25 18:47:36','10:11:53',18,7,29,'Available'),
(469,'2023-05-07 22:11:54','11:05:19',6,16,23,'Available'),
(470,'2023-05-02 02:11:23','11:24:40',12,18,28,'Available'),
(471,'2023-05-24 08:30:15','11:36:36',8,14,6,'Available'),
(472,'2023-05-01 02:47:05','12:29:26',28,11,19,'Available'),
(473,'2023-05-21 23:39:03','02:49:50',28,7,9,'Available'),
(474,'2023-05-18 08:41:48','09:32:28',16,21,28,'Available'),
(475,'2023-05-17 16:05:15','09:08:38',18,6,8,'Available'),
(476,'2023-05-19 12:39:39','07:28:49',30,11,6,'Available'),
(477,'2023-05-24 13:23:27','01:42:39',23,20,11,'Available'),
(478,'2023-05-16 05:49:18','09:47:46',8,19,17,'Available'),
(479,'2023-05-22 08:40:57','12:45:09',20,12,6,'Available'),
(480,'2023-05-11 07:13:00','07:13:37',19,8,22,'Available'),
(481,'2023-05-03 08:33:08','06:02:56',28,9,17,'Available'),
(482,'2023-05-04 20:38:28','11:09:42',6,17,8,'Available'),
(483,'2023-05-05 10:38:16','00:46:52',20,23,28,'Available'),
(484,'2023-05-09 04:17:37','03:58:55',30,5,18,'Available'),
(485,'2023-05-10 09:23:46','07:43:11',19,29,13,'Available'),
(486,'2023-05-12 11:49:55','08:39:15',26,25,26,'Available'),
(487,'2023-05-22 07:54:33','10:27:51',7,7,29,'Available'),
(488,'2023-05-07 15:29:44','04:32:46',8,6,25,'Available'),
(489,'2023-05-07 10:22:19','00:28:31',22,29,7,'Available'),
(490,'2023-05-24 14:30:22','09:14:48',23,10,10,'Available'),
(491,'2023-05-19 17:36:14','10:16:12',31,5,7,'Available'),
(492,'2023-05-08 18:00:02','12:38:44',23,24,25,'Available'),
(493,'2023-05-29 17:25:40','12:02:24',18,22,24,'Available'),
(494,'2023-05-21 18:22:26','06:01:51',17,6,22,'Available'),
(495,'2023-05-09 11:34:11','01:17:40',10,19,5,'Available'),
(496,'2023-05-26 05:14:40','00:24:09',14,27,26,'Available'),
(497,'2023-05-13 12:21:05','03:34:14',24,16,23,'Available'),
(498,'2023-05-20 06:33:58','12:53:57',19,24,17,'Available'),
(499,'2023-05-19 23:19:27','10:37:55',25,7,23,'Available'),
(500,'2023-05-05 19:17:57','06:59:01',5,18,22,'Available'),
(501,'2023-05-20 21:48:22','10:59:00',12,13,12,'Available'),
(502,'2023-06-20 08:08:13','09:13:42',13,7,22,'Available'),
(503,'2023-06-16 22:25:47','04:45:46',21,28,11,'Available'),
(504,'2023-06-21 01:46:00','03:47:08',11,15,15,'Available'),
(505,'2023-06-16 13:31:15','05:45:11',30,9,18,'Available'),
(506,'2023-06-22 09:47:13','12:18:25',5,14,24,'Available'),
(507,'2023-06-15 10:10:02','05:09:02',27,16,28,'Available'),
(508,'2023-06-21 20:31:52','07:38:38',30,24,16,'Available'),
(509,'2023-06-03 03:21:50','06:10:01',29,29,13,'Available'),
(510,'2023-06-16 20:53:48','06:53:31',32,12,25,'Available'),
(511,'2023-06-01 06:52:42','03:22:41',21,22,20,'Available'),
(512,'2023-06-05 09:55:32','02:07:58',22,15,10,'Available'),
(513,'2023-06-12 18:05:46','10:29:11',24,19,6,'Available'),
(514,'2023-06-10 14:43:41','01:49:02',10,28,24,'Available'),
(515,'2023-06-24 00:55:47','05:43:20',4,13,28,'Available'),
(516,'2023-06-22 14:27:53','12:40:44',17,17,24,'Available'),
(517,'2023-06-03 23:19:19','10:23:26',29,28,19,'Available'),
(518,'2023-06-18 09:11:12','03:12:09',19,18,18,'Available'),
(519,'2023-06-18 01:46:59','08:29:22',3,12,19,'Available'),
(520,'2023-06-13 05:29:32','03:55:30',8,10,7,'Available'),
(521,'2023-06-25 22:07:38','04:55:22',4,7,26,'Available'),
(522,'2023-06-19 21:29:59','10:30:51',30,11,29,'Available'),
(523,'2023-06-18 00:29:19','11:37:15',5,26,22,'Available'),
(524,'2023-06-18 12:55:29','06:11:10',9,10,20,'Available'),
(525,'2023-06-03 18:55:47','10:37:00',29,10,10,'Available'),
(526,'2023-06-06 07:03:34','06:22:22',25,7,27,'Available'),
(527,'2023-06-20 18:02:51','11:44:54',27,8,26,'Available'),
(528,'2023-06-27 07:47:53','07:48:00',10,13,24,'Available'),
(529,'2023-06-28 17:15:47','00:23:16',26,9,24,'Available'),
(530,'2023-06-25 12:04:39','00:42:42',8,12,22,'Available'),
(531,'2023-06-17 03:43:07','12:37:12',14,11,22,'Available'),
(532,'2023-06-03 19:08:50','04:44:21',19,13,14,'Available'),
(533,'2023-06-27 18:19:23','11:54:42',26,24,30,'Available'),
(534,'2023-06-07 16:10:53','10:08:00',5,28,24,'Available'),
(535,'2023-06-10 15:50:39','01:47:30',32,13,21,'Available'),
(536,'2023-06-14 02:14:35','08:36:42',17,19,18,'Available'),
(537,'2023-06-28 18:47:32','10:56:12',9,22,11,'Available'),
(538,'2023-06-28 01:56:49','00:28:36',25,30,10,'Available'),
(539,'2023-06-17 07:17:43','00:14:11',10,15,23,'Available'),
(540,'2023-06-10 00:10:05','12:32:49',13,22,9,'Available'),
(541,'2023-06-24 15:01:03','11:40:23',7,26,19,'Available'),
(542,'2023-06-16 15:25:24','10:05:06',8,18,30,'Available'),
(543,'2023-06-01 07:56:19','00:22:07',15,6,21,'Available'),
(544,'2023-06-16 14:28:57','09:03:00',12,25,25,'Available'),
(545,'2023-06-13 23:02:27','10:50:26',23,7,28,'Available'),
(546,'2023-06-04 06:33:50','10:37:07',29,5,14,'Available'),
(547,'2023-06-02 19:36:08','00:39:25',27,6,20,'Available'),
(548,'2023-06-05 06:58:48','10:18:52',14,26,28,'Available'),
(549,'2023-06-17 02:40:16','02:10:14',21,6,23,'Available'),
(550,'2023-06-16 05:37:18','11:17:48',29,15,5,'Available'),
(551,'2023-06-04 14:17:11','00:02:07',24,20,25,'Available'),
(552,'2023-06-28 12:11:19','08:10:15',28,23,17,'Available'),
(553,'2023-06-07 12:46:42','09:13:47',22,16,15,'Available'),
(554,'2023-06-06 08:14:48','08:43:20',31,29,19,'Available'),
(555,'2023-06-15 03:54:06','11:09:48',16,27,24,'Available'),
(556,'2023-06-09 02:54:50','00:24:57',9,17,22,'Available'),
(557,'2023-06-25 15:37:33','03:50:59',32,26,21,'Available'),
(558,'2023-06-03 15:05:41','06:55:52',30,19,30,'Available'),
(559,'2023-06-29 09:57:20','06:47:21',6,12,10,'Available'),
(560,'2023-06-06 03:34:33','00:26:31',24,20,30,'Available'),
(561,'2023-06-08 10:56:18','03:15:21',28,22,18,'Available'),
(562,'2023-06-16 09:34:11','11:53:37',4,14,24,'Available'),
(563,'2023-06-04 04:42:07','00:58:40',5,15,18,'Available'),
(564,'2023-06-17 15:10:08','06:01:12',30,11,11,'Available'),
(565,'2023-06-08 16:27:41','02:45:21',9,24,23,'Available'),
(566,'2023-06-28 17:07:46','11:53:15',26,17,5,'Available'),
(567,'2023-06-01 12:17:53','08:05:51',12,30,13,'Available'),
(568,'2023-06-07 14:08:27','12:19:54',32,18,25,'Available'),
(569,'2023-06-20 17:29:11','07:24:14',4,19,28,'Available'),
(570,'2023-06-17 02:46:08','09:44:16',12,11,6,'Available'),
(571,'2023-06-08 04:09:19','11:53:33',12,12,5,'Available'),
(572,'2023-06-13 00:51:44','03:03:05',18,27,9,'Available'),
(573,'2023-06-04 09:42:46','05:52:59',26,16,12,'Available'),
(574,'2023-06-08 16:20:04','09:03:30',30,19,26,'Available'),
(575,'2023-06-05 15:04:59','02:26:06',7,11,28,'Available'),
(576,'2023-06-19 18:39:20','02:53:16',19,23,5,'Available'),
(577,'2023-06-01 00:24:07','11:38:09',16,10,19,'Available'),
(578,'2023-06-03 10:07:43','04:06:31',4,28,6,'Available'),
(579,'2023-06-28 03:11:09','09:03:40',6,20,11,'Available'),
(580,'2023-06-26 01:33:11','05:36:57',24,26,26,'Available'),
(581,'2023-06-13 16:34:13','10:54:20',17,30,16,'Available'),
(582,'2023-06-20 05:56:29','10:09:24',21,6,13,'Available'),
(583,'2023-06-24 13:32:13','08:42:41',26,20,13,'Available'),
(584,'2023-06-19 21:29:10','06:17:55',4,27,24,'Available'),
(585,'2023-06-02 23:12:16','03:54:24',27,22,19,'Available'),
(586,'2023-06-10 20:19:57','10:57:23',8,10,25,'Available'),
(587,'2023-06-29 16:06:10','07:58:25',9,15,17,'Available'),
(588,'2023-06-12 14:33:31','02:21:08',11,8,28,'Available'),
(589,'2023-06-03 21:29:42','08:32:28',29,18,7,'Available'),
(590,'2023-06-08 15:45:03','04:55:23',14,6,20,'Available'),
(591,'2023-06-02 22:10:10','07:28:28',9,17,11,'Available'),
(592,'2023-06-01 00:45:28','01:27:22',7,9,24,'Available'),
(593,'2023-06-17 18:14:19','00:11:55',14,14,18,'Available'),
(594,'2023-06-16 19:54:50','06:12:05',3,15,11,'Available'),
(595,'2023-06-27 08:26:21','09:41:00',31,13,30,'Available'),
(596,'2023-06-28 09:23:29','06:51:32',18,5,7,'Available'),
(597,'2023-06-12 09:31:49','00:34:32',32,18,22,'Available'),
(598,'2023-06-07 07:51:08','02:26:58',30,5,8,'Available'),
(599,'2023-06-27 11:47:02','07:57:13',5,20,16,'Available'),
(600,'2023-06-22 13:26:03','05:09:10',16,11,19,'Available'),
(601,'2023-06-12 10:52:54','08:04:55',28,15,5,'Available'),
(602,'2023-07-18 16:23:46','09:01:29',31,14,6,'Available'),
(603,'2023-07-09 19:34:06','00:08:34',5,30,8,'Available'),
(604,'2023-07-11 22:07:24','00:48:40',4,15,17,'Available'),
(605,'2023-07-06 18:38:35','10:27:55',4,24,21,'Available'),
(606,'2023-07-28 21:41:32','02:31:41',8,8,29,'Available'),
(607,'2023-07-29 10:17:31','10:45:00',20,28,24,'Available'),
(608,'2023-07-08 22:58:45','09:59:32',21,14,29,'Available'),
(609,'2023-07-04 19:01:29','03:45:28',19,10,20,'Available'),
(610,'2023-07-17 22:08:07','05:29:00',7,5,8,'Available'),
(611,'2023-07-30 05:15:44','11:15:34',30,21,12,'Available'),
(612,'2023-07-29 23:10:27','08:11:26',29,5,20,'Available'),
(613,'2023-07-07 22:24:24','02:00:26',28,24,28,'Available'),
(614,'2023-07-16 23:48:18','05:49:10',11,10,21,'Available'),
(615,'2023-07-24 10:40:00','12:57:36',26,10,7,'Available'),
(616,'2023-07-02 03:06:13','09:39:32',31,8,5,'Available'),
(617,'2023-07-23 18:53:06','05:41:39',19,9,24,'Available'),
(618,'2023-07-08 01:49:04','10:40:15',18,10,7,'Available'),
(619,'2023-07-04 00:46:23','09:18:03',11,7,29,'Available'),
(620,'2023-07-02 19:37:56','06:09:14',6,28,9,'Available'),
(621,'2023-07-24 10:46:50','04:31:54',31,14,7,'Available'),
(622,'2023-07-18 01:26:30','10:02:17',24,16,19,'Available'),
(623,'2023-07-16 02:56:46','02:31:08',17,26,6,'Available'),
(624,'2023-07-19 16:10:37','00:11:07',18,23,6,'Available'),
(625,'2023-07-17 21:13:58','05:51:37',19,19,30,'Available'),
(626,'2023-07-05 09:11:40','09:16:32',12,24,14,'Available'),
(627,'2023-07-24 00:30:28','11:31:18',29,8,8,'Available'),
(628,'2023-07-16 16:52:36','03:05:34',19,18,7,'Available'),
(629,'2023-07-28 05:23:03','09:31:37',18,18,7,'Available'),
(630,'2023-07-14 14:25:49','07:40:48',21,28,19,'Available'),
(631,'2023-07-24 23:28:38','12:47:00',9,13,6,'Available'),
(632,'2023-07-13 05:37:31','06:36:10',22,16,17,'Available'),
(633,'2023-07-17 23:53:16','05:46:10',30,17,14,'Available'),
(634,'2023-07-20 23:42:46','04:41:02',3,28,22,'Available'),
(635,'2023-07-13 01:33:28','00:52:35',28,22,22,'Available'),
(636,'2023-07-01 13:32:34','10:46:54',11,10,29,'Available'),
(637,'2023-07-16 03:32:52','11:43:15',26,21,9,'Available'),
(638,'2023-07-20 07:16:51','07:18:16',22,25,24,'Available'),
(639,'2023-07-22 20:23:21','04:09:20',3,15,17,'Available'),
(640,'2023-07-27 19:56:34','01:27:36',16,17,26,'Available'),
(641,'2023-07-20 16:50:14','02:09:23',20,12,30,'Available'),
(642,'2023-07-09 16:36:53','07:06:42',32,26,25,'Available'),
(643,'2023-07-14 12:54:43','02:40:49',20,9,22,'Available'),
(644,'2023-07-20 23:43:09','08:52:15',25,27,30,'Available'),
(645,'2023-07-14 15:54:09','12:27:35',4,19,26,'Available'),
(646,'2023-07-03 15:02:04','12:04:50',7,16,8,'Available'),
(647,'2023-07-08 17:57:11','07:25:04',13,6,25,'Available'),
(648,'2023-07-13 16:15:12','08:33:20',30,15,25,'Available'),
(649,'2023-07-24 13:28:21','05:57:47',18,14,28,'Available'),
(650,'2023-07-04 08:52:29','11:54:08',3,22,30,'Available'),
(651,'2023-07-13 09:54:44','04:59:51',19,22,19,'Available'),
(652,'2023-07-05 15:52:06','12:31:53',23,21,16,'Available'),
(653,'2023-07-22 21:25:53','06:40:15',16,29,15,'Available'),
(654,'2023-07-09 21:08:36','09:44:13',11,6,10,'Available'),
(655,'2023-07-02 09:17:53','06:22:51',5,25,24,'Available'),
(656,'2023-07-18 16:50:48','12:08:59',22,30,20,'Available'),
(657,'2023-07-30 07:08:15','12:13:59',3,7,12,'Available'),
(658,'2023-07-12 06:43:04','06:10:51',32,18,23,'Available'),
(659,'2023-07-07 06:08:23','12:58:07',12,15,15,'Available'),
(660,'2023-07-08 23:12:50','10:46:45',17,7,7,'Available'),
(661,'2023-07-04 09:17:16','01:12:35',15,6,23,'Available'),
(662,'2023-07-03 12:59:29','07:05:19',29,15,21,'Available'),
(663,'2023-07-08 09:50:25','04:07:44',29,25,9,'Available'),
(664,'2023-07-20 11:03:00','02:14:35',21,7,5,'Available'),
(665,'2023-07-16 14:10:27','11:56:16',25,16,24,'Available'),
(666,'2023-07-29 01:58:16','06:50:06',26,20,27,'Available'),
(667,'2023-07-21 22:34:16','04:13:46',20,20,13,'Available'),
(668,'2023-07-05 23:44:48','00:21:15',6,16,5,'Available'),
(669,'2023-07-08 00:46:48','08:08:41',25,26,17,'Available'),
(670,'2023-07-15 11:40:44','07:13:10',12,26,14,'Available'),
(671,'2023-07-04 23:26:27','02:30:04',31,18,9,'Available'),
(672,'2023-07-09 02:07:14','01:53:50',14,14,20,'Available'),
(673,'2023-07-02 02:15:31','05:42:23',12,5,16,'Available'),
(674,'2023-07-13 14:54:01','10:50:00',5,11,28,'Available'),
(675,'2023-07-26 11:29:33','09:07:48',14,5,5,'Available'),
(676,'2023-07-12 12:59:41','03:11:12',19,25,11,'Available'),
(677,'2023-07-10 00:29:06','07:19:47',31,20,5,'Available'),
(678,'2023-07-22 00:13:50','11:32:58',28,12,8,'Available'),
(679,'2023-07-12 17:36:01','06:54:31',14,29,19,'Available'),
(680,'2023-07-09 22:48:19','09:01:14',31,11,9,'Available'),
(681,'2023-07-24 03:07:40','11:37:44',8,21,23,'Available'),
(682,'2023-07-09 19:43:41','01:19:58',31,18,7,'Available'),
(683,'2023-07-09 23:28:01','00:58:24',16,14,30,'Available'),
(684,'2023-07-19 01:05:47','09:20:49',6,18,18,'Available'),
(685,'2023-07-12 20:28:38','08:31:26',23,11,9,'Available'),
(686,'2023-07-25 07:45:23','02:17:56',32,28,8,'Available'),
(687,'2023-07-06 00:18:09','05:28:28',10,15,20,'Available'),
(688,'2023-07-03 08:34:45','10:54:56',10,25,12,'Available'),
(689,'2023-07-05 07:03:03','09:39:09',9,6,27,'Available'),
(690,'2023-07-06 15:57:45','05:49:10',16,12,21,'Available'),
(691,'2023-07-13 08:06:21','11:53:35',26,17,10,'Available'),
(692,'2023-07-01 06:13:31','01:44:39',19,10,17,'Available'),
(693,'2023-07-07 10:40:22','11:03:59',11,14,13,'Available'),
(694,'2023-07-23 12:50:06','02:29:36',28,8,21,'Available'),
(695,'2023-07-08 19:25:15','09:41:54',18,11,7,'Available'),
(696,'2023-07-22 04:41:15','10:01:32',28,6,20,'Available'),
(697,'2023-07-14 02:40:36','03:48:03',4,19,15,'Available'),
(698,'2023-07-11 08:01:38','00:39:50',3,20,23,'Available'),
(699,'2023-07-03 07:17:23','01:29:43',14,12,17,'Available'),
(700,'2023-07-07 19:03:22','01:21:58',19,26,6,'Available'),
(701,'2023-07-02 10:57:33','06:11:48',18,25,20,'Available'),
(702,'2023-08-26 10:58:15','02:00:30',30,5,30,'Available'),
(703,'2023-08-26 01:37:03','11:51:05',12,14,14,'Available'),
(704,'2023-08-15 09:54:17','06:48:10',12,27,21,'Available'),
(705,'2023-08-29 03:14:22','00:13:54',3,11,15,'Available'),
(706,'2023-08-24 20:42:02','07:09:27',17,13,11,'Available'),
(707,'2023-08-22 12:44:31','08:17:18',29,15,18,'Available'),
(708,'2023-08-16 13:51:32','06:51:19',32,16,23,'Available'),
(709,'2023-08-02 11:39:33','09:15:13',21,13,12,'Available'),
(710,'2023-08-22 21:53:59','08:35:35',19,30,17,'Available'),
(711,'2023-08-01 23:33:14','03:17:25',18,11,6,'Available'),
(712,'2023-08-29 13:41:52','10:44:52',17,19,6,'Available'),
(713,'2023-08-03 17:36:21','02:51:53',9,28,10,'Available'),
(714,'2023-08-30 11:54:39','06:34:51',32,15,15,'Available'),
(715,'2023-08-07 02:40:43','11:37:59',30,23,12,'Available'),
(716,'2023-08-23 23:51:20','12:09:44',10,27,21,'Available'),
(717,'2023-08-07 05:12:28','12:10:15',18,27,6,'Available'),
(718,'2023-08-01 00:59:41','05:17:35',3,13,11,'Available'),
(719,'2023-08-10 22:28:59','06:26:25',4,7,24,'Available'),
(720,'2023-08-22 12:53:01','08:11:25',11,29,30,'Available'),
(721,'2023-08-03 07:18:57','09:13:26',32,19,19,'Available'),
(722,'2023-08-16 04:58:54','07:18:08',14,19,11,'Available'),
(723,'2023-08-04 16:40:22','01:26:41',15,15,7,'Available'),
(724,'2023-08-30 20:16:44','06:33:36',18,30,23,'Available'),
(725,'2023-08-18 17:36:29','07:35:42',30,13,19,'Available'),
(726,'2023-08-07 06:03:54','04:43:04',4,19,5,'Available'),
(727,'2023-08-14 02:18:12','07:10:57',8,12,11,'Available'),
(728,'2023-08-16 04:34:39','06:51:37',18,29,26,'Available'),
(729,'2023-08-20 20:51:36','00:39:29',16,17,21,'Available'),
(730,'2023-08-17 00:17:30','09:20:50',32,16,14,'Available'),
(731,'2023-08-27 16:44:50','04:50:30',9,10,27,'Available'),
(732,'2023-08-10 03:10:11','00:00:39',6,10,17,'Available'),
(733,'2023-08-09 17:27:45','11:30:02',28,24,14,'Available'),
(734,'2023-08-15 15:05:10','01:48:22',23,29,28,'Available'),
(735,'2023-08-06 19:23:58','10:13:49',14,21,23,'Available'),
(736,'2023-08-11 18:36:58','02:24:22',32,8,29,'Available'),
(737,'2023-08-13 11:35:54','03:32:13',25,12,10,'Available'),
(738,'2023-08-20 00:35:24','10:48:59',18,10,20,'Available'),
(739,'2023-08-07 05:47:04','00:31:47',30,17,25,'Available'),
(740,'2023-08-13 19:57:57','03:47:26',15,19,28,'Available'),
(741,'2023-08-27 15:34:21','11:53:06',25,17,14,'Available'),
(742,'2023-08-04 00:02:17','10:19:10',16,30,17,'Available'),
(743,'2023-08-27 03:33:29','07:11:43',4,6,8,'Available'),
(744,'2023-08-01 23:59:31','07:30:24',11,6,23,'Available'),
(745,'2023-08-25 19:55:04','08:58:55',20,22,15,'Available'),
(746,'2023-08-21 22:42:15','04:37:38',9,29,5,'Available'),
(747,'2023-08-08 07:10:52','12:14:36',22,25,9,'Available'),
(748,'2023-08-08 02:01:44','01:54:25',6,7,20,'Available'),
(749,'2023-08-16 22:15:51','08:43:31',18,13,20,'Available'),
(750,'2023-08-18 03:20:18','02:49:59',16,24,25,'Available'),
(751,'2023-08-30 16:43:18','07:34:46',25,23,22,'Available'),
(752,'2023-08-27 07:04:29','01:17:24',30,13,5,'Available'),
(753,'2023-08-24 01:06:40','10:07:19',4,20,13,'Available'),
(754,'2023-08-12 08:04:55','08:34:40',23,11,8,'Available'),
(755,'2023-08-14 02:35:54','10:44:49',18,13,14,'Available'),
(756,'2023-08-19 17:15:41','10:05:23',19,21,6,'Available'),
(757,'2023-08-06 01:46:31','11:47:40',22,16,8,'Available'),
(758,'2023-08-23 15:23:51','10:24:11',9,8,29,'Available'),
(759,'2023-08-28 10:27:49','07:58:09',15,14,8,'Available'),
(760,'2023-08-22 03:49:01','10:10:56',30,16,15,'Available'),
(761,'2023-08-29 03:55:09','09:52:31',12,28,8,'Available'),
(762,'2023-08-15 14:12:54','07:50:52',23,26,26,'Available'),
(763,'2023-08-15 21:05:51','09:19:53',29,20,16,'Available'),
(764,'2023-08-08 21:37:07','00:06:57',6,27,23,'Available'),
(765,'2023-08-04 23:53:07','09:28:24',15,21,24,'Available'),
(766,'2023-08-19 09:47:08','03:22:26',29,26,19,'Available'),
(767,'2023-08-13 20:54:08','10:06:11',28,19,27,'Available'),
(768,'2023-08-10 15:38:42','12:19:55',24,24,13,'Available'),
(769,'2023-08-24 16:23:59','05:09:34',23,15,13,'Available'),
(770,'2023-08-05 17:24:16','05:37:47',13,29,23,'Available'),
(771,'2023-08-18 01:38:51','02:39:32',10,27,13,'Available'),
(772,'2023-08-08 01:46:32','03:26:12',10,14,10,'Available'),
(773,'2023-08-14 16:37:41','10:52:41',18,21,7,'Available'),
(774,'2023-08-12 22:47:23','03:33:14',20,11,16,'Available'),
(775,'2023-08-12 10:43:24','11:44:19',27,6,15,'Available'),
(776,'2023-08-29 13:24:19','09:05:35',26,15,14,'Available'),
(777,'2023-08-18 09:17:11','07:22:28',26,27,24,'Available'),
(778,'2023-08-18 23:14:09','05:08:18',7,10,6,'Available'),
(779,'2023-08-24 01:39:29','01:16:42',29,22,30,'Available'),
(780,'2023-08-19 16:23:14','07:19:00',26,9,14,'Available'),
(781,'2023-08-18 07:08:12','09:03:54',5,27,8,'Available'),
(782,'2023-08-02 20:45:49','04:08:37',26,5,5,'Available'),
(783,'2023-08-14 02:10:20','01:39:24',14,19,28,'Available'),
(784,'2023-08-20 13:05:10','02:53:21',22,29,10,'Available'),
(785,'2023-08-28 00:42:22','12:52:04',26,29,21,'Available'),
(786,'2023-08-29 00:09:39','08:51:11',12,6,23,'Available'),
(787,'2023-08-18 20:17:58','04:11:23',16,16,25,'Available'),
(788,'2023-08-12 07:34:32','10:45:53',10,6,15,'Available'),
(789,'2023-08-13 23:20:44','03:14:43',21,24,23,'Available'),
(790,'2023-08-02 06:52:52','02:48:19',29,24,6,'Available'),
(791,'2023-08-20 23:14:16','10:17:31',14,26,28,'Available'),
(792,'2023-08-20 04:56:18','01:40:57',19,28,21,'Available'),
(793,'2023-08-05 15:52:30','02:33:55',13,26,14,'Available'),
(794,'2023-08-07 18:47:36','03:12:14',23,29,17,'Available'),
(795,'2023-08-25 12:06:00','06:18:45',13,24,18,'Available'),
(796,'2023-08-08 09:58:27','09:13:59',7,25,14,'Available'),
(797,'2023-08-03 12:40:28','00:44:53',11,29,8,'Available'),
(798,'2023-08-03 23:26:41','04:54:12',26,7,15,'Available'),
(799,'2023-08-27 08:02:54','08:47:49',10,13,8,'Available'),
(800,'2023-08-26 08:49:48','11:46:52',25,27,6,'Available'),
(801,'2023-08-01 03:59:17','02:21:16',7,7,14,'Available'),
(802,'2023-09-09 17:28:37','06:48:49',32,19,30,'Available'),
(803,'2023-09-28 19:00:39','11:55:48',12,8,24,'Available'),
(804,'2023-09-07 02:01:56','11:27:09',30,12,14,'Available'),
(805,'2023-09-11 06:24:04','07:13:48',23,7,18,'Available'),
(806,'2023-09-23 20:14:20','11:27:34',12,7,17,'Available'),
(807,'2023-09-24 20:13:54','12:26:59',3,9,16,'Available'),
(808,'2023-09-23 11:44:36','00:47:41',14,10,26,'Available'),
(809,'2023-09-27 17:48:10','07:20:07',29,27,6,'Available'),
(810,'2023-09-24 05:14:39','12:20:39',8,19,10,'Available'),
(811,'2023-09-01 22:12:08','05:46:05',32,13,22,'Available'),
(812,'2023-09-16 20:12:39','06:26:40',10,6,21,'Available'),
(813,'2023-09-08 04:47:41','09:26:23',3,16,29,'Available'),
(814,'2023-09-22 22:55:03','01:09:38',30,6,8,'Available'),
(815,'2023-09-12 12:07:39','04:16:26',4,12,10,'Available'),
(816,'2023-09-23 16:50:46','03:13:37',29,5,19,'Available'),
(817,'2023-09-15 21:54:06','05:35:57',25,15,27,'Available'),
(818,'2023-09-13 12:58:44','04:09:47',3,7,20,'Available'),
(819,'2023-09-13 01:17:29','05:37:26',3,30,15,'Available'),
(820,'2023-09-05 08:09:38','10:39:43',7,8,20,'Available'),
(821,'2023-09-19 01:11:25','09:47:30',8,20,19,'Available'),
(822,'2023-09-15 06:41:40','12:27:15',20,8,11,'Available'),
(823,'2023-09-09 01:47:00','07:15:53',12,14,29,'Available'),
(824,'2023-09-03 14:30:21','08:16:46',4,7,28,'Available'),
(825,'2023-09-24 07:20:39','03:11:31',30,25,27,'Available'),
(826,'2023-09-29 01:24:31','12:49:09',25,14,19,'Available'),
(827,'2023-09-29 11:57:58','04:55:01',9,21,8,'Available'),
(828,'2023-09-10 10:39:53','11:02:35',24,15,27,'Available'),
(829,'2023-09-15 04:34:04','10:07:05',6,6,17,'Available'),
(830,'2023-09-12 16:21:27','10:53:36',21,18,6,'Available'),
(831,'2023-09-11 20:30:46','00:22:08',27,9,26,'Available'),
(832,'2023-09-17 17:59:48','04:27:48',4,17,8,'Available'),
(833,'2023-09-09 14:28:25','04:52:42',18,13,8,'Available'),
(834,'2023-09-14 01:20:47','08:59:43',24,29,15,'Available'),
(835,'2023-09-24 05:54:46','12:12:13',30,24,15,'Available'),
(836,'2023-09-06 03:16:18','01:39:14',8,13,16,'Available'),
(837,'2023-09-02 18:15:30','01:13:26',13,10,16,'Available'),
(838,'2023-09-15 08:03:06','07:46:24',3,11,20,'Available'),
(839,'2023-09-05 19:27:04','01:39:00',9,10,14,'Available'),
(840,'2023-09-29 11:29:07','11:41:55',23,25,17,'Available'),
(841,'2023-09-02 13:48:26','12:42:01',18,16,16,'Available'),
(842,'2023-09-21 01:32:45','07:25:38',24,24,21,'Available'),
(843,'2023-09-07 04:25:11','03:10:01',24,17,17,'Available'),
(844,'2023-09-22 07:18:48','07:08:59',11,18,29,'Available'),
(845,'2023-09-25 11:39:48','01:35:40',24,14,25,'Available'),
(846,'2023-09-15 06:13:21','10:07:15',30,14,29,'Available'),
(847,'2023-09-10 23:49:28','12:59:24',16,29,15,'Available'),
(848,'2023-09-28 14:26:26','12:48:52',25,8,10,'Available'),
(849,'2023-09-20 18:10:06','01:46:51',19,10,26,'Available'),
(850,'2023-09-11 22:22:50','02:11:28',14,6,25,'Available'),
(851,'2023-09-07 02:26:41','08:18:34',21,9,12,'Available'),
(852,'2023-09-14 15:38:03','04:08:20',18,16,14,'Available'),
(853,'2023-09-15 23:33:56','12:59:08',22,5,27,'Available'),
(854,'2023-09-28 16:38:40','04:45:52',6,28,6,'Available'),
(855,'2023-09-18 17:12:44','04:02:42',14,23,19,'Available'),
(856,'2023-09-28 09:28:41','01:20:04',26,18,5,'Available'),
(857,'2023-09-13 23:44:46','08:07:01',13,5,11,'Available'),
(858,'2023-09-02 08:22:04','02:37:35',28,29,7,'Available'),
(859,'2023-09-27 10:46:04','10:07:00',14,30,6,'Available'),
(860,'2023-09-27 03:47:13','09:23:52',14,20,20,'Available'),
(861,'2023-09-06 22:48:39','12:43:50',4,7,11,'Available'),
(862,'2023-09-22 22:31:59','09:27:32',19,14,25,'Available'),
(863,'2023-09-15 01:14:58','05:39:02',5,22,26,'Available'),
(864,'2023-09-03 01:21:12','03:16:33',17,23,25,'Available'),
(865,'2023-09-22 17:33:54','11:57:51',29,30,26,'Available'),
(866,'2023-09-08 08:52:14','03:13:58',3,10,24,'Available'),
(867,'2023-09-28 01:13:35','12:40:51',3,30,19,'Available'),
(868,'2023-09-06 12:20:53','11:30:38',14,7,10,'Available'),
(869,'2023-09-26 17:00:21','07:36:00',11,24,24,'Available'),
(870,'2023-09-27 03:33:38','08:14:38',29,15,12,'Available'),
(871,'2023-09-07 07:02:23','11:54:29',28,13,11,'Available'),
(872,'2023-09-23 06:13:29','02:01:53',22,29,22,'Available'),
(873,'2023-09-20 00:11:57','02:40:27',10,6,15,'Available'),
(874,'2023-09-11 23:54:57','01:19:06',22,20,9,'Available'),
(875,'2023-09-07 04:12:17','02:37:41',22,21,20,'Available'),
(876,'2023-09-05 02:42:43','11:58:36',24,12,30,'Available'),
(877,'2023-09-12 18:58:35','11:39:52',13,15,9,'Available'),
(878,'2023-09-14 14:21:48','01:13:01',18,15,17,'Available'),
(879,'2023-09-27 15:38:57','03:56:49',20,17,9,'Available'),
(880,'2023-09-28 03:53:00','07:35:39',15,5,19,'Available'),
(881,'2023-09-16 12:40:14','11:33:46',3,15,7,'Available'),
(882,'2023-09-28 07:54:48','02:52:37',10,28,7,'Available'),
(883,'2023-09-17 22:01:45','04:05:41',5,8,16,'Available'),
(884,'2023-09-19 17:00:20','04:48:31',21,27,11,'Available'),
(885,'2023-09-07 11:32:57','06:06:00',23,24,11,'Available'),
(886,'2023-09-20 07:41:17','06:08:53',8,26,30,'Available'),
(887,'2023-09-16 01:59:35','05:52:07',10,5,26,'Available'),
(888,'2023-09-01 13:29:46','08:03:10',25,9,29,'Available'),
(889,'2023-09-29 20:43:57','02:06:57',27,18,14,'Available'),
(890,'2023-09-04 22:44:13','08:43:51',30,21,25,'Available'),
(891,'2023-09-04 02:53:37','05:08:09',31,22,21,'Available'),
(892,'2023-09-18 15:09:51','09:12:27',22,8,16,'Available'),
(893,'2023-09-25 02:27:22','03:02:53',8,21,30,'Available'),
(894,'2023-09-06 23:16:49','06:54:08',31,17,30,'Available'),
(895,'2023-09-22 02:26:07','08:48:12',24,5,19,'Available'),
(896,'2023-09-20 12:42:05','06:39:26',16,27,15,'Available'),
(897,'2023-09-25 09:28:08','07:02:08',25,17,21,'Available'),
(898,'2023-09-23 09:41:37','05:35:08',20,7,30,'Available'),
(899,'2023-09-11 17:40:46','07:50:31',18,15,8,'Available'),
(900,'2023-09-12 01:51:04','03:30:08',28,18,5,'Available'),
(901,'2023-09-12 04:56:44','10:21:57',30,30,28,'Available'),
(902,'2023-10-25 17:10:03','09:44:07',4,25,22,'Available'),
(903,'2023-10-25 11:46:02','12:42:38',28,28,16,'Available'),
(904,'2023-10-05 03:43:14','10:54:11',24,22,16,'Available'),
(905,'2023-10-12 02:55:10','12:04:34',28,12,5,'Available'),
(906,'2023-10-09 19:59:01','01:44:18',21,7,20,'Available'),
(907,'2023-10-12 13:45:55','05:07:19',6,22,8,'Available'),
(908,'2023-10-09 14:44:26','01:31:17',9,26,6,'Available'),
(909,'2023-10-28 04:33:02','02:25:53',27,14,30,'Available'),
(910,'2023-10-01 09:45:15','04:03:17',15,9,21,'Available'),
(911,'2023-10-09 02:51:53','10:10:20',14,17,21,'Available'),
(912,'2023-10-03 00:34:36','02:41:38',13,6,20,'Available'),
(913,'2023-10-18 11:57:48','03:52:49',12,8,26,'Available'),
(914,'2023-10-23 08:28:13','04:28:35',8,23,23,'Available'),
(915,'2023-10-15 16:54:52','03:32:30',20,19,28,'Available'),
(916,'2023-10-23 20:36:33','11:39:36',13,5,13,'Available'),
(917,'2023-10-26 19:07:54','05:41:53',13,24,8,'Available'),
(918,'2023-10-17 05:14:05','10:55:49',12,18,11,'Available'),
(919,'2023-10-23 06:35:51','03:04:42',11,29,13,'Available'),
(920,'2023-10-30 07:18:14','06:14:31',7,17,20,'Available'),
(921,'2023-10-20 13:25:53','12:35:15',20,28,17,'Available'),
(922,'2023-10-22 13:44:01','05:04:18',31,28,6,'Available'),
(923,'2023-10-10 19:51:13','03:22:05',5,17,30,'Available'),
(924,'2023-10-07 14:37:54','02:38:41',25,11,22,'Available'),
(925,'2023-10-02 02:43:40','03:44:21',3,26,9,'Available'),
(926,'2023-10-12 19:56:42','00:16:19',22,12,11,'Available'),
(927,'2023-10-10 00:53:08','07:58:10',23,5,6,'Available'),
(928,'2023-10-15 10:24:30','02:03:54',30,21,21,'Available'),
(929,'2023-10-14 06:11:03','01:53:47',3,10,28,'Available'),
(930,'2023-10-20 19:26:16','02:18:59',5,9,6,'Available'),
(931,'2023-10-14 12:24:00','08:40:19',23,7,25,'Available'),
(932,'2023-10-30 17:34:18','12:39:42',5,17,14,'Available'),
(933,'2023-10-13 01:11:28','01:37:21',17,9,21,'Available'),
(934,'2023-10-29 18:15:30','02:41:26',28,18,10,'Available'),
(935,'2023-10-30 15:22:58','11:17:36',14,14,28,'Available'),
(936,'2023-10-15 20:48:48','06:59:23',28,24,20,'Available'),
(937,'2023-10-15 16:54:12','00:57:25',8,25,6,'Available'),
(938,'2023-10-27 08:07:34','06:30:00',22,26,11,'Available'),
(939,'2023-10-27 19:34:02','12:34:54',5,30,24,'Available'),
(940,'2023-10-08 20:14:04','04:05:53',18,11,16,'Available'),
(941,'2023-10-10 02:53:16','07:40:01',29,7,8,'Available'),
(942,'2023-10-30 18:43:52','08:47:17',30,14,7,'Available'),
(943,'2023-10-18 04:30:17','09:07:49',18,30,10,'Available'),
(944,'2023-10-15 00:46:11','11:36:41',4,26,15,'Available'),
(945,'2023-10-22 21:59:06','04:21:32',3,25,9,'Available'),
(946,'2023-10-25 02:56:12','01:48:07',17,30,19,'Available'),
(947,'2023-10-24 20:52:27','06:31:12',10,13,14,'Available'),
(948,'2023-10-18 23:36:12','04:35:46',32,20,7,'Available'),
(949,'2023-10-20 13:52:05','01:17:52',30,24,29,'Available'),
(950,'2023-10-09 06:45:58','08:37:35',15,11,23,'Available'),
(951,'2023-10-10 12:28:34','06:35:41',5,10,18,'Available'),
(952,'2023-10-23 06:59:16','02:46:36',26,23,18,'Available'),
(953,'2023-10-21 19:45:16','06:51:02',7,29,7,'Available'),
(954,'2023-10-07 01:08:05','00:22:04',14,20,15,'Available'),
(955,'2023-10-07 05:45:28','02:57:11',17,26,22,'Available'),
(956,'2023-10-29 15:06:48','07:00:00',15,19,30,'Available'),
(957,'2023-10-24 07:32:50','07:32:59',14,9,27,'Available'),
(958,'2023-10-13 21:09:09','06:32:13',19,21,29,'Available'),
(959,'2023-10-14 03:25:24','10:26:13',22,28,7,'Available'),
(960,'2023-10-05 01:34:36','12:13:04',14,20,23,'Available'),
(961,'2023-10-20 09:00:02','05:57:02',18,30,12,'Available'),
(962,'2023-10-29 13:07:27','06:57:36',27,12,14,'Available'),
(963,'2023-10-13 14:39:41','05:23:27',27,26,11,'Available'),
(964,'2023-10-10 12:32:51','10:45:29',14,24,24,'Available'),
(965,'2023-10-17 14:45:05','11:12:29',4,25,28,'Available'),
(966,'2023-10-20 00:48:04','07:12:24',3,6,18,'Available'),
(967,'2023-10-25 03:52:08','01:24:31',6,19,27,'Available'),
(968,'2023-10-17 03:16:53','02:07:57',15,26,29,'Available'),
(969,'2023-10-27 11:44:11','09:11:10',16,19,15,'Available'),
(970,'2023-10-21 20:49:34','05:06:12',32,14,9,'Available'),
(971,'2023-10-15 01:04:15','01:42:49',17,6,21,'Available'),
(972,'2023-10-11 06:04:15','07:47:15',5,6,28,'Available'),
(973,'2023-10-27 15:17:20','04:22:03',14,13,10,'Available'),
(974,'2023-10-24 01:04:44','02:44:24',18,5,8,'Available'),
(975,'2023-10-01 08:20:14','11:12:49',29,22,6,'Available'),
(976,'2023-10-02 11:21:55','01:18:34',4,14,13,'Available'),
(977,'2023-10-02 06:37:13','09:21:48',30,7,27,'Available'),
(978,'2023-10-14 03:09:06','11:46:35',30,22,28,'Available'),
(979,'2023-10-27 04:41:17','01:02:21',27,12,24,'Available'),
(980,'2023-10-10 06:10:43','02:26:03',13,28,7,'Available'),
(981,'2023-10-06 19:50:25','00:20:20',28,29,29,'Available'),
(982,'2023-10-05 09:46:30','02:01:23',13,22,5,'Available'),
(983,'2023-10-29 13:01:42','02:07:38',23,6,24,'Available'),
(984,'2023-10-13 19:58:10','10:54:33',29,9,21,'Available'),
(985,'2023-10-18 03:57:17','07:08:04',12,17,29,'Available'),
(986,'2023-10-16 15:35:11','09:49:04',16,8,16,'Available'),
(987,'2023-10-02 15:44:00','11:29:35',29,15,21,'Available'),
(988,'2023-10-16 21:34:24','09:57:11',19,23,6,'Available'),
(989,'2023-10-20 07:37:13','06:23:29',4,25,18,'Available'),
(990,'2023-10-08 20:34:41','00:59:37',23,6,20,'Available'),
(991,'2023-10-30 21:50:06','00:42:31',9,20,15,'Available'),
(992,'2023-10-07 14:43:12','06:33:23',22,18,7,'Available'),
(993,'2023-10-15 13:17:17','07:57:45',17,17,27,'Available'),
(994,'2023-10-19 04:43:05','01:44:15',12,17,23,'Available'),
(995,'2023-10-18 23:20:16','02:33:48',23,20,28,'Available'),
(996,'2023-10-09 09:47:44','05:35:39',12,11,5,'Available'),
(997,'2023-10-23 02:26:55','10:14:57',12,18,13,'Available'),
(998,'2023-10-27 12:23:40','02:38:04',17,10,29,'Available'),
(999,'2023-10-07 06:01:47','02:24:25',21,14,22,'Available'),
(1000,'2023-10-02 06:08:45','01:37:27',8,27,26,'Available'),
(1001,'2023-10-20 23:27:41','01:29:46',16,10,26,'Available'),
(1002,'2023-11-24 05:07:51','04:32:00',17,8,24,'Available'),
(1003,'2023-11-06 03:38:28','03:17:55',11,10,26,'Available'),
(1004,'2023-11-10 02:01:16','02:58:52',8,29,18,'Available'),
(1005,'2023-11-27 22:33:12','02:01:49',8,19,7,'Available'),
(1006,'2023-11-03 17:19:47','05:46:19',23,11,29,'Available'),
(1007,'2023-11-15 04:59:40','05:05:51',17,20,26,'Available'),
(1008,'2023-11-17 10:02:08','09:48:46',16,7,21,'Available'),
(1009,'2023-11-12 11:18:35','07:00:06',7,19,15,'Available'),
(1010,'2023-11-05 14:14:51','06:18:13',16,22,13,'Available'),
(1011,'2023-11-27 22:14:23','08:40:51',31,14,8,'Available'),
(1012,'2023-11-05 08:53:47','12:03:09',9,24,12,'Available'),
(1013,'2023-11-11 00:21:32','07:57:42',19,7,21,'Available'),
(1014,'2023-11-18 13:47:30','05:23:16',3,16,8,'Available'),
(1015,'2023-11-06 21:01:16','03:51:28',6,10,8,'Available'),
(1016,'2023-11-22 05:21:24','08:20:07',13,15,18,'Available'),
(1017,'2023-11-04 23:11:45','10:02:26',17,19,17,'Available'),
(1018,'2023-11-13 10:53:03','04:34:09',22,28,29,'Available'),
(1019,'2023-11-23 18:03:37','06:05:14',18,27,24,'Available'),
(1020,'2023-11-19 00:54:27','01:46:15',11,19,5,'Available'),
(1021,'2023-11-10 09:58:35','11:12:50',6,15,11,'Available'),
(1022,'2023-11-22 08:55:31','11:08:37',13,10,5,'Available'),
(1023,'2023-11-12 23:07:09','07:05:06',21,12,20,'Available'),
(1024,'2023-11-04 11:11:46','08:37:33',17,8,17,'Available'),
(1025,'2023-11-06 16:36:14','05:12:30',17,12,9,'Available'),
(1026,'2023-11-12 06:25:10','05:35:23',3,15,17,'Available'),
(1027,'2023-11-06 12:49:18','08:25:48',15,7,13,'Available'),
(1028,'2023-11-20 01:25:37','01:55:53',11,28,14,'Available'),
(1029,'2023-11-08 15:44:16','02:14:26',15,24,29,'Available'),
(1030,'2023-11-25 21:47:45','08:25:29',25,27,12,'Available'),
(1031,'2023-11-19 04:32:48','01:08:30',24,9,23,'Available'),
(1032,'2023-11-27 08:58:24','04:22:34',7,16,8,'Available'),
(1033,'2023-11-09 17:28:49','06:39:17',4,8,21,'Available'),
(1034,'2023-11-24 08:58:27','01:56:51',10,11,16,'Available'),
(1035,'2023-11-28 05:27:19','02:05:45',8,21,14,'Available'),
(1036,'2023-11-04 13:18:51','03:10:11',20,25,16,'Available'),
(1037,'2023-11-24 04:25:36','05:54:09',14,12,22,'Available'),
(1038,'2023-11-07 04:50:31','02:29:04',27,15,14,'Available'),
(1039,'2023-11-08 00:27:54','10:36:04',25,6,12,'Available'),
(1040,'2023-11-01 08:11:50','10:33:19',8,7,19,'Available'),
(1041,'2023-11-08 10:30:56','12:08:55',4,20,24,'Available'),
(1042,'2023-11-28 08:11:34','12:17:10',10,20,29,'Available'),
(1043,'2023-11-21 04:39:03','01:23:55',29,14,27,'Available'),
(1044,'2023-11-29 10:29:54','03:43:20',14,20,18,'Available'),
(1045,'2023-11-11 22:11:57','03:02:52',22,17,9,'Available'),
(1046,'2023-11-28 17:52:43','00:30:53',27,14,28,'Available'),
(1047,'2023-11-07 03:23:48','08:15:01',9,21,7,'Available'),
(1048,'2023-11-27 12:11:36','03:17:50',20,11,24,'Available'),
(1049,'2023-11-05 12:06:04','01:10:49',23,6,11,'Available'),
(1050,'2023-11-18 18:23:15','03:38:50',30,13,24,'Available'),
(1051,'2023-11-07 00:39:48','11:34:15',12,24,5,'Available'),
(1052,'2023-11-09 06:19:26','04:34:19',13,6,8,'Available'),
(1053,'2023-11-19 01:02:38','05:00:12',15,25,19,'Available'),
(1054,'2023-11-20 18:58:03','09:01:12',6,16,8,'Available'),
(1055,'2023-11-09 22:22:09','09:17:56',3,22,19,'Available'),
(1056,'2023-11-09 20:24:44','10:02:44',19,25,23,'Available'),
(1057,'2023-11-03 19:17:28','08:21:13',30,30,26,'Available'),
(1058,'2023-11-07 13:30:06','01:27:42',11,29,14,'Available'),
(1059,'2023-11-10 16:47:45','01:53:43',12,11,28,'Available'),
(1060,'2023-11-24 18:46:24','07:15:55',4,15,22,'Available'),
(1061,'2023-11-29 08:07:37','08:47:11',14,13,9,'Available'),
(1062,'2023-11-07 04:36:09','08:46:03',27,30,12,'Available'),
(1063,'2023-11-15 18:27:35','10:06:44',9,18,7,'Available'),
(1064,'2023-11-21 14:09:22','03:00:17',11,6,25,'Available'),
(1065,'2023-11-16 10:51:12','06:13:47',6,14,24,'Available'),
(1066,'2023-11-13 08:47:40','04:04:02',19,26,22,'Available'),
(1067,'2023-11-18 23:17:57','08:13:00',5,8,29,'Available'),
(1068,'2023-11-17 17:53:29','11:27:36',25,29,14,'Available'),
(1069,'2023-11-08 15:27:49','05:58:53',15,11,23,'Available'),
(1070,'2023-11-10 17:33:58','06:36:02',22,30,25,'Available'),
(1071,'2023-11-07 22:29:04','03:27:49',3,13,13,'Available'),
(1072,'2023-11-10 19:43:19','00:09:54',8,29,23,'Available'),
(1073,'2023-11-21 14:35:50','12:22:19',7,11,30,'Available'),
(1074,'2023-11-01 11:35:11','09:28:11',13,14,14,'Available'),
(1075,'2023-11-09 10:41:58','07:17:21',32,28,30,'Available'),
(1076,'2023-11-14 02:29:24','00:02:39',28,30,28,'Available'),
(1077,'2023-11-26 03:23:21','06:12:46',8,25,25,'Available'),
(1078,'2023-11-03 00:46:19','09:21:45',25,20,11,'Available'),
(1079,'2023-11-25 22:52:35','09:25:01',4,10,9,'Available'),
(1080,'2023-11-06 14:23:01','10:17:00',6,29,7,'Available'),
(1081,'2023-11-21 03:12:13','11:26:53',31,22,30,'Available'),
(1082,'2023-11-13 20:46:17','07:29:04',13,21,24,'Available'),
(1083,'2023-11-18 21:26:28','12:39:00',28,25,27,'Available'),
(1084,'2023-11-13 03:32:26','07:51:34',10,28,7,'Available'),
(1085,'2023-11-18 17:52:40','04:13:23',30,11,11,'Available'),
(1086,'2023-11-15 14:21:51','11:19:44',30,17,26,'Available'),
(1087,'2023-11-23 01:09:11','10:06:17',20,22,16,'Available'),
(1088,'2023-11-26 16:05:19','07:07:02',19,12,28,'Available'),
(1089,'2023-11-27 13:19:26','09:14:06',32,26,27,'Available'),
(1090,'2023-11-23 05:04:43','05:37:10',31,24,22,'Available'),
(1091,'2023-11-28 22:22:36','12:17:06',27,25,19,'Available'),
(1092,'2023-11-16 08:19:47','06:33:31',14,22,12,'Available'),
(1093,'2023-11-08 19:04:20','04:54:12',16,19,30,'Available'),
(1094,'2023-11-22 11:32:29','01:45:10',17,12,5,'Available'),
(1095,'2023-11-06 04:31:28','08:59:36',30,26,6,'Available'),
(1096,'2023-11-22 21:48:21','06:45:35',11,20,28,'Available'),
(1097,'2023-11-07 15:08:59','01:07:51',12,30,15,'Available'),
(1098,'2023-11-17 13:28:15','05:42:54',28,13,21,'Available'),
(1099,'2023-11-29 12:39:31','10:03:08',24,20,12,'Available'),
(1100,'2023-11-04 10:18:39','01:07:03',23,18,23,'Available'),
(1101,'2023-11-21 10:55:58','07:54:26',30,19,16,'Available'),
(1102,'2023-12-24 05:54:57','02:51:49',10,13,17,'Available'),
(1103,'2023-12-26 07:47:15','01:10:00',20,12,25,'Available'),
(1104,'2023-12-28 14:32:17','01:53:28',29,7,24,'Available'),
(1105,'2023-12-19 16:26:44','07:28:34',32,7,28,'Available'),
(1106,'2023-12-27 07:00:43','08:08:37',23,13,13,'Available'),
(1107,'2023-12-12 22:11:52','03:35:10',20,5,12,'Available'),
(1108,'2023-12-19 09:15:34','07:58:44',28,29,13,'Available'),
(1109,'2023-12-04 13:39:38','11:33:16',3,18,19,'Available'),
(1110,'2023-12-16 21:11:27','03:37:49',18,7,27,'Available'),
(1111,'2023-12-14 15:20:26','04:52:11',16,10,28,'Available'),
(1112,'2023-12-14 01:00:41','09:33:53',21,8,8,'Available'),
(1113,'2023-12-14 14:06:00','05:51:16',26,19,8,'Available'),
(1114,'2023-12-07 21:45:19','11:23:33',22,25,14,'Available'),
(1115,'2023-12-04 04:53:47','12:30:45',14,8,25,'Available'),
(1116,'2023-12-24 14:58:12','00:30:42',9,10,18,'Available'),
(1117,'2023-12-23 21:19:39','08:27:19',27,12,28,'Available'),
(1118,'2023-12-12 21:37:49','01:53:43',17,25,19,'Available'),
(1119,'2023-12-15 01:59:51','02:20:21',32,18,19,'Available'),
(1120,'2023-12-21 08:39:23','12:34:59',13,5,17,'Available'),
(1121,'2023-12-18 06:57:36','10:25:00',12,6,7,'Available'),
(1122,'2023-12-11 12:23:19','06:55:53',22,11,25,'Available'),
(1123,'2023-12-09 04:57:27','01:50:35',6,19,25,'Available'),
(1124,'2023-12-18 07:03:16','06:51:30',32,16,8,'Available'),
(1125,'2023-12-27 03:53:14','12:21:31',31,20,29,'Available'),
(1126,'2023-12-26 10:38:24','08:49:52',18,25,13,'Available'),
(1127,'2023-12-30 12:01:30','12:27:05',17,19,10,'Available'),
(1128,'2023-12-19 06:19:25','10:00:40',29,10,7,'Available'),
(1129,'2023-12-04 19:17:32','08:48:41',16,15,27,'Available'),
(1130,'2023-12-29 12:40:34','04:14:26',23,11,23,'Available'),
(1131,'2023-12-28 01:32:45','02:14:58',24,23,14,'Available'),
(1132,'2023-12-06 21:09:58','00:25:42',31,24,23,'Available'),
(1133,'2023-12-19 15:45:43','10:51:44',14,21,5,'Available'),
(1134,'2023-12-17 15:22:46','03:02:22',32,14,16,'Available'),
(1135,'2023-12-29 09:49:18','10:51:27',26,23,14,'Available'),
(1136,'2023-12-24 16:17:54','02:10:13',20,28,29,'Available'),
(1137,'2023-12-14 19:10:14','00:15:17',15,11,12,'Available'),
(1138,'2023-12-06 20:01:04','08:32:39',15,19,14,'Available'),
(1139,'2023-12-30 23:20:59','09:07:22',7,15,23,'Available'),
(1140,'2023-12-12 19:19:22','12:36:50',29,14,14,'Available'),
(1141,'2023-12-04 03:02:46','10:09:12',6,12,7,'Available'),
(1142,'2023-12-17 16:45:03','04:57:30',31,23,22,'Available'),
(1143,'2023-12-04 00:25:25','02:07:51',12,26,14,'Available'),
(1144,'2023-12-24 15:06:48','12:25:19',19,30,27,'Available'),
(1145,'2023-12-10 19:49:07','09:32:56',16,15,30,'Available'),
(1146,'2023-12-16 23:42:39','08:51:09',5,28,8,'Available'),
(1147,'2023-12-05 03:50:45','05:59:33',9,13,10,'Available'),
(1148,'2023-12-25 15:58:43','02:04:41',12,19,6,'Available'),
(1149,'2023-12-30 18:38:18','11:36:48',27,20,6,'Available'),
(1150,'2023-12-02 14:37:53','09:04:51',28,6,26,'Available'),
(1151,'2023-12-14 05:31:59','11:32:39',25,18,13,'Available'),
(1152,'2023-12-02 08:43:12','06:01:50',24,8,6,'Available'),
(1153,'2023-12-21 02:21:07','11:29:12',15,30,20,'Available'),
(1154,'2023-12-13 11:17:24','04:36:34',3,20,25,'Available'),
(1155,'2023-12-06 09:34:29','09:38:44',12,20,11,'Available'),
(1156,'2023-12-23 06:04:41','05:39:16',31,7,30,'Available'),
(1157,'2023-12-30 16:43:18','10:07:47',13,14,28,'Available'),
(1158,'2023-12-11 19:24:10','05:13:57',18,27,28,'Available'),
(1159,'2023-12-24 20:10:30','06:57:21',18,19,17,'Available'),
(1160,'2023-12-19 00:18:41','10:08:14',17,16,11,'Available'),
(1161,'2023-12-23 19:35:06','08:30:32',11,5,26,'Available'),
(1162,'2023-12-12 01:08:21','07:58:02',22,14,25,'Available'),
(1163,'2023-12-03 05:39:52','01:28:13',29,16,16,'Available'),
(1164,'2023-12-27 12:31:32','02:25:26',24,7,10,'Available'),
(1165,'2023-12-05 21:15:32','03:22:43',32,18,15,'Available'),
(1166,'2023-12-16 12:22:55','04:41:21',18,10,22,'Available'),
(1167,'2023-12-29 07:47:37','11:38:09',27,28,7,'Available'),
(1168,'2023-12-05 12:52:10','08:45:57',28,13,17,'Available'),
(1169,'2023-12-05 13:51:53','09:01:04',31,30,16,'Available'),
(1170,'2023-12-22 03:45:57','11:01:25',3,13,21,'Available'),
(1171,'2023-12-17 02:44:32','10:52:48',6,8,16,'Available'),
(1172,'2023-12-30 20:18:09','12:11:19',3,6,14,'Available'),
(1173,'2023-12-22 12:46:02','08:20:48',21,25,25,'Available'),
(1174,'2023-12-03 20:34:50','11:05:58',28,23,17,'Available'),
(1175,'2023-12-18 02:55:55','11:50:26',28,11,17,'Available'),
(1176,'2023-12-05 23:53:27','09:25:57',8,15,25,'Available'),
(1177,'2023-12-18 22:01:04','12:20:27',12,10,11,'Available'),
(1178,'2023-12-29 12:59:16','12:54:43',4,17,19,'Available'),
(1179,'2023-12-25 09:18:49','08:16:56',16,14,19,'Available'),
(1180,'2023-12-17 18:03:40','03:57:56',24,27,9,'Available'),
(1181,'2023-12-26 03:14:30','00:05:28',29,13,5,'Available'),
(1182,'2023-12-25 10:31:53','08:49:11',26,15,29,'Available'),
(1183,'2023-12-24 04:48:53','11:09:58',16,21,23,'Available'),
(1184,'2023-12-09 14:23:00','04:36:22',9,6,9,'Available'),
(1185,'2023-12-28 02:31:14','01:55:03',10,26,7,'Available'),
(1186,'2023-12-21 03:40:00','05:27:44',17,24,26,'Available'),
(1187,'2023-12-15 20:53:55','07:11:30',13,21,10,'Available'),
(1188,'2023-12-27 08:12:21','05:28:59',26,12,20,'Available'),
(1189,'2023-12-02 11:15:16','05:43:10',20,13,30,'Available'),
(1190,'2023-12-30 05:37:25','06:32:45',16,23,28,'Available'),
(1191,'2023-12-10 21:34:21','11:51:42',8,20,8,'Available'),
(1192,'2023-12-01 01:39:56','00:33:26',15,23,29,'Available'),
(1193,'2023-12-22 02:32:33','08:23:02',19,11,25,'Available'),
(1194,'2023-12-13 21:26:46','01:09:55',28,8,23,'Available'),
(1195,'2023-12-26 11:25:32','10:54:46',23,8,29,'Available'),
(1196,'2023-12-18 21:05:53','04:53:36',4,8,28,'Available'),
(1197,'2023-12-14 09:12:17','00:48:31',28,24,30,'Available'),
(1198,'2023-12-19 21:54:38','11:41:48',14,14,18,'Available'),
(1199,'2023-12-27 02:32:23','06:33:17',30,25,5,'Available'),
(1200,'2023-12-03 09:33:39','01:11:16',25,21,12,'Available'),
(1201,'2023-12-16 09:36:03','05:49:11',26,18,8,'Available'),
(1202,'2024-01-13 18:54:58','09:56:03',5,19,28,'Available'),
(1203,'2024-01-01 05:34:52','07:14:35',7,13,19,'Available'),
(1204,'2024-01-24 02:37:12','06:38:04',14,9,24,'Available'),
(1205,'2024-01-13 08:33:14','03:07:38',17,12,6,'Available'),
(1206,'2024-01-18 22:22:24','09:33:29',17,7,10,'Available'),
(1207,'2024-01-05 17:31:23','06:51:09',8,27,23,'Available'),
(1208,'2024-01-03 22:18:55','02:14:31',10,7,5,'Available'),
(1209,'2024-01-18 04:37:32','06:17:09',32,14,10,'Available'),
(1210,'2024-01-21 13:17:35','12:09:16',4,19,23,'Available'),
(1211,'2024-01-17 03:30:40','08:34:09',23,23,26,'Available'),
(1212,'2024-01-02 00:41:09','06:14:58',21,7,24,'Available'),
(1213,'2024-01-04 10:50:43','03:35:12',8,16,11,'Available'),
(1214,'2024-01-06 16:44:43','07:30:55',19,11,8,'Available'),
(1215,'2024-01-29 10:41:02','00:43:44',18,21,30,'Available'),
(1216,'2024-01-17 16:49:48','00:47:34',23,24,19,'Available'),
(1217,'2024-01-21 12:47:34','01:56:34',5,16,21,'Available'),
(1218,'2024-01-24 22:00:14','03:49:03',3,21,28,'Available'),
(1219,'2024-01-12 19:12:22','09:05:40',16,10,14,'Available'),
(1220,'2024-01-15 04:05:59','00:02:53',4,5,10,'Available'),
(1221,'2024-01-06 17:10:27','12:47:19',17,7,9,'Available'),
(1222,'2024-01-07 16:16:46','12:56:32',22,30,9,'Available'),
(1223,'2024-01-23 03:19:07','02:05:14',3,8,17,'Available'),
(1224,'2024-01-25 07:30:05','08:57:23',7,13,21,'Available'),
(1225,'2024-01-21 21:27:17','00:55:29',19,16,20,'Available'),
(1226,'2024-01-14 14:31:49','09:03:46',13,25,20,'Available'),
(1227,'2024-01-17 11:01:38','01:04:51',21,12,13,'Available'),
(1228,'2024-01-30 05:04:41','07:56:34',21,24,14,'Available'),
(1229,'2024-01-06 11:02:28','12:32:00',6,22,28,'Available'),
(1230,'2024-01-04 09:17:56','07:21:27',7,14,22,'Available'),
(1231,'2024-01-26 21:47:32','11:50:44',15,9,27,'Available'),
(1232,'2024-01-07 04:12:06','10:31:14',6,17,5,'Available'),
(1233,'2024-01-14 16:35:35','01:26:38',16,22,10,'Available'),
(1234,'2024-01-30 19:39:41','09:33:35',11,22,11,'Available'),
(1235,'2024-01-18 23:27:36','02:22:40',12,23,29,'Available'),
(1236,'2024-01-12 06:34:32','01:13:50',10,23,26,'Available'),
(1237,'2024-01-02 18:33:20','08:06:28',13,6,29,'Available'),
(1238,'2024-01-04 18:06:06','03:34:13',22,30,16,'Available'),
(1239,'2024-01-07 01:03:22','09:44:07',27,27,28,'Available'),
(1240,'2024-01-29 20:09:23','05:11:33',9,17,18,'Available'),
(1241,'2024-01-15 09:19:48','11:57:11',6,27,5,'Available'),
(1242,'2024-01-30 20:22:39','06:02:04',21,26,7,'Available'),
(1243,'2024-01-26 20:28:58','10:52:47',26,30,24,'Available'),
(1244,'2024-01-02 14:34:11','09:23:47',19,26,29,'Available'),
(1245,'2024-01-26 15:48:40','04:56:07',8,7,28,'Available'),
(1246,'2024-01-02 04:46:33','07:30:45',8,23,11,'Available'),
(1247,'2024-01-04 15:56:17','05:55:04',18,17,8,'Available'),
(1248,'2024-01-19 22:57:30','08:02:29',17,13,23,'Available'),
(1249,'2024-01-18 00:02:22','07:51:17',21,29,9,'Available'),
(1250,'2024-01-26 18:34:41','01:45:01',4,17,8,'Available'),
(1251,'2024-01-16 14:36:05','05:09:06',29,22,18,'Available'),
(1252,'2024-01-02 05:50:23','07:55:38',8,29,7,'Available'),
(1253,'2024-01-17 22:42:24','06:26:39',23,10,26,'Available'),
(1254,'2024-01-04 01:35:30','11:11:34',15,9,26,'Available'),
(1255,'2024-01-20 23:27:36','00:38:41',18,19,15,'Available'),
(1256,'2024-01-26 05:19:59','05:24:18',22,16,22,'Available'),
(1257,'2024-01-25 08:57:45','12:32:09',16,22,5,'Available'),
(1258,'2024-01-09 22:32:18','06:46:46',3,26,26,'Available'),
(1259,'2024-01-12 04:45:42','03:52:15',8,17,23,'Available'),
(1260,'2024-01-02 18:21:21','06:01:52',19,18,11,'Available'),
(1261,'2024-01-23 03:26:48','06:12:36',4,19,19,'Available'),
(1262,'2024-01-30 10:27:43','05:49:08',16,30,28,'Available'),
(1263,'2024-01-18 15:58:20','12:15:41',4,27,8,'Available'),
(1264,'2024-01-14 02:16:35','10:49:28',23,26,10,'Available'),
(1265,'2024-01-20 16:16:40','07:53:05',15,15,17,'Available'),
(1266,'2024-01-16 15:42:32','04:41:45',28,20,25,'Available'),
(1267,'2024-01-12 22:09:52','06:46:24',10,10,6,'Available'),
(1268,'2024-01-04 10:45:54','03:08:13',18,20,16,'Available'),
(1269,'2024-01-07 04:42:17','03:10:19',20,14,18,'Available'),
(1270,'2024-01-07 10:30:51','09:20:43',13,22,7,'Available'),
(1271,'2024-01-21 03:59:25','00:56:11',28,13,27,'Available'),
(1272,'2024-01-03 07:56:30','05:17:03',8,26,25,'Available'),
(1273,'2024-01-20 08:03:21','00:19:30',23,26,24,'Available'),
(1274,'2024-01-16 20:21:56','05:58:34',29,26,24,'Available'),
(1275,'2024-01-12 08:40:07','03:02:14',22,27,5,'Available'),
(1276,'2024-01-27 13:50:15','08:14:33',22,25,6,'Available'),
(1277,'2024-01-16 05:00:52','02:36:16',25,15,26,'Available'),
(1278,'2024-01-10 17:40:59','01:09:17',22,25,14,'Available'),
(1279,'2024-01-09 07:11:30','04:14:04',21,23,29,'Available'),
(1280,'2024-01-29 00:36:39','07:09:13',11,22,14,'Available'),
(1281,'2024-01-16 07:18:42','01:45:58',32,16,8,'Available'),
(1282,'2024-01-28 05:49:50','11:46:55',23,25,22,'Available'),
(1283,'2024-01-11 11:32:11','07:21:57',10,13,21,'Available'),
(1284,'2024-01-29 17:51:09','12:37:59',16,25,10,'Available'),
(1285,'2024-01-23 17:18:16','08:37:00',16,22,16,'Available'),
(1286,'2024-01-22 09:20:35','04:31:46',30,22,5,'Available'),
(1287,'2024-01-06 16:56:32','00:09:54',5,23,30,'Available'),
(1288,'2024-01-14 20:09:43','09:32:10',29,24,24,'Available'),
(1289,'2024-01-01 02:49:08','12:13:13',32,29,22,'Available'),
(1290,'2024-01-29 17:01:19','08:38:16',5,6,14,'Available'),
(1291,'2024-01-23 19:38:32','05:08:21',23,21,5,'Available'),
(1292,'2024-01-04 22:24:53','06:07:17',6,28,18,'Available'),
(1293,'2024-01-11 20:00:15','05:14:48',6,12,12,'Available'),
(1294,'2024-01-10 09:30:58','05:45:27',25,12,5,'Available'),
(1295,'2024-01-15 18:57:02','01:53:46',21,9,30,'Available'),
(1296,'2024-01-20 06:20:47','07:13:26',8,13,8,'Available'),
(1297,'2024-01-29 12:32:27','07:22:56',16,23,26,'Available'),
(1298,'2024-01-24 19:19:39','05:41:59',5,27,17,'Available'),
(1299,'2024-01-09 07:31:14','04:36:41',32,16,20,'Available'),
(1300,'2024-01-18 17:44:34','01:50:21',25,8,14,'Available'),
(1301,'2024-01-18 20:35:15','04:31:11',9,23,8,'Available');
/*!40000 ALTER TABLE `flights` ENABLE KEYS */;
UNLOCK TABLES;

--
-- Table structure for table `migration`
--

DROP TABLE IF EXISTS `migration`;
/*!40101 SET @saved_cs_client     = @@character_set_client */;
/*!40101 SET character_set_client = utf8 */;
CREATE TABLE `migration` (
  `version` varchar(180) NOT NULL,
  `apply_time` int(11) DEFAULT NULL,
  PRIMARY KEY (`version`)
) ENGINE=InnoDB DEFAULT CHARSET=utf8mb4 COLLATE=utf8mb4_unicode_ci;
/*!40101 SET character_set_client = @saved_cs_client */;

--
-- Dumping data for table `migration`
--

LOCK TABLES `migration` WRITE;
/*!40000 ALTER TABLE `migration` DISABLE KEYS */;
INSERT INTO `migration` VALUES
('m000000_000000_base',1666799296),
('m130524_201442_init',1666799298),
('m140506_102106_rbac_init',1670254797),
('m170907_052038_rbac_add_index_on_auth_assignment_user_id',1670254797),
('m180523_151638_rbac_updates_indexes_without_prefix',1670254797),
('m190124_110200_add_verification_token_column_to_user_table',1666799298),
('m200409_110543_rbac_update_mssql_trigger',1670254797);
/*!40000 ALTER TABLE `migration` ENABLE KEYS */;
UNLOCK TABLES;

--
-- Table structure for table `receipts`
--

DROP TABLE IF EXISTS `receipts`;
/*!40101 SET @saved_cs_client     = @@character_set_client */;
/*!40101 SET character_set_client = utf8 */;
CREATE TABLE `receipts` (
  `id` int(11) NOT NULL AUTO_INCREMENT,
  `purchaseDate` datetime NOT NULL,
  `total` double(10,2) NOT NULL,
  `status` enum('Complete','Pending','Refunded') DEFAULT NULL,
  `client_id` int(11) NOT NULL,
  PRIMARY KEY (`id`),
  KEY `fk_clientTicket_id` (`client_id`),
  CONSTRAINT `fk_clientReceipt_id` FOREIGN KEY (`client_id`) REFERENCES `clients` (`user_id`)
) ENGINE=InnoDB AUTO_INCREMENT=2 DEFAULT CHARSET=latin1 COLLATE=latin1_swedish_ci;
/*!40101 SET character_set_client = @saved_cs_client */;

--
-- Dumping data for table `receipts`
--

LOCK TABLES `receipts` WRITE;
/*!40000 ALTER TABLE `receipts` DISABLE KEYS */;
/*!40000 ALTER TABLE `receipts` ENABLE KEYS */;
UNLOCK TABLES;

--
-- Table structure for table `refund`
--

DROP TABLE IF EXISTS `refund`;
/*!40101 SET @saved_cs_client     = @@character_set_client */;
/*!40101 SET character_set_client = utf8 */;
CREATE TABLE `refund` (
  `id` int(11) NOT NULL AUTO_INCREMENT,
  `status` enum('Accepted','Declined','Ongoing','Canceled') NOT NULL DEFAULT 'Ongoing',
  `requestDate` datetime NOT NULL,
  `decisionDate` datetime DEFAULT NULL,
  `receipt_id` int(11) NOT NULL,
  PRIMARY KEY (`id`),
  KEY `fk_receiptRefund_id` (`receipt_id`),
  CONSTRAINT `fk_receiptRefund_id` FOREIGN KEY (`receipt_id`) REFERENCES `receipt` (`id`)
) ENGINE=InnoDB DEFAULT CHARSET=latin1 COLLATE=latin1_swedish_ci;
/*!40101 SET character_set_client = @saved_cs_client */;

--
-- Dumping data for table `refund`
--

LOCK TABLES `refund` WRITE;
/*!40000 ALTER TABLE `refund` DISABLE KEYS */;
/*!40000 ALTER TABLE `refund` ENABLE KEYS */;
UNLOCK TABLES;

--
-- Table structure for table `refund_employee`
--

DROP TABLE IF EXISTS `refund_employee`;
/*!40101 SET @saved_cs_client     = @@character_set_client */;
/*!40101 SET character_set_client = utf8 */;
CREATE TABLE `refund_employee` (
  `refund_id` int(11) NOT NULL,
  `employee_id` int(11) NOT NULL,
  PRIMARY KEY (`refund_id`),
  KEY `fk_refundEmployee_id` (`employee_id`),
  CONSTRAINT `fk_refundEmployee_id` FOREIGN KEY (`employee_id`) REFERENCES `user` (`id`),
  CONSTRAINT `fk_refund_id` FOREIGN KEY (`refund_id`) REFERENCES `refund` (`id`)
) ENGINE=InnoDB DEFAULT CHARSET=latin1 COLLATE=latin1_swedish_ci;
/*!40101 SET character_set_client = @saved_cs_client */;

--
-- Dumping data for table `refund_employee`
--

LOCK TABLES `refund_employee` WRITE;
/*!40000 ALTER TABLE `refund_employee` DISABLE KEYS */;
/*!40000 ALTER TABLE `refund_employee` ENABLE KEYS */;
UNLOCK TABLES;

--
-- Table structure for table `tariffs`
--

DROP TABLE IF EXISTS `tariffs`;
/*!40101 SET @saved_cs_client     = @@character_set_client */;
/*!40101 SET character_set_client = utf8 */;
CREATE TABLE `tariffs` (
  `id` int(11) NOT NULL AUTO_INCREMENT,
  `startDate` datetime NOT NULL,
  `economicPrice` double(10,2) NOT NULL,
  `normalPrice` double(10,2) NOT NULL,
  `luxuryPrice` double(10,2) NOT NULL,
  `flight_id` int(11) NOT NULL,
  `active` tinyint(1) NOT NULL,
  PRIMARY KEY (`id`),
  KEY `fk_flightTariff_id` (`flight_id`),
  CONSTRAINT `fk_flightTariff_id` FOREIGN KEY (`flight_id`) REFERENCES `flights` (`id`)
) ENGINE=InnoDB AUTO_INCREMENT=2 DEFAULT CHARSET=latin1 COLLATE=latin1_swedish_ci;
/*!40101 SET character_set_client = @saved_cs_client */;

--
-- Dumping data for table `tariffs`
--

LOCK TABLES `tariffs` WRITE;
/*!40000 ALTER TABLE `tariffs` DISABLE KEYS */;
/*!40000 ALTER TABLE `tariffs` ENABLE KEYS */;
UNLOCK TABLES;

--
-- Table structure for table `tickets`
--

DROP TABLE IF EXISTS `tickets`;
/*!40101 SET @saved_cs_client     = @@character_set_client */;
/*!40101 SET character_set_client = utf8 */;
CREATE TABLE `tickets` (
  `id` int(11) NOT NULL AUTO_INCREMENT,
  `fName` varchar(25) NOT NULL,
  `surname` varchar(25) NOT NULL,
  `gender` enum('M','F') NOT NULL,
  `age` int(11) NOT NULL,
  `checkedIn` int(11) DEFAULT NULL,
  `client_id` int(11) NOT NULL,
  `flight_id` int(11) NOT NULL,
  `seatLinha` char(1) NOT NULL,
  `seatCol` int(11) NOT NULL,
  `luggage_1` int(11) DEFAULT NULL,
  `luggage_2` int(11) DEFAULT NULL,
  `receipt_id` int(11) NOT NULL,
  `tariff_id` int(11) NOT NULL,
  `tariffType` enum('economic','normal','luxury') NOT NULL,
  PRIMARY KEY (`id`),
  KEY `fk_employeeTicket_id` (`checkedIn`),
  KEY `fk_clientTicket_id` (`client_id`),
  KEY `fk_flight_id` (`flight_id`),
  KEY `fk_luggage_1` (`luggage_1`),
  KEY `fk_luggage_2` (`luggage_2`),
  KEY `fk_receipt_id` (`receipt_id`),
  KEY `fk_tariff_id` (`tariff_id`),
  CONSTRAINT `fk_clientTicket_id` FOREIGN KEY (`client_id`) REFERENCES `clients` (`user_id`),
  CONSTRAINT `fk_employeeTicket_id` FOREIGN KEY (`checkedIn`) REFERENCES `employees` (`user_id`),
  CONSTRAINT `fk_flight_id` FOREIGN KEY (`flight_id`) REFERENCES `flights` (`id`),
  CONSTRAINT `fk_luggage_1` FOREIGN KEY (`luggage_1`) REFERENCES `configs` (`id`),
  CONSTRAINT `fk_luggage_2` FOREIGN KEY (`luggage_2`) REFERENCES `configs` (`id`),
  CONSTRAINT `fk_receipt_id` FOREIGN KEY (`receipt_id`) REFERENCES `receipts` (`id`),
  CONSTRAINT `fk_tariff_id` FOREIGN KEY (`tariff_id`) REFERENCES `tariffs` (`id`)
) ENGINE=InnoDB AUTO_INCREMENT=2 DEFAULT CHARSET=latin1 COLLATE=latin1_swedish_ci;
/*!40101 SET character_set_client = @saved_cs_client */;

--
-- Dumping data for table `tickets`
--

LOCK TABLES `tickets` WRITE;
/*!40000 ALTER TABLE `tickets` DISABLE KEYS */;
/*!40000 ALTER TABLE `tickets` ENABLE KEYS */;
UNLOCK TABLES;

--
-- Table structure for table `user`
--

DROP TABLE IF EXISTS `user`;
/*!40101 SET @saved_cs_client     = @@character_set_client */;
/*!40101 SET character_set_client = utf8 */;
CREATE TABLE `user` (
  `id` int(11) NOT NULL AUTO_INCREMENT,
  `username` varchar(255) NOT NULL,
  `auth_key` varchar(32) NOT NULL,
  `password_hash` varchar(255) NOT NULL,
  `password_reset_token` varchar(255) DEFAULT NULL,
  `email` varchar(255) NOT NULL,
  `status` smallint(6) NOT NULL DEFAULT 10,
  `created_at` int(11) NOT NULL,
  `updated_at` int(11) NOT NULL,
  `verification_token` varchar(255) DEFAULT NULL,
  PRIMARY KEY (`id`),
  UNIQUE KEY `username` (`username`),
  UNIQUE KEY `email` (`email`),
  UNIQUE KEY `password_reset_token` (`password_reset_token`)
) ENGINE=InnoDB AUTO_INCREMENT=150 DEFAULT CHARSET=utf8mb3 COLLATE=utf8mb3_unicode_ci;
/*!40101 SET character_set_client = @saved_cs_client */;

--
-- Dumping data for table `user`
--

LOCK TABLES `user` WRITE;
/*!40000 ALTER TABLE `user` DISABLE KEYS */;
INSERT INTO `user` VALUES
(8,'diogo','GSrjaLOei_FhJMCBWf5YrXub3AlkB4Md','$2y$13$Op0zfC65Q/brTy0EZe6wteanowF4yK/QSmjuX.pIPDietSM/ZRGm6',NULL,'diogo@gmail.com',10,1673108585,1673108585,'XCTalBC1Yvq1zBFxxMe9a7sZGw1qYpnI_1673108585'),
(9,'quintina','4GgKcmoOp2VZoMY-F3oehk_cJu3MFHtE','$2y$13$F02jo6JVN1uQrQu/WDTTpuGfqkp5/kvGYed8w07oXGn92ZoGssdrC',NULL,'quintina@gmail.com',10,1673108586,1673108586,'L7PW-GkTtyH_f3lA7S4CjrUQ70c2dShe_1673108586'),
(10,'pieter','zHTTYKUiUk_8TeL5127xSzEHlzOCvh5t','$2y$13$ivTANB8ixOfE35CMjnr9n.d5S/ymaKNwTvPiURmqOVkiemHqMYxpm',NULL,'pieter@gmail.com',10,1673108588,1673108588,'GukxK9OH02pAB55tdALGSNRNQCBhtQZC_1673108588'),
(11,'calypso','QcssatSmqkqw4yLTb522pLz9WHjG4fPu','$2y$13$PGtB5r7BSI76lRoP1RsVn.T42QIBkXcs.Uk.naD5owbcd0E3hidf2',NULL,'calypso@gmail.com',10,1673108589,1673108589,'eZw8CL_ruVggPPx48qIBexxhacVxVOFu_1673108589'),
(12,'dougie','S2-u70Nz59lolldESHkhMvk9uDWU0XvL','$2y$13$XOrdsiFY.lCyOJyu/tHU7e6A0C7UmeKrSzKZ22EdqJozPEUFGUmNm',NULL,'dougie@gmail.com',10,1673108590,1673108590,'Rm0d4u3X9uqDcs_AoBPjtaW_CMYuFX1k_1673108590'),
(13,'natka','uMmXP4TTKBkSC3Vsj9XoN2t-_hxRm0Uy','$2y$13$Bswj0X3mo1WyuESWDiaKceWAnravvSIc205JqPgr4cRlUa5EZ1YYC',NULL,'natka@gmail.com',10,1673108591,1673108591,'5S4G1lGKlYi9GbpJ_jGFoWUU3DkZjooU_1673108591'),
(14,'titus','Syy4EdIAOb2z5PA2YJTRgrGfNO45bncu','$2y$13$Uh68e/Hol9smpAS0pucMNep5ikIDhGOymdMFtDZ9QcFxZdYCL9Uuq',NULL,'titus@gmail.com',10,1673108593,1673108593,'Em6tja-hZBtyCJJ_XNRTnDKzn7xcSnlz_1673108593'),
(15,'chaim','6rgGFXPkNHidVi9_8v8nvQNKj_sUXlLG','$2y$13$EUfthoda1yR1RNThoHj3D.KXB1soy0j3xUcje4oAPdsXaNB8a9WEC',NULL,'chaim@gmail.com',10,1673108594,1673108594,'XHO0jfTawx2Hdu7JLUEu8RL5jgGJVSN8_1673108594'),
(16,'merill','LtslFaXuqP0CQhS25TxLIejhS31tRWD4','$2y$13$PVo/vLEfuUbkMseKyCCXD.UNon5wj3yfq9yciegIJk/4nHbl71rMi',NULL,'merill@gmail.com',10,1673108595,1673108595,'8aQ2NQD2eKdNdu5L0a9iqMNy77unm3nY_1673108595'),
(17,'tuckie','1pnjH2iza3oWwux6T5CUQwr4ejexVcSZ','$2y$13$ZAcaSfsGaGHp831Xii7vR.HvLquzXvq4NalRBrZvI31YFcYAbjNj6',NULL,'tuckie@gmail.com',10,1673108597,1673108597,'HTT660KD-UTTEMW6gT7QY24gbxBfxY8K_1673108597'),
(18,'aldric','5xQMOxBKmOBRMuG6tnfemo80k_IE9WEm','$2y$13$.IfmmrEVgaeOVB0fhry7pexi/YMDbiFLQKLmFsXRTAmRsky30n0Pe',NULL,'aldric@gmail.com',10,1673108598,1673108598,'2VPTDZlBHSWjun1h_l7GWxl41uyI4KIG_1673108598'),
(19,'ignazio','AUtRZDaWeYYsgr6pafWceQVg1pbq9sFH','$2y$13$0wO.Vj0MyWzbF8Ht/peFF.b8/BP2zY1qPiQlHcXjAWGw48DVDiluO',NULL,'ignazio@gmail.com',10,1673108599,1673108599,'zo4l8Pwzp0f1vFtNRU-nu-SgjsFoSKGY_1673108599'),
(20,'valerye','5Y_IVXCNOuT7s7cIf_WVcoL2Xfdjqxnl','$2y$13$YwtOVVSpaHBJ2hVWW3sNquV8Qi3/x2IcCmOob1CLZrQnKDo05CMI6',NULL,'valerye@gmail.com',10,1673108600,1673108600,'djcFT-PcjkncKw7J9A7bP6WNjveC99Xc_1673108600'),
(21,'imogen','odzWAq42vKGcblaWT1v_d30NVbgAIm4O','$2y$13$G3cOSNZH8GTfLoHQQzqJye/Kk.VcchNZngK8fxLsECU3/vPaY.QQu',NULL,'imogen@gmail.com',10,1673108602,1673108602,'hyFJCNc8GFZ25ktHNqVZCXLItLq0doqB_1673108602'),
(22,'ellyn','q0xoxicCzz4LOFkBrHnC67X3T2IzqIJZ','$2y$13$UuhmXvH47i8Fr6cv607qYex6OYCVDu0W7yeM.Fazf8cT9vjVLtF9G',NULL,'ellyn@gmail.com',10,1673108603,1673108603,'uIM8nmX0DLouhAqgpPSlBPnw4EzE12tU_1673108603'),
(23,'thorsten','X0f76ta6ol3Zyn9pxljZrpWPkdkliUlN','$2y$13$tctyEQbCEhuLGve97o2aXeNmxqfSwfby7PHF7kpxfvU0Ccg3XVXWC',NULL,'thorsten@gmail.com',10,1673108604,1673108604,'NYEvM5w-AOgCgyRJO_rWVnO6uSgWY60j_1673108604'),
(24,'town','63B302R4NhgUkp6lY5-Orw1vAE70smO1','$2y$13$/4wwE0YTJ8yiHnyOPj985.8.6xHwlWPz7GiXTjUiz0dNMliD5N02u',NULL,'town@gmail.com',10,1673108605,1673108605,'OD3mL0z00tn9BERASU-AAvJNbvm9fSaK_1673108605'),
(25,'kirk','NGHdlp3n2leYFBXlAYleYUsFikfrJ0Z3','$2y$13$VW9g0lMLoM1jGGu2j/o/OehcXihOxoMgPRfZKaZ9I0nZ6Yu51lg1G',NULL,'kirk@gmail.com',10,1673108607,1673108607,'FXhBV7aYaLBhqLR8SBHEYW0Ccm7DKez3_1673108607'),
(26,'schuyler','qBWYV4oIO_JxtRuGRmKLKuZuwkdqSQz5','$2y$13$MlGl2wdw2jMWCnG7Btf1gOWXVfxplZXiiqxMA6OxkKlPpBjmjmgpy',NULL,'schuyler@gmail.com',10,1673108608,1673108608,'m9N5O3QNhKKFyb6LPX7a6wTu7zPnSpeL_1673108608'),
(27,'andreana','g9kJvRWJH4BBDilHGrBODYGoOUzOYVVY','$2y$13$QovBCfHYS5GCFWMz46J/3ePI8H9K5WxMgny0Er7vWXj74kO2XTJeu',NULL,'andreana@gmail.com',10,1673108609,1673108609,'Ti30RZH2W3FIoFQynaROSBqNRAw7hx3r_1673108609'),
(28,'baily','jdapAV_P2RKHohsBSK50SzpLMWgX2gA-','$2y$13$wX/8SQteRx2NFlYbBFR6buQVSG4xXWF3ew3j8/W2ZBhRjU4kfJFiC',NULL,'baily@gmail.com',10,1673108660,1673108660,'biV-jeiHOJUWiQtSKGshzNUgNMg9cYD7_1673108660'),
(29,'wilow','_rJHD2CGw1FU21KEjTckF3WMNjvI9XWX','$2y$13$BAkQ7UtOdur8V75yi9CK0eyrWSWrgy3IszbR1Hu37yM6HjVnNdhjm',NULL,'wilow@gmail.com',10,1673108662,1673108662,'lbda4YntUBUjc8LNdSy2soUI5M1kl60C_1673108662'),
(30,'kenn','NY1L9iKyWyNhSmDxQl7O7VwYVoOmTGcb','$2y$13$GUm9qFZXt2iOx3G43HPMWOTAFkobLDWBHJW2nQK4b6ayeC0FQxiW.',NULL,'kenn@gmail.com',10,1673108663,1673108663,'IxoCe_SKaPzxx_NLyzTBwlsiReioOMz9_1673108663'),
(31,'kev','QlxJzaoU5uEb9ubGAPbIWEDrCQiCFJpk','$2y$13$.GOLZfNd2wRxKGT94mwojuoltZutjxq.Lmlak3sbmDZmBQL.xOVS2',NULL,'kev@gmail.com',10,1673108664,1673108664,'TERHJhrV7-Nrljyev31FU61I7ke7vRTx_1673108664'),
(32,'rozella','beNnq7tKWPWVuYxez0tkaTrqiv34UxNE','$2y$13$Y1PpF9gL36pDq4VVWLeSYO5r671wmtV83s8mmd4eHEVNTw4NNgRdC',NULL,'rozella@gmail.com',10,1673108666,1673108666,'2yVwfZ-iGjul2aYscf0akevdH1HHL2_U_1673108666'),
(33,'mildred','BkOmpT0VCQPNd0VLS7MmgeCQYzzPNKYF','$2y$13$BPb1Y5/LOOeHq6pKqbHsMeX4RgBGsmuoyi8A7rFOFxQ4ooCUn11By',NULL,'mildred@gmail.com',10,1673108667,1673108667,'F5Z8Cq26GPRsFl1j9nhadlrqYCT4ezHk_1673108667'),
(34,'bonny','btOvVj0oMkd_46RwbOTbVFdMmJK7Jd4I','$2y$13$pCHUjaH08vHyiJeZaOhgy.b.rI3RQfqlAr0N.KAzYftqDfPjgfxDq',NULL,'bonny@gmail.com',10,1673108668,1673108668,'_wTQrDYKvW7YJt_j4_-Ei_JWg3YXCh_e_1673108668'),
(35,'melony','uobyOrtZ2wM3jeN0QQk7sgmY0xW5x4KV','$2y$13$1XsY3/fWCZFgbotPMwTCgeKRrvfdmPWubX.A3.Rcr/fmRKizhCn2S',NULL,'melony@gmail.com',10,1673108669,1673108669,'xJXZIRE5GTXNQyM1YYB3QITuZ5K-eW3n_1673108669'),
(36,'aprilette','ZxcCOFzaKXMb8TG9mqt1SUCE3rYCwSZf','$2y$13$J7gjuomrk9u0kgCNH2AIEesIENNArGcObevBdp9TDXsqZGYMnPWVu',NULL,'aprilette@gmail.com',10,1673108671,1673108671,'4C_nzdQLtuiXMpdaca4AWfejYw-E2yWv_1673108671'),
(37,'elinore','vcRLFdAJaGM5YFytAmmsFWGGTCehPVHU','$2y$13$Dwei6r4E9OuhKSYcr6ncJ.XPyKUS4WLwJLM5QqWKGyA0u1rxnhtR.',NULL,'elinore@gmail.com',10,1673108672,1673108672,'1VN2qZRQC1t9X73iv2w8kD8ZhUI_looY_1673108672'),
(38,'dulciana','lpVBnTChIi02vgiYKcAdu8_F2O8Ehc0W','$2y$13$xqrjy8gKcEna1Cq3OBRKuO/thtoM2TdjgUh4KvbdX./HNezPFWmUG',NULL,'dulciana@gmail.com',10,1673108673,1673108673,'EWuskeXk3kZHomBHxT2naNowbzOrjACo_1673108673'),
(39,'donia','fTNrlHy1uEna8MM7DX0OeU0WrwjrRICl','$2y$13$Rt8wvwDeUTSZgWbER.RRzOsGYp2UywX05Va4nFNMoInlnvRS.P2c.',NULL,'donia@gmail.com',10,1673108674,1673108674,'RWRas55goYCCzd19H2K2HTOY5PxMQTtG_1673108674'),
(40,'abraham','XV7OJSYgvZYaor4vW3pSkCPJ3uf0KII3','$2y$13$CRK57VZ8sHaBpyYbsjuRJ.v5vTXUtdGSTUZXEa.a2ucE06FLmzcLW',NULL,'abraham@gmail.com',10,1673108676,1673108676,'qbtV_S48FAXQf1JDeud27dusHmf_fW55_1673108676'),
(41,'gerty','1kk0MFcC6AzryMTksV9Is5IByt_cSPL-','$2y$13$hZHIUdiNC9q7x5kwGaYCSuxc5JwwAv0iEw6F9wlmkBYbnqnINjtlC',NULL,'gerty@gmail.com',10,1673108677,1673108677,'OskxP_x-QAXns-Qm7JgJGUpXX3ZRVB_8_1673108677'),
(42,'barbi','rp7kSPOpsG0zvcDU7zTVL4iEXgiZ4jUy','$2y$13$r3HssmlsKQX8lVWc6fzvre84PqqmUVka/QX42BfYK3t2.2PK3FrK2',NULL,'barbi@gmail.com',10,1673108678,1673108678,'hNSbAb_7TQ8U1AQ8OZc2Ehpcs2DnCrFu_1673108678'),
(43,'hall','IdQzz8Zoz_pEHpmRt3bEeMkSpGxYxmGU','$2y$13$kQy5ttjzaP05f9hhstSY9.dEsWkK7X6kyDvev1VG6yBRfJGjnb9WS',NULL,'hall@gmail.com',10,1673108679,1673108679,'GRm_9RvuNwdf62uzfYdW8UPylqvMnxFG_1673108679'),
(44,'tiler','xD_w1QBliGiOqmK-XAZghsLvIKXdMbpO','$2y$13$63rGj6T2XTiqnwPANSkhaeRwP9op.o9qFjoAvdg2/8Ir.c/SeTZBm',NULL,'tiler@gmail.com',10,1673108681,1673108681,'JEcWkUxyzgU_i-4efJhzeLJnscD5oomz_1673108681'),
(45,'rod','dur4Y9jYge9lUVheFEO-t19u8ihPe3X-','$2y$13$gTd9cvWfo6HOucDCBgL0EO4PlwvKAbu1HlhALY.ZAy8HoSh4k90ii',NULL,'rod@gmail.com',10,1673108682,1673108682,'oR9s924vThLeFOyjSGLKHaXICPtXNve6_1673108682'),
(46,'brunhilda','R1m59pUDAhQZjs8gM_6Qw0ndUxcwDzeu','$2y$13$eiWiDSRdYX5PDlH4bKJEgeCUbtmT7RnO3j38olDaHUyEmXrJ0WNiW',NULL,'brunhilda@gmail.com',10,1673108683,1673108683,'Xw9cNPTyZlwHqlFRtf5m6UCbs6INeweh_1673108683'),
(47,'sandy','LMMAQBHWkViIPahLsbdHMI6Sb5hFEzHL','$2y$13$IppaxzqZgNWzWsdR5uza2.swJkLr/lig6FUlRBubcEUgCWRxDaOgK',NULL,'sandy@gmail.com',10,1673108685,1673108685,'l_68W_Q3WwqwLT23SMaI0mNg2IVGDYrz_1673108685'),
(48,'hyacintha','d_VpwudyGn8taXQttQ0auqGyAvI89Kk9','$2y$13$cr7O3fFNt33g9CqiqN0jReCnxeASTzzya5EUsjZwRrlIxk7Kyjd9G',NULL,'hyacintha@gmail.com',10,1673108721,1673108721,'5wtw4Ai_Qs-YB6TAt4lJHxOAfx1pU5Ko_1673108721'),
(49,'kristine','qJILD8xdNGR512fwwCta4VV-CR9N4Yax','$2y$13$qNBJD25ldZyRFgDb1UngYOQVq3yHaz0EwAts23/ZoyfvRGoUSbMUu',NULL,'kristine@gmail.com',10,1673108722,1673108722,'JgEhfurzq7FOiabqcCsZ7wKvWuu79s1t_1673108722'),
(50,'innis','x26J-3gaVGleEZfH5VvQrXvvH4gRqdGK','$2y$13$vyiBryVPIh1OABLjtC0R..3Sc7omoRgxRiLeNZgq39BUGiXFqSZWK',NULL,'innis@gmail.com',10,1673108723,1673108723,'SFpoaqihUG9TRnrZClumRc1VDeSDcMPU_1673108723'),
(51,'delmer','F52NuoZsGwXmh1WYYrpxpWmDUkSeoC-x','$2y$13$ZoHnhG6m8eQQY8Jw2xzFmusmxNwTjN20OG8r9ok9aERwukxAnLz6O',NULL,'delmer@gmail.com',10,1673108725,1673108725,'2x3TowS0nfQ4pXxmUC0zGeMznk2ePRt7_1673108725'),
(52,'marlane','-E2sBGuxOFMmC6mLrhYWbF5d154YsOI0','$2y$13$VHI6sOO7bZQ9K8Ub9mQVUORdUUAwFSjNMyElhCfaN7.T9FWFCYM46',NULL,'marlane@gmail.com',10,1673108726,1673108726,'Do9ahpi2gXQldbpH46cnaymdKIEe6gMz_1673108726'),
(53,'opaline','6vYpAV2fBCAXoECIShqdhWWAoi_-phqc','$2y$13$WnXnfhtofeOndwgisBOFsu7DIit7/DI7v55ynvKMzYP24Ls7ffVx6',NULL,'opaline@gmail.com',10,1673108727,1673108727,'S-nFYnzHXk7XayLtjVE-J_hnZiv-zHOv_1673108727'),
(54,'tobiah','88llP06HgwXA9F1rirxPdAf6wSUAe_mW','$2y$13$zCKwVJ1rkR1jBjxdt1Tf7O3KQ4k02etbGczVKB07Lhe82OQFAlRu.',NULL,'tobiah@gmail.com',10,1673108729,1673108729,'g7ZUqP8Gp27uK0fP18le6AmyNRSokZSX_1673108729'),
(55,'graeme','T6INgrdBSxP21ReAho1atA9ekLRW-YQ4','$2y$13$Q0ahhnmTX2PNHGhQzsFDr.JqoUR8zvXF5N5EH5Lv4UMeUobF5NVja',NULL,'graeme@gmail.com',10,1673108730,1673108730,'U36YBYZogVZIvRB2xR87YFyyikoxBef__1673108730'),
(56,'shanon','8LjpPAJIfr22Xxv47HCJ30fhp8W8lx9-','$2y$13$na2AKTy5fMNxK4GE3vWAXOWS.tRxJQzrKLTiHNY0VNErd1vkAOFWq',NULL,'shanon@gmail.com',10,1673108731,1673108731,'ktapaqcFZK5WzN0k2ApmCksxWi18FkMh_1673108731'),
(57,'ermanno','yIXKbv06rCT-7A2_tD5olzVApuBX5lu5','$2y$13$/L4n6t04ABi9BRC7eliwXOkj6J0uNNBzH20NzLrmkZR8WVowLJjUm',NULL,'ermanno@gmail.com',10,1673108733,1673108733,'w4IFTKInsOaRoIJx_L7t62qml7B5B7ZQ_1673108733'),
(58,'philippe','qJFDTyBP-oO6y-kFAlaJ5BKJJ5CoWejV','$2y$13$bRdpSISNksDweVbLMBpAZeyc9yUn6.klOoDvBf8H.YGxTYc.cl0b.',NULL,'philippe@gmail.com',10,1673108734,1673108734,'8UJG7xwKFVCIFvK_cGeQI8UyudUz__QR_1673108734'),
(59,'addie','Eu1rX42Pur-L8JEx_48DhTPhCDPMixl-','$2y$13$TMBuDkgJeOTsTYE.N8sKFuZmXwaWzWpizraDKXQkdVrECbbXYcqIC',NULL,'addie@gmail.com',10,1673108735,1673108735,'mlsgBEkJSVgCcmDivmM4GWgLHqHfFI5c_1673108735'),
(60,'carole','tgR6r7dZU9_PGW11pHtQ0FxPZBf1FjJX','$2y$13$GP4glj79B5U0C.gRjxV4cOuPnnflORAWWc/klQm3tBVzk3paxqisi',NULL,'carole@gmail.com',10,1673108736,1673108736,'oEBf1LXD1hfTfg8DL5vV2XpgEUrWpDp5_1673108736'),
(61,'lenard','tGLTKSqCAw_b0sYMwYzesdZ6Fv-8FBfC','$2y$13$LMUkLd7jBaqIHgHSf4alse0HokEuuPcWI4Hvk4U4g9rtaY/j90uuC',NULL,'lenard@gmail.com',10,1673108738,1673108738,'US36CEhyOMtTobXsFjxJLzyJPl1PKDhK_1673108738'),
(62,'twila','us9il9SXg0I3NyaXYyaWKHY4rBvMnUes','$2y$13$cn8Ocp0DoRiKhMVjS2/LaOHynnlUKnS60wsx9DRr2ad1ucTTuITPC',NULL,'twila@gmail.com',10,1673108739,1673108739,'gvuG8L8we4i9I4tiHKlae5Ml8fayWzZX_1673108739'),
(63,'marcellina','CEeOyplvZccWJXShoYTEX3mEjqjb-P32','$2y$13$Gjt4lIUzCWNO9wiirUtKT.NRoqHSe29s6x3tANAvB5mWFSya4Q6O6',NULL,'marcellina@gmail.com',10,1673108740,1673108740,'R8Nsr32IMrgIOJnLFPDiCLF_Aw69cRU1_1673108740'),
(64,'bryant','WPrGw6NKRqYkzSVvRhj530IHIVUN-KS3','$2y$13$GVf5KPxUH21HUnaiFB70zuV.cHU5od57Vra.CWksNe1iKt5gy4VnW',NULL,'bryant@gmail.com',10,1673108742,1673108742,'XtXViNSd9wGgK2o0qxl-OkAbBvYI0P2u_1673108742'),
(65,'gail','gmRY9QgMr-SrEgodZ8oDcAb1Smpxl2bv','$2y$13$W.z9NRsSKzhrDF2o5m4HB.SoE5FAPWlukHebCS.AbujeMFnwRrVva',NULL,'gail@gmail.com',10,1673108743,1673108743,'FPCwMuV0UuZUISPQx-_tU8aM9suGqqN6_1673108743'),
(66,'charisse','svD2b77-gAknCkGTVDHU1BAeZGKXtAbV','$2y$13$sX9Qbisk1818ACUstNicb.xCRDxyom8hwPJiWFsWvwxjk4e7EsIZi',NULL,'charisse@gmail.com',10,1673108744,1673108744,'QZJNRj12TsxvGBmhDe2Zjue2eDfCj02h_1673108744'),
(67,'rowen','yB-h4k7vFXaPB9S5aCS-6BPQ9ya-qnhN','$2y$13$6PSKKxI5Q2fBUfIFBSAg.uD9GZgBeqgQ3IxWU0St5f.c.k8sJ2Z46',NULL,'rowen@gmail.com',10,1673108780,1673108780,'QHreNKvS2Zd-FQSprwego00IfS6u8WGS_1673108780'),
(68,'kriste','e1OU_Oz4Fdi47AYYm6InETQtaGy7i4oq','$2y$13$iuAwANTWSwjgd2ms5LjZBOT08asKMqT.rAKXQkPQS2O5l96N/Efyq',NULL,'kriste@gmail.com',10,1673108781,1673108781,'XlxoKMLwEglmCx5eCk9Abw6cvBZe6D3z_1673108781'),
(69,'mitzi','ysGIJX_EpYamMlNbkJrs6qusyZWo5cVZ','$2y$13$.dApOVMjSf.Wj/jhcWula.WFVreMWyi3NIwhGhD/gzUTdYNlNqJaO',NULL,'mitzi@gmail.com',10,1673108783,1673108783,'LQSPWzVJR-TfAM6OCFCO_mUVVZC9P-zN_1673108783'),
(70,'reinwald','eqLgQLxMHStKPhvj_1J7q_M5_ZCKMKBA','$2y$13$AIymq4X/96ougN2iIgRE.ePF2/ui5AAptX/kIzwbVDEgkdr/atQMO',NULL,'reinwald@gmail.com',10,1673108784,1673108784,'NsMDckuovpbo2YNbZtbB1nlP-9UkA4Cy_1673108784'),
(71,'ximenez','FVE4Mo1crkD5lTq7aChHUnlHIf3J7IEq','$2y$13$WjD9PGacJ/3meY3FaZaTr.wruPtkDCRLHGc4O5UisZ50ZFM/nfWxq',NULL,'ximenez@gmail.com',10,1673108785,1673108785,'3ad7Xaqwm7YAJ-cBCRDzKXio73V9vVOX_1673108785'),
(72,'ted','IjcIKEk14VlR_9GtdICuhcvYHoZ6AoLu','$2y$13$GmGjbw1zyHPe9RtTMBKxv.GIZg5CydezHhnJHF2QhAX4kvkuoa.1m',NULL,'ted@gmail.com',10,1673108786,1673108786,'sMQ6uTC2NoVkPJk_J5s_mi-zwn-S7OHz_1673108786'),
(73,'norri','X11f8Tyk0iSC_0IziBuBXGWvkjpq_0Qm','$2y$13$U2Z1zv2e9Xt8PNm/c5BbWeZmMABzwF4LeKoTPdJmhuuC.p6zMVQfK',NULL,'norri@gmail.com',10,1673108788,1673108788,'2hmvyfYzKgne6YUuvsJ-BcXxw00kLPww_1673108788'),
(74,'grace','bl9KBMJBze8qKCoyUlZ9buegcXQqAsY0','$2y$13$GxZ2hU7La/.2b.c99yBmMu3H95ZNMuHXKKug4ddlPUwVwBbVWJXhq',NULL,'grace@gmail.com',10,1673108789,1673108789,'e3jhnAw7C3YQW8a4puo4Q_1oERUst2tq_1673108789'),
(75,'kathleen','R_UXwuVzMctsV2BOt9MKnh-YeRbdw18C','$2y$13$v1umamt40GDOcuSnwb3ehuZYf/Tl9.wOKjKk.F5.QQ6UY3UrlpGoi',NULL,'kathleen@gmail.com',10,1673108790,1673108790,'z9WrRZdU2S6Pld0Y9Ju99M4AwOQteDsZ_1673108790'),
(76,'beryl','R02XOrnKhbzXH_NciROYnJLxm8E6Rb6M','$2y$13$adPc0zXP4qjekShnika5Z.e4DSFuaA7csge4w.xkPPskiz.PXD8Ra',NULL,'beryl@gmail.com',10,1673108792,1673108792,'3SFNmuK813p0OpKwIbDrF6Q_h36mYCyH_1673108792'),
(77,'priscilla','kOQygth8wkj1CSchFHydn--JgjtFO5Fm','$2y$13$sn2jSqe4itzVMp.wYojmk.Su0YZiqIsXk0NnHUudw36Z/O3..6G/K',NULL,'priscilla@gmail.com',10,1673108793,1673108793,'BqYF5NrRzbutcWB1pKbMFFPuai5moHZl_1673108793'),
(78,'rustie','PfQ0Qk424HaKx-734EU72zM3k3A74CK5','$2y$13$5UIBZ/H8hOqpBUdw0AwmW.CVYdPRj8DkzVOyJHWVt1muzDOza86Me',NULL,'rustie@gmail.com',10,1673108794,1673108794,'Yvm3K8nUPQFDZTiJ-uxj0TbyIKaOW3yh_1673108794'),
(79,'evelina','J-iXrRciA9daTFPUSJjMVBesQGQWvWcI','$2y$13$i5BRDK7.LQjw2XqHJ3adFuyNEa.ufXPgBJqTuzqEzRXkPGy.AYcqS',NULL,'evelina@gmail.com',10,1673108796,1673108796,'dNmBx823LujpHQfr9lCRcR_a-umdC-BD_1673108796'),
(80,'elisa','3IPizsxupicmhFTVAnaR1R5tmy8Bg1Cy','$2y$13$ygzRk.ERjG4GuQnqoNRhm.AMSVUypyOlTXa.Oq1Jw1Ofg6vfu4vZ.',NULL,'elisa@gmail.com',10,1673108797,1673108797,'GTHeyJK8K8_T3YdpqSe3uxwLnXavXTrj_1673108797'),
(81,'taylor','XkmGl0viMUk9qUdOmiMZlbg8Orji8FVP','$2y$13$G/ibmMfrs8udTmq3d/zq/ul1sDIrQUFwpqwseaBPJZy7dobjx5UPK',NULL,'taylor@gmail.com',10,1673108798,1673108798,'w7XId4hS-uiSBHV20MMCozzxIyaubNWM_1673108798'),
(82,'hal','FzN63KQoErcRyRz7plwKmyX5yUVek8dD','$2y$13$8yUPOWjHByr3BNzP8MzqdOae.Z9AUujfl4mVtM.jsI905hR5180o2',NULL,'hal@gmail.com',10,1673108800,1673108800,'zAfsPEjZ8N3sL-BsnqLE0yRLUS2nEp4z_1673108800'),
(83,'marnia','Yhv8Cis9v1dHu4-SbNzDVIOSfMMFW1fY','$2y$13$wvkicCplnT/MNys./ODUNecjAtrVHTN1kk.rJA3f0oDGf6vrWOAQ.',NULL,'marnia@gmail.com',10,1673108801,1673108801,'gn-q5_kKbBEOxN3wlS0paaL4CjsQdtno_1673108801'),
(84,'hilary','ZVTZ6qT2P_QzfCedfx8Zf5SzVrP7-A9p','$2y$13$cHpAxfRmXPgaFe3fVAS60OeSNuBdu/L8p0czqqgxvSi8Y1k/T9Sk6',NULL,'hilary@gmail.com',10,1673108803,1673108803,'rmcxvyMZksMcIvRd53LK-q4_KOSmsPRc_1673108803'),
(85,'lorine','MTvhsNp38to6Gu_LDZ3p12QmefbxEAqO','$2y$13$p8stnJ86p10n/CBdW6ZR7OTJgNb83T9LMBfZ2HxMtZNygkWOFenaa',NULL,'lorine@gmail.com',10,1673108804,1673108804,'gmyVtgfUHtnqvtM5LoSCt6DvAHz5g2Xw_1673108804'),
(86,'turner','AUkuwUsUZmtNSPkQ-bENlsi4KeplphUa','$2y$13$rpOTYqlj0g2XOuGp.O3XBuo7ZGeaPXgscM.HmuBrKQCVc66B6WX/O',NULL,'turner@gmail.com',10,1673108805,1673108805,'vBZ2O_KdoJPnEYTM63uw02zrtZ38GkKr_1673108805'),
(87,'ambrosi','JiO_bNURPX1a0AggBt9zWz3i0-pn-jzn','$2y$13$LIDFYVI1AZY1lvGtDzFEieJBIvZjqBIJXjtZ.Dj7hWWY1T/gFzXc.',NULL,'ambrosi@gmail.com',10,1673108807,1673108807,'lFxlPRyyGiZtlUxdVpj_U1r4okjGBpzd_1673108807'),
(88,'valenka','-IglNNUto6BTwT-2zXEqG6zEj4TeK2Zu','$2y$13$djWp9wsWEl5EzQRYCRKWjehHLlSA0clVUkBzrb0T3./z8o1O7PYEe',NULL,'valenka@gmail.com',10,1673108808,1673108808,'BJdEcp-3QccAsasZRxFTEhBN2CHED6Fh_1673108808'),
(89,'luis','o6cG3eSVfYjuQJsNDz4AJuDVX9au8i6P','$2y$13$bCXz3IV4vOnlT9gLuGFEvOxZz3wAOHf4N4zB6mvcHn/1V8fL2qNA.',NULL,'luis@gmail.com',10,1673108896,1673108896,'PV6nbzO2XMmEVbgVtDutUgId_Q3VVefS_1673108896'),
(90,'stepha','GtxfhyVJVq_WEFJgw2s0Z7K1UqgxTv7K','$2y$13$PsYVKuYL4FjNHzSI4NFh2.dusQ0YVBnQl4g3qPHgQZCDNBgySRjt6',NULL,'stepha@gmail.com',10,1673108897,1673108897,'86wxJIIxb63w1SxbI3WOQ5MMZr5tE5I5_1673108897'),
(91,'martie','PtRhzMIoh7lTyxgUpxaZxu9a-NQ_rdJx','$2y$13$B0MrN1doyqOOMn3b.lqDDeR2TgvbRIZe2lvPWTb6Bme051O1nuP0C',NULL,'martie@gmail.com',10,1673108898,1673108898,'7tQagH6M-WJR_OunWCETUV0eKwpXsePJ_1673108898'),
(92,'lenardo','TWEVcXuc0Xyn90u-7Cxyzqj_MEhCLd1S','$2y$13$0vm/FVcwKmG1iSc4vff1e.axfgJ5OhsCVk/Pg4F8yxnh14s9HQBfa',NULL,'lenardo@gmail.com',10,1673108900,1673108900,'d2ii-RXAK4Nw6XaxLNwC-9Yabj3Q6j3N_1673108900'),
(93,'reggy','RpJogYOtuTaU6wZgFXYwOFzIhoxqDCTd','$2y$13$E8RB1eTiOJ5dFr5ppAKRqu3jHJdGdPRcL/9lv6JZ761LRQTB3dHEC',NULL,'reggy@gmail.com',10,1673108901,1673108901,'s2N2m86W-9Y3B1reOciML-uUe1ezyI68_1673108901'),
(94,'evvie','ZROVeYV85nnkLQcOH3Ph1vqoifGfI8V_','$2y$13$dU9BkRpURkvE1ncuECmFTuA8MBdOBA5jCDAKxcflOY7zmQGPW9B0K',NULL,'evvie@gmail.com',10,1673108902,1673108902,'rEjINW8M9OuVUIxqDS9ooLAmZl2nGzmI_1673108902'),
(95,'chad','N3ucIf3AQmt9qp2DkVIFKkkjgZWIacJD','$2y$13$it.LLG7l5hcKfwBKUnG5v.NR2I6juqVzLJ2WyU6y2kwLtOs.lvEne',NULL,'chad@gmail.com',10,1673108903,1673108903,'VfIC_SYcc2Qpo9FNpTP55vkAezd2ZEBD_1673108903'),
(96,'hanny','Keh3K9qHRZcMSTfuvTOWlDqOHMc0W9r7','$2y$13$5KCPK0PfzWp/ewf6sPipsu.g/5pRdRqfzzgxyVRE/m5NjLFjmt6WK',NULL,'hanny@gmail.com',10,1673108905,1673108905,'B8Hq58eNOtqSAO1WAe4iQX2YV6ZVB3kU_1673108905'),
(97,'bidget','ZBr0lO2yKwzEu_GGJ3OJG3vFkm_shNEX','$2y$13$TVo.kHIOvDCfUiS2bdQg2ueFFsYqaBEr1zgp2V6j0fWjAz2bE75hq',NULL,'bidget@gmail.com',10,1673108906,1673108906,'p4-0wGWE4jWt-BfZfUXNTHH4GgX75S_B_1673108906'),
(98,'karyn','sE9Zsyk4211Beo9lcSRXAL3aAzvsghLR','$2y$13$Hn1jhdBPEtKv41zpOcr5Y.utfYSnjMrXQzzeE9PrDxosEwNmP5uyu',NULL,'karyn@gmail.com',10,1673108907,1673108907,'hCzeIxZ1pZjYsTkwU8iGxH9nSIMS9mt9_1673108907'),
(99,'theodore','EtFPiy-HFws8RT2lqrYj1_8QV2voV5dW','$2y$13$7YgYEX5CigtFFptU/w0nGedTeowr.17H0qnst5w8yvxIfJO33lwXa',NULL,'theodore@gmail.com',10,1673108909,1673108909,'xnAaeZaZXTPCWfzmwqZ34QvgB_ggX4DI_1673108909'),
(100,'don','wG7U_P-FTZ5xDWecFdC_uYwXRkFf6KJp','$2y$13$a9Ow/4PM0YFH8Xfd2K4fUOxTXcfkWa6ghs3N1h5PFudpqY8UFpnM6',NULL,'don@gmail.com',10,1673108910,1673108910,'4XwZgMaZF5hxhkt0mDL1Bjlkr7q9-F-q_1673108910'),
(101,'benn','no63qdL51Q0Py0dTN_WsCEVJtttYHEh-','$2y$13$2bS2ghj7NXxevSkLFVLvEuiJQI4sYN/mpNWfuo60YK.3j7VMxJCVC',NULL,'benn@gmail.com',10,1673108911,1673108911,'4IM53wiR7QbBI0BXUzmc6gU4jlVTs7q1_1673108911'),
(102,'jaquelin','MHMLsjXMIEnBC2SHn3BIMEK9kH4ZG9A_','$2y$13$7WhauLup42aA76OWfFDwfeLgyK/BdBCEVhlbzehTsAMA.Gw45KzI.',NULL,'jaquelin@gmail.com',10,1673108912,1673108912,'J2U308JyhpY3Ut3NZsRHt4cy9kf-0OPv_1673108912'),
(103,'margie','7i6g8XZI3kcYTpV-ZL6zHuRT8b4zhxK2','$2y$13$nAr0K9XzNe1F7mYSBmms/..okpQtuZoCkge8/KXn8qNZ8u/L3PLTa',NULL,'margie@gmail.com',10,1673108914,1673108914,'nmqPO9nYgiku4oVSBdB_CtuUGhapXk0W_1673108914'),
(104,'donall','zpsuOIoT31ZucRfEMyq7QHIs0OuHjfpI','$2y$13$Kv7PcEqXd7SElNCSm.zjkuuHCI3QwtJ1IxaqWEz981gPyfYQe/IA2',NULL,'donall@gmail.com',10,1673108915,1673108915,'ldjaRaE26JFt7oVxDMpNGlp9qAhG3YU6_1673108915'),
(105,'angil','OGEiMCHcrtuqcj6pgQfeej4c32XFm7_T','$2y$13$ff//ttPk37KPwxI8De2sHu6WVbffYO.k/rFa2jpyZ7gBGB9Ws26LK',NULL,'angil@gmail.com',10,1673108916,1673108916,'HnFnv81noDPq9Yj-s0l8Fs7oVJBOsaym_1673108916'),
(106,'zedekiah','MwYzaRCIyPkGEMA0U0SDu-UUKCf2P6Fw','$2y$13$gKV6LtQtHTcVI0RNE6wGVe8MdOISquI28rvBTgzSx5dEJ.VuicXJe',NULL,'zedekiah@gmail.com',10,1673108917,1673108917,'0rLr5Nz7Yrv34RofWplaHnFCODYdJSy6_1673108917'),
(107,'derwin','OMKbnhQ1nvYiYmJuS48WNGhh2iDcdvg9','$2y$13$4NBD4f5vO2WA7ddp3vYjtef3KNwypKskvulnNv4A65IpofyfMmwn6',NULL,'derwin@gmail.com',10,1673109043,1673109043,'_lSWX10sqoQXmnjNneHAXPNTOtkI5OJ4_1673109043'),
(108,'ailene','4Z32wAmZWkKRQc1DNQaV48e9wJ5VxNuz','$2y$13$T8gwxftOhacsG0/kEaD2/.s.mK56jILuTxPrnVZfNfAadZGDlQiTO',NULL,'ailene@gmail.com',10,1673109045,1673109045,'5bIOQHynI7ca5D-lU6FLORbNzWShRddE_1673109045'),
(109,'georgie','Ch06F6yIqAE8h_2o4VsHh9a5LRryEOCV','$2y$13$4gvHQ0QFJ5/wHZM6KKSTi.0u3UGRqhAV2NOBgYWnNgybRvS/2i3pe',NULL,'georgie@gmail.com',10,1673109046,1673109046,'M5EmzXdBRada5LLTA2GGlOwBjiqywiOq_1673109046'),
(110,'griffin','pPOFNpVdOyPaxDmhCebB3q2xSfNrxcyl','$2y$13$LCHGs/A40j9lrdG4/bwqcu6e8DCvVsLAnMUWIgzpfiksPH3AoXs9.',NULL,'griffin@gmail.com',10,1673109048,1673109048,'kLPmJZTc9C1XE2vZg3iN9tSveyj4YPC4_1673109048'),
(111,'lorrin','Hnqb5cCWi5MRGik_IqdFAxhfl1UUhSz-','$2y$13$OtPcgUzhPSRKRzgINUyPPumh4G1blwY2YAZHZGQkRcrxcw70G0MxG',NULL,'lorrin@gmail.com',10,1673109049,1673109049,'d1CR26X0TxcgfHu0H5C7L7VWX7BcRQ-d_1673109049'),
(112,'arvin','DApym66BnMpeIyrs6WmyfMPzKQYCipB-','$2y$13$PawwcMPni3xURSsfr.QJs.Qsx0PTFgcRbc7/ze.r5Fn5L2V9gBMK.',NULL,'arvin@gmail.com',10,1673109050,1673109050,'9EFSoS0fgArQ3uwsN6xfbcW26Mt6zuuY_1673109050'),
(113,'edyth','ZBjvRMXBpilQmSRfQNV-5PP6DwUWhx4m','$2y$13$9NGoa3uJCxEFXy3W9CWG9OzDBa6tNWRoOWugTbCOxicq3y14Haqiy',NULL,'edyth@gmail.com',10,1673109051,1673109051,'uxk0xH-UkUO27q3MumsDlU_FCV6xmeFT_1673109051'),
(114,'alecia','vVdEb5rCMsIJJemY78BZlPpJ8oCTZ-1Q','$2y$13$BqT0ZC3Atjwn7jVhfegzVeCSLWeHDhx9se4dH8TaL5tjEhXFSsFNe',NULL,'alecia@gmail.com',10,1673109053,1673109053,'Z2Ad2BrIs2txSsUne3H09Pr8Iz0aBGes_1673109053'),
(115,'malinda','GehENsikSoCnqb1xAqWX_GMzz--6j36o','$2y$13$FG7puZXiO23MZfXxAUWhqugtEbQcUB2DIw4.KqHH5FwDGQYWcjiTy',NULL,'malinda@gmail.com',10,1673109054,1673109054,'RVqeZpUaqeGXuWb58R-VualSv1mVBaO7_1673109054'),
(116,'lane','JYXDsVOGp0_snTFdHl87k3VM4Lx5vzwD','$2y$13$L5Fgve.Cx4ZyV7PGR6hdoO7SVm9RQdY8.1Fq8SzWtkM8egWSoWpAi',NULL,'lane@gmail.com',10,1673109055,1673109055,'f-xwGv6e-1P3bUztJnnyZ61QwsLP402d_1673109055'),
(117,'barth','kgjQ_pA6lgdnyxAvv_UyHY1q8ZVXUk-T','$2y$13$h74eD4nQvTy0C4qkf2KEterlpfILBqHchLZXiwY2e0jKJgnt34Xby',NULL,'barth@gmail.com',10,1673109056,1673109056,'24nEQP5kWVbyv-ZNsruiiU7tvvHLepZo_1673109056'),
(118,'cirillo','HG0P-xqw6UdBPD7QbnFeCdzd4w2_5qR7','$2y$13$uXfCNu4aBws9OHet/201..YTvxjGD1OhKb2j7YL6Sb7khFv5YEBl.',NULL,'cirillo@gmail.com',10,1673109058,1673109058,'eGNcXbJhuIxhrNoLfCNqj_BqVzhUvQxb_1673109058'),
(119,'alexina','wccZKrEV2xRwEUZanVILpR_hHZ96qXm4','$2y$13$bp5BKBDPk/kFbBB2ry.c0.DsQEh51YiyD5Y8yTEXsbaNJeSnr4Zsm',NULL,'alexina@gmail.com',10,1673109059,1673109059,'AdSGk_9rPqtDa91yuNZRonhesNLjK8zU_1673109059'),
(120,'abba','NtZgRrHb3qfa5C7u0BWBn-M01Rz8yCio','$2y$13$fZTGL4QOOC/dCCZq7t0.w.nqH1d2sczTHbrjkAeg0S27yxvCPPbH.',NULL,'abba@gmail.com',10,1673109060,1673109060,'xttXqE2nV69Nj4ZJAWHVYVoygnJ2nzM__1673109060'),
(121,'sibyl','8by-ByPYJDqJcfYreAqrJRFZEQvdqMjr','$2y$13$cyqIwS/BKFQd9XGC057.queLNiHb.5hWJcL.xqdieLUvWL51wIfyi',NULL,'sibyl@gmail.com',10,1673109062,1673109062,'lTeBf8xAmC3fYHFRHSE8xLo1_Rn6yPnV_1673109062'),
(122,'olwen','OLINVWg4oljhW_PyzhG8pt1osMCwKOSo','$2y$13$RiQSzoodUmXJOVLGyxuaS.4ibysx8uhp393n3k3yMVntOB00zJrdq',NULL,'olwen@gmail.com',10,1673109063,1673109063,'sTgFuYibz0R-wPGCZfc6wwRFIy5skGr6_1673109063'),
(123,'osbourne','VyfhQKTSzqKdB9QqlH1-DhljEJJl_AOk','$2y$13$kzswGRqLSUBHydwTaVkPC.OOkmdKEIB9sGJ4TZjN.4TvdpQGqO8XW',NULL,'osbourne@gmail.com',10,1673109064,1673109064,'wL5NtWdwhZ39wGVpBz26AJS_efyRzXBC_1673109064'),
(124,'germain','K703C9pIsEvwip7YwUNMYsVUh5GtgMFj','$2y$13$R9SRh/UHvexz9d3aW.VXEuhWjWCYmhn.QYfkf/xGIuWv7x4wguo6a',NULL,'germain@gmail.com',10,1673109065,1673109065,'ZFEabIXM6mj7S3pAJlVJye7r4WdQCA9A_1673109065'),
(125,'patty','lMnmMsYhwwL4-ncLRnV4bGsaH8EYjIDG','$2y$13$XCUeL6mwlVX3Kae2DpuW5eMZMCoFfClvfh.DytYD1KOk46AcMrw9S',NULL,'patty@gmail.com',10,1673109067,1673109067,'Ge6eRiVd34vQkcdOFYgHwvgRHI16Jvc0_1673109067'),
(126,'leann','O1515mui4FDMfskVl56IpLKqzFiaYQBx','$2y$13$1lBBkfRUchzHc7q83bJVd.I7P1yV6qRUB3PMNgHEHzzILXbIo9OPu',NULL,'leann@gmail.com',10,1673109068,1673109068,'j-AmQZ5M21hy5XOqpPWktGGoIuqABJFj_1673109068'),
(127,'stanly','_tn0IRuaufNsCUuMDJ-7GtC65aHoio_d','$2y$13$UVJ8mGBrbNQo6r45sMXS6OKWGbreH.715wfc4Pd/0RJA8NfKJfAce',NULL,'stanly@gmail.com',10,1673109069,1673109069,'TcrrmR2SApRNIVR-O83Ch8YS2kOzw7QV_1673109069'),
(128,'brandais','1Wm50my7irbWF4wx2ibsR5TDhhMS31-a','$2y$13$4WvywemARvfbFLun/BCVb.udshFT0ovKTfPetU8vQxD6t0dy0P1Gm',NULL,'brandais@gmail.com',10,1673109070,1673109070,'StOliBMg5D-6-GZiyNzOzXtn49Rfhm8Y_1673109070'),
(129,'paolina','TJVvn7HLJbKxYWXo77yU24pnT7jpg8T-','$2y$13$JUplxSfftbEK1aeDLV1LHeOUbp8Zj2L.MIx7r2URnSm9IQ/JaAO5O',NULL,'paolina@gmail.com',10,1673109072,1673109072,'D_z1ErG2NoBHctXAsSJGzaeCTRmYeVjg_1673109072'),
(131,'harmony','vxGYeT2nzWrlx6VRAcA-j37SmOCOuNYV','$2y$13$3vQUeC87WjlQjfjyG5XO1.81ppQIPU8m1DY14qmoKutkcDT1EXz3y',NULL,'harmony@gmail.com',10,1673109244,1673109244,'QL-dGZXG780PG9xR49wi5o6oXB3RerxM_1673109244'),
(132,'nani','z2tnIe03ukBu2y5yUDswSfwHyzMkV2pB','$2y$13$3/GLbJizjbB1eKt3zeNMDui5QK1JHBToLVrGdtJs4BEfe6xBKQhu.',NULL,'nani@gmail.com',10,1673109245,1673109245,'VRI5n5D_FRGIehFWway_c8mL1Tg5aLLt_1673109245'),
(133,'edwina','CWSo35pDCDvW9C1YhaMh-_OujXdRQNk5','$2y$13$if3O8a.TeLOn9Ca6mSn89uFqT0WOUuBKIh4BlF4pbXEIDEY6Rn6Oe',NULL,'edwina@gmail.com',10,1673109247,1673109247,'ZpNdLwFY4PdWzWyBA6BIVY9LJzvzCfh5_1673109247'),
(134,'thor','a4Hzo2fcDZChD-vD0P1uIHS6Hx2lnDZk','$2y$13$oEQ7qg69unR/iy34XX5VvuRrRZaz8PNBlubmAegYRB0XnintbOPoi',NULL,'thor@gmail.com',10,1673109248,1673109248,'ee3YYLJPfEPDivzD7urfmpwKrT_vkpYP_1673109248'),
(135,'riccardo','mreHsxMd9adcKq0RLO3czJlzgiOE7OFf','$2y$13$P94Vj3T9cm6zrpYJWe1TxuxVQML0SiGZW7P6AyiC2jN16xtrH7y02',NULL,'riccardo@gmail.com',10,1673109249,1673109249,'ghfjzrYvR8skpkFjoPi-q8ytArJ1I_Zl_1673109249'),
(136,'cosetta','FhbN_Qv25kVHTcbexy9ltrW6ixsEkZbP','$2y$13$fZa1mqrulSrbg2swKVtOBe4q6kTIG4iqFsKE/EZ8R054b2S5CHxpG',NULL,'cosetta@gmail.com',10,1673109251,1673109251,'PfnKYb22xrBcVtwZQTF4A3g33XP94TWO_1673109251'),
(137,'lara','hF629CRLT9kP0xptKi1S42DI7y4Q4PWh','$2y$13$vnMXbtvYgj7VdhEr5aqZYelxWywsq7iBvVvVqPHNlLz17egJ2LrXe',NULL,'lara@gmail.com',10,1673109252,1673109252,'37V466mwGMkd9-Px0xIIV2uCPpcB81tt_1673109252'),
(138,'gretel','bpb-_wu0LkREh1cq-RTRnHoz8X0miA4q','$2y$13$n3MZxRHo4ppv2J0J6eVWLeFmTb9vnJJJNPb44GBTBgbZrG2l5JdNm',NULL,'gretel@gmail.com',10,1673109253,1673109253,'pGbN8Ad6jM8_zlZJQytLbgb5lUXBCjYB_1673109253'),
(139,'talbert','cIXbsw9nMWYjTtpqAyZkH92IkxZcX3Wj','$2y$13$LwAIvtSB9SZPgOc4PTPQ1uOVFhgdUBzmRMyywBNk8o7qAWEhIfili',NULL,'talbert@gmail.com',10,1673109255,1673109255,'WHNEeOqKT04aPwKvo-90R9M5S14ORwPB_1673109255'),
(140,'ezechiel','yLBcF9PomBWPtbQjxFfxPfc0QHQHDqhC','$2y$13$PgQseiO8dsWjzVmPtUU6sOAgGUJq.W1N7uq0v2uNEzJBToFYvvQL2',NULL,'ezechiel@gmail.com',10,1673109256,1673109256,'wgSO0Pk46Vo3aRN3BLRIogYfKBPaAp7f_1673109256'),
(141,'nicol','uk5TVZPEvepAVYvS2oonpDsPRuRSIJsI','$2y$13$YLxRhoQwXLizZein5pTFjuesE0CsUpjQhIvQ6HGORJ6PbAzK3x5Im',NULL,'nicol@gmail.com',10,1673109257,1673109257,'lBizDt5ddnlBmG-e8i88tv7P42xCDmYI_1673109257'),
(142,'kelby','CcKrrGi1ItRXQhty87uy2DZ57u0s_NwI','$2y$13$r/YH5UPR4ThHm/R8izoUGeDCD9qR0Kur5HAMDpkS7w7g/jft/746.',NULL,'kelby@gmail.com',10,1673109259,1673109259,'WVoPzId4yQB4W8Zn3w3qpQpuvoLuLGGQ_1673109259'),
(143,'jennifer','5ueHvoVno6MCzO_RUw9Ub6Lk4JZj2evw','$2y$13$lhn5Asm1TFFR2XRwZfVqhODMenhitfmK2puql6Rym0E6O59lxhJu.',NULL,'jennifer@gmail.com',10,1673109260,1673109260,'VoxXqGV3F3CV74UFgKCfhmbvQRqqEcK0_1673109260'),
(144,'shandee','ehYWtAcTmc07aqR1ibnrfBJNKbahjliN','$2y$13$0XaDkNUR1YoWzAMtPJTiNuFDRSttSG4QDLplmFaJImuhMZIna8PlC',NULL,'shandee@gmail.com',10,1673109261,1673109261,'9jOqcBP4bQkMFUzI-Fm9IkYYvzuOUSsN_1673109261'),
(145,'vinson','-ZJPk7RxWSIFTxOvBo3h-Dx8Ivnti2nP','$2y$13$o.OFFGqbVSFuV/hnhFoBa.KKkeqdSs2l7LCzaDhb7/BCkSGUdHxTq',NULL,'vinson@gmail.com',10,1673109263,1673109263,'ZidPHjLYI3xRiNmE-b_uwURAevPUgDmJ_1673109263'),
(146,'belicia','VWOCdA1fc9Y4ngS7eZCwD4QJvgODKtiQ','$2y$13$geuMX5ekMt0Vrp8pQEvjouhrW.HA4Xdu/Sv7gMgdzlHT9QFhT2hLC',NULL,'belicia@gmail.com',10,1673109264,1673109264,'TgpyfM9o6dzWF5chLQ3PTy04nldIMuBx_1673109264'),
(147,'jaclin','uLVSq7Uhr2I28VEo8ugXyAlD_Ck0kHcr','$2y$13$y3DZpq72qlLyUCZBUEgd9.kxOIe1DPj/72dOSjbKuCjRFZvQbP6qm',NULL,'jaclin@gmail.com',10,1673109265,1673109265,'1lKenrE5lTODEwQXdjnSxYrPPLFSy1tZ_1673109265'),
(148,'andree','-awQmQKfLSSdFQr7Sxpj6zk6M9o5va08','$2y$13$24cyg9Rzx82he2f6lzOqJ.RsPgV3juDVYHJ5KjcnTDxfd.C6EMj3a',NULL,'andree@gmail.com',10,1673109267,1673109267,'d9PRvEyGI75pwHgO6vWOMd2XSK9hnZGL_1673109267'),
(149,'louis','ijoK15TsSTogtP4F0SP9XnG4qYSv-NBS','$2y$13$cFqQ.tesBALQzI1l6Yybz.pw.gVWT3TzZPX7p6TLdCSDvrZlWfh5e',NULL,'louis@gmail.com',10,1673109268,1673109268,'oxEAJknzokzyZkTFGvxkhGixlpZik7JC_1673109268');
/*!40000 ALTER TABLE `user` ENABLE KEYS */;
UNLOCK TABLES;

--
-- Table structure for table `userData`
--

DROP TABLE IF EXISTS `userData`;
/*!40101 SET @saved_cs_client     = @@character_set_client */;
/*!40101 SET character_set_client = utf8 */;
CREATE TABLE `userData` (
  `user_id` int(11) NOT NULL,
  `fName` varchar(25) NOT NULL,
  `surname` varchar(25) NOT NULL,
  `birthdate` date NOT NULL,
  `phone` varchar(9) NOT NULL,
  `nif` varchar(9) NOT NULL,
  `gender` enum('M','F') NOT NULL,
  `accCreationDate` datetime NOT NULL,
  PRIMARY KEY (`user_id`),
  UNIQUE KEY `phone` (`phone`),
  UNIQUE KEY `nif` (`nif`),
  CONSTRAINT `fk_userData_id` FOREIGN KEY (`user_id`) REFERENCES `user` (`id`)
) ENGINE=InnoDB DEFAULT CHARSET=latin1 COLLATE=latin1_swedish_ci;
/*!40101 SET character_set_client = @saved_cs_client */;

--
-- Dumping data for table `userData`
--

LOCK TABLES `userData` WRITE;
/*!40000 ALTER TABLE `userData` DISABLE KEYS */;
INSERT INTO `userData` VALUES
(8,'Diogo','Pedro','2002-01-06','932840128','304959905','M','2005-07-02 15:14:16'),
(9,'Quintina','Cecere','2002-06-13','932840778','304399905','F','2019-11-02 22:08:10'),
(10,'Pieter','Ritchley','1972-07-31','972129007','306338022','M','2007-07-28 15:42:02'),
(11,'Calypso','Bush','1979-05-23','902748891','404852787','F','2011-07-01 03:47:10'),
(12,'Dougie','Panketh','1999-08-13','984233790','436268321','M','2016-10-30 01:06:57'),
(13,'Natka','Bason','1973-02-17','936191171','593122317','F','2006-04-03 07:15:14'),
(14,'Titus','Olufsen','1962-06-09','976757820','734650250','M','2021-04-29 15:58:21'),
(15,'Chaim','Belbin','2003-12-05','963094874','871973411','M','2014-01-22 08:24:01'),
(16,'Merill','Stobie','1993-10-23','926273593','833033475','M','2019-06-30 17:15:54'),
(17,'Tuckie','Berfoot','1968-06-05','950150818','640583527','M','2010-01-16 11:18:58'),
(18,'Aldric','Bovaird','2003-01-18','978950514','164035232','M','2010-03-02 08:45:04'),
(19,'Ignazio','Avann','1985-03-02','905157650','313726914','M','2019-09-22 21:11:11'),
(20,'Valerye','Alderwick','1988-07-06','943494518','667224231','F','2008-07-28 11:04:43'),
(21,'Imogen','Reiling','1974-10-05','997885212','519628586','F','2014-08-08 10:45:57'),
(22,'Ellyn','Kezourec','1963-11-05','955004435','729776958','F','2022-06-21 16:18:30'),
(23,'Thorsten','Wroughton','1994-08-29','987291996','221545575','M','2007-07-29 21:11:59'),
(24,'Town','Wenderoth','1969-08-16','931449908','208788746','M','2013-01-13 23:10:41'),
(25,'Kirk','Gristhwaite','1996-02-20','962983254','666135090','M','2016-03-28 02:01:09'),
(26,'Schuyler','Dighton','1976-07-27','935972125','724034572','M','2019-09-16 02:17:21'),
(27,'Andreana','Sieur','1980-02-14','953252696','732375633','F','2020-02-27 09:44:20'),
(28,'Baily','Filyashin','1963-10-04','915611176','929493263','M','2005-01-14 01:22:15'),
(29,'Wilow','Wingeat','2002-08-16','905029586','402838075','F','2010-09-21 20:21:39'),
(30,'Kenn','Foxten','1992-06-19','911216019','897958862','M','2009-03-30 23:38:30'),
(31,'Kev','Darque','1981-04-08','908815440','358995378','M','2021-06-22 08:17:41'),
(32,'Rozella','Kmietsch','1995-05-15','978085656','429274345','F','2021-08-20 10:37:04'),
(33,'Mildred','Tugwell','1993-12-06','978317803','177283409','F','2010-04-12 04:49:24'),
(34,'Bonny','Ritchie','2003-08-10','987282770','158427308','F','2010-07-15 03:49:48'),
(35,'Melony','Greeves','1985-09-21','939241103','984246965','F','2006-11-05 00:46:52'),
(36,'Aprilette','Argrave','1984-05-05','964440036','189230220','F','2018-09-08 15:36:35'),
(37,'Elinore','Nuzzi','1965-09-02','967823649','242037736','F','2013-04-07 04:14:27'),
(38,'Dulciana','Midford','1981-10-30','923987634','539197252','F','2017-07-24 10:02:11'),
(39,'Donia','Deeks','1967-04-29','950336507','190239156','F','2012-01-14 06:10:00'),
(40,'Abraham','Pillifant','1989-07-24','976759633','121526685','M','2008-08-24 13:09:23'),
(41,'Gerty','Mebius','1964-10-04','929990647','641633486','F','2015-03-05 09:14:37'),
(42,'Barbi','Brotherhead','1998-06-14','942963950','559279606','F','2009-01-24 19:56:26'),
(43,'Hall','Lelievre','1982-11-27','916160760','254151525','M','2020-01-26 15:18:00'),
(44,'Tiler','Kabos','1987-04-08','975164706','389649609','M','2009-12-19 16:33:35'),
(45,'Rod','Ucceli','1977-08-18','959841948','888802945','M','2012-10-31 11:42:24'),
(46,'Brunhilda','Seczyk','1967-05-31','981750531','452031768','F','2018-01-27 15:18:58'),
(47,'Sandy','Shilliday','1982-10-15','923906089','966927220','M','2011-09-04 13:37:39'),
(48,'Hyacintha','Beasant','1973-05-08','972265260','735516435','F','2020-08-07 09:08:43'),
(49,'Kristine','Babington','1970-05-08','933788197','159965230','F','2010-04-30 22:00:17'),
(50,'Innis','Sunderland','1998-07-05','909412463','582740968','M','2018-05-23 00:22:10'),
(51,'Delmer','Vogel','1987-08-01','981192001','845517127','M','2017-04-07 21:29:20'),
(52,'Marlane','Eastbrook','1981-10-05','974572089','194318892','F','2021-07-20 01:37:58'),
(53,'Opaline','Skelington','1968-08-10','950006291','468045793','F','2011-02-02 11:50:02'),
(54,'Tobiah','Hearons','1960-09-23','983851503','566676229','M','2006-09-21 20:00:16'),
(55,'Graeme','Mateev','1988-07-24','921079089','701108669','M','2013-09-18 18:32:35'),
(56,'Shanon','Dripp','1981-04-11','964689113','200750882','F','2021-03-30 13:41:01'),
(57,'Ermanno','Middle','1998-04-25','926684869','196692582','M','2012-03-20 20:30:41'),
(58,'Philippe','Kitson','1992-02-19','947375472','843024102','F','2006-05-16 17:53:54'),
(59,'Addie','Echelle','1979-11-22','939556750','464360936','M','2005-12-04 04:26:01'),
(60,'Carole','Sweed','1985-01-07','950936643','287002157','F','2018-01-17 03:47:45'),
(61,'Lenard','Sprigging','1967-10-21','982383289','430804384','M','2017-09-28 00:09:16'),
(62,'Twila','Gault','1971-09-04','966921873','213888766','F','2007-03-23 20:08:32'),
(63,'Marcellina','Tourry','1971-11-14','999509393','191735126','F','2022-01-30 17:51:21'),
(64,'Bryant','Swinley','1970-11-11','982141770','210440236','M','2018-10-26 13:24:14'),
(65,'Gail','Tezure','1980-12-29','975286483','143515185','M','2022-08-05 07:52:11'),
(66,'Charisse','Pakes','1982-06-25','968774654','757144144','F','2018-03-08 10:31:04'),
(67,'Rowen','Girdler','2001-10-10','954957711','687899255','M','2017-08-06 09:12:01'),
(68,'Kriste','Shard','1965-08-11','933078349','297514187','F','2017-02-16 14:54:51'),
(69,'Mitzi','Corley','1962-05-09','916346221','499902710','F','2021-10-30 07:03:20'),
(70,'Reinwald','Talmadge','1985-07-17','923516250','454756895','M','2018-09-12 03:37:31'),
(71,'Ximenez','Huton','1969-05-27','924567496','952124410','M','2021-09-07 22:32:45'),
(72,'Ted','Kornalik','1996-10-01','993729336','345884635','F','2018-05-30 12:03:10'),
(73,'Norri','Townrow','1960-11-07','975499608','915213550','F','2008-01-02 00:58:43'),
(74,'Grace','Lapley','1980-09-22','983799003','466235668','M','2007-10-14 10:09:59'),
(75,'Kathleen','Peepall','1970-12-13','918456757','190368956','F','2012-10-10 07:39:55'),
(76,'Beryl','Sallarie','2003-03-01','919109584','512322171','F','2010-11-24 16:14:30'),
(77,'Priscilla','Burnhard','1973-03-18','961438824','958926965','F','2012-06-16 21:06:15'),
(78,'Rustie','McKim','1992-09-25','962292662','303752021','M','2012-01-29 22:00:59'),
(79,'Evelina','Bricket','1998-04-14','957808380','688918115','F','2005-01-26 13:10:07'),
(80,'Elisa','Suthworth','1979-05-04','912859120','288109862','F','2005-09-28 03:19:29'),
(81,'Taylor','Dyett','1973-04-20','965030155','446336816','M','2019-07-06 18:21:04'),
(82,'Hal','Lenahan','1977-11-29','994528434','457383732','M','2009-10-01 00:27:25'),
(83,'Marnia','Laffan','1990-11-28','968668242','932375480','F','2007-01-06 12:11:40'),
(84,'Hilary','Siddle','1989-06-23','935105858','315483725','F','2015-07-16 18:03:27'),
(85,'Lorine','Kerley','1979-12-18','937924045','495050549','F','2020-04-02 00:20:39'),
(86,'Turner','Tavinor','1998-01-18','925762740','358297759','M','2022-04-19 08:28:01'),
(87,'Ambrosi','Buckles','1981-12-31','900526681','344176289','M','2018-12-15 16:39:36'),
(88,'Valenka','Cammidge','1989-06-03','910252228','171828132','F','2019-04-28 15:53:44'),
(89,'Luis','Silva','1979-11-28','900166439','867557855','M','2012-02-13 14:55:23'),
(90,'Stepha','Shane','1977-12-13','959569671','440256808','F','2018-12-05 07:25:37'),
(91,'Martie','Garfit','2005-03-22','994379524','447042066','F','2010-06-01 12:59:52'),
(92,'Lenardo','Stonhouse','1982-07-20','905776362','596917100','M','2008-07-03 18:13:12'),
(93,'Reggy','Stronack','1991-09-20','952085543','342972798','M','2012-10-29 03:35:45'),
(94,'Evvie','Surgey','2000-09-13','980252518','902233914','F','2012-10-01 10:49:52'),
(95,'Chad','Candy','1978-04-08','961121116','333289619','M','2019-01-30 07:37:27'),
(96,'Hanny','Ousby','1997-07-31','929602413','270401183','F','2005-11-06 12:57:17'),
(97,'Bidget','Guerri','1991-06-19','973815959','105578229','F','2020-01-16 11:48:26'),
(98,'Karyn','Vigurs','1995-05-30','948467108','945279539','F','2016-04-19 00:58:28'),
(99,'Theodore','Mercey','1984-10-12','910061005','279701748','M','2006-04-24 11:38:44'),
(100,'Don','Haldin','1978-02-22','952052262','763303109','M','2012-01-23 11:58:45'),
(101,'Benn','Winckworth','1979-11-02','987757965','580062312','M','2007-11-20 17:19:43'),
(102,'Jaquelin','Gamil','1990-03-24','960728453','953556891','F','2010-11-10 13:53:05'),
(103,'Margie','Muffett','1981-10-25','999297757','326047413','F','2011-03-01 13:21:58'),
(104,'Donall','Silversmidt','1986-06-04','960834203','529408830','M','2010-10-26 12:00:18'),
(105,'Angil','Lockie','2005-05-29','932423058','499948659','F','2014-09-03 10:28:22'),
(106,'Zedekiah','Murton','1986-09-10','972368965','811415413','M','2014-11-25 14:34:42'),
(107,'Derwin','MacAless','1998-02-02','968107764','915714889','M','2012-10-29 14:03:53'),
(108,'Ailene','Warmisham','1977-10-13','938332801','419647682','F','2015-04-12 16:35:23'),
(109,'Georgie','Ulyat','1978-04-03','906100635','944723624','M','2013-11-29 15:46:27'),
(110,'Griffin','Cinelli','1981-05-21','924942382','959523029','M','2011-01-31 15:49:43'),
(111,'Lorrin','Wormleighton','1978-11-06','977927484','704751533','F','2012-09-08 06:39:21'),
(112,'Arvin','Biaggiotti','2003-02-05','915177421','328013739','M','2006-11-26 06:27:59'),
(113,'Edyth','Coopman','2001-06-05','951367935','553838420','F','2018-12-13 13:17:44'),
(114,'Alecia','Besson','2004-07-09','996606682','695644892','F','2015-02-08 23:37:51'),
(115,'Malinda','Le Borgne','1989-11-28','939364986','553193408','F','2018-03-12 04:53:43'),
(116,'Lane','Thurlborn','1977-06-08','928378504','674306411','F','2021-03-17 08:47:49'),
(117,'Barth','Furbank','2004-04-13','915071134','192852598','M','2009-01-03 18:35:31'),
(118,'Cirillo','Pickvance','1998-11-09','925816627','948700596','M','2019-10-29 05:12:25'),
(119,'Alexina','Costin','1996-07-15','940000226','314284264','F','2017-10-05 00:31:53'),
(120,'Abba','Chapellow','1983-01-16','985940491','384125395','M','2018-02-27 17:19:19'),
(121,'Sibyl','Bottinelli','1979-06-07','924021768','663970956','F','2015-04-17 19:10:41'),
(122,'Olwen','Pyne','1995-04-29','930005921','122590753','F','2007-04-05 10:58:31'),
(123,'Osbourne','Bagworth','1995-08-23','960226819','814101095','M','2013-02-24 15:59:28'),
(124,'Germain','Edgerly','1999-06-19','974453215','472402504','M','2011-10-05 08:55:04'),
(125,'Patty','Mosley','1985-05-25','965038082','931536715','M','2009-10-23 22:49:40'),
(126,'Leann','Guidetti','1998-10-08','947704934','864560834','F','2008-05-09 21:15:58'),
(127,'Stanly','Cready','1981-06-14','939861602','630861219','M','2019-05-14 12:33:07'),
(128,'Brandais','Coakley','1997-04-26','949677920','764904930','F','2006-02-03 07:42:16'),
(129,'Paolina','Sabban','2005-08-27','921520447','365968047','F','2009-04-26 12:38:20'),
(131,'Harmony','Berthouloume','1981-05-16','963069997','906496661','F','2017-04-06 09:18:40'),
(132,'Nani','Feavyour','1997-11-14','901576566','680028554','F','2015-10-19 19:51:19'),
(133,'Edwina','Yusupov','1982-04-30','936823434','330002975','F','2008-07-29 21:38:53'),
(134,'Thor','Confait','1984-07-13','934213268','630450916','M','2007-12-29 13:40:45'),
(135,'Riccardo','Stollman','1985-10-30','959388421','560912327','M','2005-02-12 17:09:58'),
(136,'Cosetta','Tansly','1981-07-09','936623578','720362467','F','2007-04-01 02:11:14'),
(137,'Lara','Kelberman','1999-04-28','999239314','172960019','F','2020-05-17 05:54:21'),
(138,'Gretel','Swaisland','2003-04-16','976445817','722450773','F','2012-05-01 06:35:15'),
(139,'Talbert','Gabitis','2001-06-11','942625419','496781408','M','2014-11-17 00:25:05'),
(140,'Ezechiel','Oolahan','2000-09-22','930029945','817142483','M','2008-04-23 04:21:46'),
(141,'Nicol','Gebbe','1982-11-15','992017514','590411481','M','2012-10-13 17:12:50'),
(142,'Kelby','Quinn','1976-05-11','961852299','165782371','M','2009-05-02 07:00:33'),
(143,'Jennifer','Puckett','2003-08-18','919332473','888121718','F','2020-05-09 18:44:48'),
(144,'Shandee','Allright','1984-09-13','962837463','179906741','F','2021-03-20 14:13:51'),
(145,'Vinson','Sygrove','1978-02-14','963911210','490849381','M','2018-03-04 16:25:20'),
(146,'Belicia','Coupman','1985-11-15','960622226','287605925','F','2020-07-31 09:00:27'),
(147,'Jaclin','Silverstone','1991-10-29','972099262','265819222','F','2005-03-18 04:49:11'),
(148,'Andree','Morgan','2003-06-03','956114151','160774425','F','2008-08-19 01:26:33'),
(149,'Louis','Culshaw','1977-12-13','992575780','461682841','M','2014-02-11 01:58:45');
/*!40000 ALTER TABLE `userData` ENABLE KEYS */;
UNLOCK TABLES;
/*!40103 SET TIME_ZONE=@OLD_TIME_ZONE */;

/*!40101 SET SQL_MODE=@OLD_SQL_MODE */;
/*!40014 SET FOREIGN_KEY_CHECKS=@OLD_FOREIGN_KEY_CHECKS */;
/*!40014 SET UNIQUE_CHECKS=@OLD_UNIQUE_CHECKS */;
/*!40101 SET CHARACTER_SET_CLIENT=@OLD_CHARACTER_SET_CLIENT */;
/*!40101 SET CHARACTER_SET_RESULTS=@OLD_CHARACTER_SET_RESULTS */;
/*!40101 SET COLLATION_CONNECTION=@OLD_COLLATION_CONNECTION */;
/*!40111 SET SQL_NOTES=@OLD_SQL_NOTES */;

-- Dump completed on 2023-01-08  1:39:56
