-- MariaDB dump 10.19  Distrib 10.9.4-MariaDB, for Linux (x86_64)
--
-- Host: localhost    Database: airbender
-- ------------------------------------------------------
-- Server version	10.9.4-MariaDB

/*!40101 SET @OLD_CHARACTER_SET_CLIENT=@@CHARACTER_SET_CLIENT */;
/*!40101 SET @OLD_CHARACTER_SET_RESULTS=@@CHARACTER_SET_RESULTS */;
/*!40101 SET @OLD_COLLATION_CONNECTION=@@COLLATION_CONNECTION */;
/*!40101 SET NAMES utf8mb4 */;
/*!40103 SET @OLD_TIME_ZONE=@@TIME_ZONE */;
/*!40103 SET TIME_ZONE='+00:00' */;
/*!40014 SET @OLD_UNIQUE_CHECKS=@@UNIQUE_CHECKS, UNIQUE_CHECKS=0 */;
/*!40014 SET @OLD_FOREIGN_KEY_CHECKS=@@FOREIGN_KEY_CHECKS, FOREIGN_KEY_CHECKS=0 */;
/*!40101 SET @OLD_SQL_MODE=@@SQL_MODE, SQL_MODE='NO_AUTO_VALUE_ON_ZERO' */;
/*!40111 SET @OLD_SQL_NOTES=@@SQL_NOTES, SQL_NOTES=0 */;

--
-- Table structure for table `airplanes`
--

DROP TABLE IF EXISTS `airplanes`;
/*!40101 SET @saved_cs_client     = @@character_set_client */;
/*!40101 SET character_set_client = utf8 */;
CREATE TABLE `airplanes` (
  `id` int(11) NOT NULL AUTO_INCREMENT,
  `luggageCapacity` int(11) NOT NULL,
  `minLinha` int(11) NOT NULL,
  `minCol` char(1) NOT NULL,
  `maxLinha` int(11) NOT NULL,
  `maxCol` char(1) NOT NULL,
  `economicStart` char(1) NOT NULL,
  `economicStop` char(1) NOT NULL,
  `normalStart` char(1) NOT NULL,
  `normalStop` char(1) NOT NULL,
  `luxuryStart` char(1) NOT NULL,
  `luxuryStop` char(1) NOT NULL,
  `status` enum('Active','Not working') DEFAULT NULL,
  PRIMARY KEY (`id`)
) ENGINE=InnoDB AUTO_INCREMENT=33 DEFAULT CHARSET=latin1 COLLATE=latin1_swedish_ci;
/*!40101 SET character_set_client = @saved_cs_client */;

--
-- Dumping data for table `airplanes`
--

LOCK TABLES `airplanes` WRITE;
/*!40000 ALTER TABLE `airplanes` DISABLE KEYS */;
INSERT INTO `airplanes` VALUES
(3,413,1,'A',9,'L','I','L','C','H','A','B','Active'),
(4,173,1,'A',7,'L','I','L','E','H','A','D','Active'),
(5,154,1,'A',9,'K','G','K','E','F','A','D','Active'),
(6,480,1,'A',8,'I','H','I','C','G','A','B','Active'),
(7,247,1,'A',6,'K','H','K','C','G','A','B','Active'),
(8,229,1,'A',6,'K','H','K','E','G','A','D','Active'),
(9,478,1,'A',6,'L','I','L','D','H','A','C','Active'),
(10,431,1,'A',9,'L','G','L','D','F','A','C','Active'),
(11,416,1,'A',7,'L','I','L','E','H','A','D','Active'),
(12,222,1,'A',6,'K','I','K','C','H','A','B','Active'),
(13,317,1,'A',6,'K','I','K','D','H','A','C','Active'),
(14,108,1,'A',7,'K','H','K','E','G','A','D','Active'),
(15,320,1,'A',6,'L','H','L','E','G','A','D','Active'),
(16,278,1,'A',6,'J','H','J','D','G','A','C','Active'),
(17,390,1,'A',7,'L','I','L','D','H','A','C','Active'),
(18,330,1,'A',9,'L','F','L','D','E','A','C','Active'),
(19,188,1,'A',9,'K','H','K','E','G','A','D','Active'),
(20,453,1,'A',7,'K','J','K','E','I','A','D','Active'),
(21,345,1,'A',6,'L','H','L','D','G','A','C','Active'),
(22,302,1,'A',6,'L','I','L','E','H','A','D','Active'),
(23,443,1,'A',7,'K','I','K','C','H','A','B','Active'),
(24,128,1,'A',7,'L','E','L','E','D','A','D','Active'),
(25,268,1,'A',6,'L','H','L','C','G','A','B','Active'),
(26,314,1,'A',7,'L','I','L','D','H','A','C','Active'),
(27,425,1,'A',8,'L','G','L','C','F','A','B','Active'),
(28,424,1,'A',9,'J','G','J','C','F','A','B','Active'),
(29,396,1,'A',8,'K','I','K','D','H','A','C','Active'),
(30,349,1,'A',6,'L','I','L','C','H','A','B','Active'),
(31,350,1,'A',6,'L','I','L','D','H','A','C','Active'),
(32,154,1,'A',8,'F','E','F','C','D','A','B','Active');
/*!40000 ALTER TABLE `airplanes` ENABLE KEYS */;
UNLOCK TABLES;

--
-- Table structure for table `airports`
--

DROP TABLE IF EXISTS `airports`;
/*!40101 SET @saved_cs_client     = @@character_set_client */;
/*!40101 SET character_set_client = utf8 */;
CREATE TABLE `airports` (
  `id` int(11) NOT NULL AUTO_INCREMENT,
  `country` varchar(50) DEFAULT NULL,
  `code` varchar(2) DEFAULT NULL,
  `city` varchar(50) DEFAULT NULL,
  `search` int(11) NOT NULL,
  `status` enum('Operational','Not Operational') NOT NULL,
  PRIMARY KEY (`id`)
) ENGINE=InnoDB AUTO_INCREMENT=57 DEFAULT CHARSET=latin1 COLLATE=latin1_swedish_ci;
/*!40101 SET character_set_client = @saved_cs_client */;

--
-- Dumping data for table `airports`
--

LOCK TABLES `airports` WRITE;
/*!40000 ALTER TABLE `airports` DISABLE KEYS */;
INSERT INTO `airports` VALUES
(5,'Russia','RU','Novyy Karachay',84,'Operational'),
(6,'France','FR','Créteil',25,'Operational'),
(7,'Montenegro','ME','Ulcinj',7,'Not Operational'),
(8,'Albania','AL','Qelëz',95,'Operational'),
(9,'Nigeria','NG','Suya',41,'Not Operational'),
(10,'Brazil','BR','Unaí',75,'Operational'),
(11,'Indonesia','ID','Komi',43,'Operational'),
(12,'United States','US','Tampa',38,'Operational'),
(13,'China','CN','Kuishan',17,'Operational'),
(14,'Indonesia','ID','Malati',39,'Operational'),
(15,'Sweden','SE','Ytterby',36,'Operational'),
(16,'Macedonia','MK','Oslomej',11,'Operational'),
(17,'Indonesia','ID','Tambulatana',71,'Not Operational'),
(18,'Philippines','PH','Concepcion',12,'Operational'),
(19,'Russia','RU','Sukhobezvodnoye',41,'Operational'),
(20,'Slovenia','SI','Mengeš',52,'Operational'),
(21,'Russia','RU','Voznesenskaya',71,'Operational'),
(22,'Philippines','PH','Don Carlos',3,'Not Operational'),
(23,'Portugal','PT','Porto',50,'Operational'),
(24,'Gambia','GM','Bambali',74,'Operational'),
(25,'Russia','RU','Serdobsk',37,'Not Operational'),
(26,'China','CN','Yongning',55,'Operational'),
(27,'Myanmar','MM','Mogok',14,'Not Operational'),
(28,'Colombia','CO','El Tambo',6,'Operational'),
(29,'Cyprus','CY','Kato Pyrgos',91,'Not Operational'),
(30,'Syria','SY','Armanaz',50,'Not Operational');
/*!40000 ALTER TABLE `airports` ENABLE KEYS */;
UNLOCK TABLES;

--
-- Table structure for table `auth_assignment`
--

DROP TABLE IF EXISTS `auth_assignment`;
/*!40101 SET @saved_cs_client     = @@character_set_client */;
/*!40101 SET character_set_client = utf8 */;
CREATE TABLE `auth_assignment` (
  `item_name` varchar(64) NOT NULL,
  `user_id` varchar(64) NOT NULL,
  `created_at` int(11) DEFAULT NULL,
  PRIMARY KEY (`item_name`,`user_id`),
  KEY `idx-auth_assignment-user_id` (`user_id`),
  CONSTRAINT `auth_assignment_ibfk_1` FOREIGN KEY (`item_name`) REFERENCES `auth_item` (`name`) ON DELETE CASCADE ON UPDATE CASCADE
) ENGINE=InnoDB DEFAULT CHARSET=utf8mb3 COLLATE=utf8mb3_unicode_ci;
/*!40101 SET character_set_client = @saved_cs_client */;

--
-- Dumping data for table `auth_assignment`
--

LOCK TABLES `auth_assignment` WRITE;
/*!40000 ALTER TABLE `auth_assignment` DISABLE KEYS */;
INSERT INTO `auth_assignment` VALUES
('admin','24',1673108605),
('admin','29',1673108662),
('admin','35',1673108669),
('admin','36',1673108671),
('admin','39',1673108674),
('admin','40',1673108676),
('admin','43',1673108679),
('admin','45',1673108682),
('admin','46',1673108683),
('admin','48',1673108721),
('admin','53',1673108727),
('admin','55',1673108730),
('admin','66',1673108744),
('admin','71',1673108785),
('admin','8',1673108585),
('admin','9',1673108586),
('client','100',1673108910),
('client','101',1673108911),
('client','102',1673108912),
('client','103',1673108914),
('client','104',1673108915),
('client','105',1673108916),
('client','106',1673108918),
('client','107',1673109043),
('client','108',1673109045),
('client','109',1673109046),
('client','110',1673109048),
('client','111',1673109049),
('client','112',1673109050),
('client','113',1673109051),
('client','114',1673109053),
('client','115',1673109054),
('client','116',1673109055),
('client','117',1673109057),
('client','118',1673109058),
('client','119',1673109059),
('client','120',1673109060),
('client','121',1673109062),
('client','122',1673109063),
('client','123',1673109064),
('client','124',1673109065),
('client','125',1673109067),
('client','126',1673109068),
('client','127',1673109069),
('client','128',1673109070),
('client','129',1673109072),
('client','131',1673109244),
('client','132',1673109245),
('client','133',1673109247),
('client','134',1673109248),
('client','135',1673109249),
('client','136',1673109251),
('client','137',1673109252),
('client','138',1673109253),
('client','139',1673109255),
('client','140',1673109256),
('client','141',1673109257),
('client','142',1673109259),
('client','143',1673109260),
('client','144',1673109261),
('client','145',1673109263),
('client','146',1673109264),
('client','147',1673109265),
('client','148',1673109267),
('client','149',1673109268),
('client','89',1673108896),
('client','90',1673108897),
('client','91',1673108898),
('client','92',1673108900),
('client','93',1673108901),
('client','94',1673108902),
('client','95',1673108903),
('client','96',1673108905),
('client','97',1673108906),
('client','98',1673108907),
('client','99',1673108909),
('supervisor','11',1673108589),
('supervisor','12',1673108590),
('supervisor','18',1673108598),
('supervisor','20',1673108600),
('supervisor','21',1673108602),
('supervisor','22',1673108603),
('supervisor','24',1673108605),
('supervisor','25',1673108607),
('supervisor','29',1673108662),
('supervisor','30',1673108663),
('supervisor','34',1673108668),
('supervisor','35',1673108669),
('supervisor','36',1673108671),
('supervisor','37',1673108672),
('supervisor','38',1673108673),
('supervisor','39',1673108674),
('supervisor','40',1673108676),
('supervisor','43',1673108679),
('supervisor','44',1673108681),
('supervisor','45',1673108682),
('supervisor','46',1673108683),
('supervisor','47',1673108685),
('supervisor','48',1673108721),
('supervisor','50',1673108723),
('supervisor','52',1673108726),
('supervisor','53',1673108727),
('supervisor','54',1673108729),
('supervisor','55',1673108730),
('supervisor','56',1673108731),
('supervisor','58',1673108734),
('supervisor','59',1673108735),
('supervisor','61',1673108738),
('supervisor','62',1673108739),
('supervisor','63',1673108740),
('supervisor','64',1673108742),
('supervisor','65',1673108743),
('supervisor','66',1673108744),
('supervisor','67',1673108780),
('supervisor','68',1673108781),
('supervisor','71',1673108785),
('supervisor','73',1673108788),
('supervisor','74',1673108789),
('supervisor','76',1673108792),
('supervisor','77',1673108793),
('supervisor','78',1673108794),
('supervisor','79',1673108796),
('supervisor','8',1673108585),
('supervisor','80',1673108797),
('supervisor','82',1673108800),
('supervisor','83',1673108801),
('supervisor','85',1673108804),
('supervisor','87',1673108807),
('supervisor','9',1673108586),
('ticketOperator','10',1673108588),
('ticketOperator','11',1673108589),
('ticketOperator','12',1673108590),
('ticketOperator','13',1673108591),
('ticketOperator','14',1673108593),
('ticketOperator','15',1673108594),
('ticketOperator','16',1673108595),
('ticketOperator','17',1673108597),
('ticketOperator','18',1673108598),
('ticketOperator','19',1673108599),
('ticketOperator','20',1673108600),
('ticketOperator','21',1673108602),
('ticketOperator','22',1673108603),
('ticketOperator','23',1673108604),
('ticketOperator','24',1673108605),
('ticketOperator','25',1673108607),
('ticketOperator','26',1673108608),
('ticketOperator','27',1673108609),
('ticketOperator','28',1673108660),
('ticketOperator','29',1673108662),
('ticketOperator','30',1673108663),
('ticketOperator','31',1673108664),
('ticketOperator','32',1673108666),
('ticketOperator','33',1673108667),
('ticketOperator','34',1673108668),
('ticketOperator','35',1673108669),
('ticketOperator','36',1673108671),
('ticketOperator','37',1673108672),
('ticketOperator','38',1673108673),
('ticketOperator','39',1673108674),
('ticketOperator','40',1673108676),
('ticketOperator','41',1673108677),
('ticketOperator','42',1673108678),
('ticketOperator','43',1673108679),
('ticketOperator','44',1673108681),
('ticketOperator','45',1673108682),
('ticketOperator','46',1673108683),
('ticketOperator','47',1673108685),
('ticketOperator','48',1673108721),
('ticketOperator','49',1673108722),
('ticketOperator','50',1673108723),
('ticketOperator','51',1673108725),
('ticketOperator','52',1673108726),
('ticketOperator','53',1673108727),
('ticketOperator','54',1673108729),
('ticketOperator','55',1673108730),
('ticketOperator','56',1673108731),
('ticketOperator','57',1673108733),
('ticketOperator','58',1673108734),
('ticketOperator','59',1673108735),
('ticketOperator','60',1673108736),
('ticketOperator','61',1673108738),
('ticketOperator','62',1673108739),
('ticketOperator','63',1673108740),
('ticketOperator','64',1673108742),
('ticketOperator','65',1673108743),
('ticketOperator','66',1673108744),
('ticketOperator','67',1673108780),
('ticketOperator','68',1673108781),
('ticketOperator','69',1673108783),
('ticketOperator','70',1673108784),
('ticketOperator','71',1673108785),
('ticketOperator','72',1673108786),
('ticketOperator','73',1673108788),
('ticketOperator','74',1673108789),
('ticketOperator','75',1673108790),
('ticketOperator','76',1673108792),
('ticketOperator','77',1673108793),
('ticketOperator','78',1673108794),
('ticketOperator','79',1673108796),
('ticketOperator','8',1673108585),
('ticketOperator','80',1673108797),
('ticketOperator','81',1673108799),
('ticketOperator','82',1673108800),
('ticketOperator','83',1673108801),
('ticketOperator','84',1673108803),
('ticketOperator','85',1673108804),
('ticketOperator','86',1673108805),
('ticketOperator','87',1673108807),
('ticketOperator','88',1673108808),
('ticketOperator','9',1673108586);
/*!40000 ALTER TABLE `auth_assignment` ENABLE KEYS */;
UNLOCK TABLES;

--
-- Table structure for table `auth_item`
--

DROP TABLE IF EXISTS `auth_item`;
/*!40101 SET @saved_cs_client     = @@character_set_client */;
/*!40101 SET character_set_client = utf8 */;
CREATE TABLE `auth_item` (
  `name` varchar(64) NOT NULL,
  `type` smallint(6) NOT NULL,
  `description` text DEFAULT NULL,
  `rule_name` varchar(64) DEFAULT NULL,
  `data` blob DEFAULT NULL,
  `created_at` int(11) DEFAULT NULL,
  `updated_at` int(11) DEFAULT NULL,
  PRIMARY KEY (`name`),
  KEY `rule_name` (`rule_name`),
  KEY `idx-auth_item-type` (`type`),
  CONSTRAINT `auth_item_ibfk_1` FOREIGN KEY (`rule_name`) REFERENCES `auth_rule` (`name`) ON DELETE SET NULL ON UPDATE CASCADE
) ENGINE=InnoDB DEFAULT CHARSET=utf8mb3 COLLATE=utf8mb3_unicode_ci;
/*!40101 SET character_set_client = @saved_cs_client */;

--
-- Dumping data for table `auth_item`
--

LOCK TABLES `auth_item` WRITE;
/*!40000 ALTER TABLE `auth_item` DISABLE KEYS */;
INSERT INTO `auth_item` VALUES
('admin',1,NULL,NULL,NULL,1673122941,1673122941),
('client',1,NULL,NULL,NULL,1673122941,1673122941),
('createAdmin',2,'Create a Admin',NULL,NULL,1673122941,1673122941),
('createAirplane',2,'Create a Airplane',NULL,NULL,1673122941,1673122941),
('createAirport',2,'Create a Airport',NULL,NULL,1673122941,1673122941),
('createBalanceReq',2,'Create a BalanceReq',NULL,NULL,1673122941,1673122941),
('createClient',2,'Create a Client',NULL,NULL,1673122941,1673122941),
('createConfig',2,'Create a Config',NULL,NULL,1673122941,1673122941),
('createEmployee',2,'Create a Employee',NULL,NULL,1673122941,1673122941),
('createFlight',2,'Create a Flight',NULL,NULL,1673122941,1673122941),
('createReceipt',2,'Create a Receipt',NULL,NULL,1673122941,1673122941),
('createRefund',2,'Create a Refund',NULL,NULL,1673122941,1673122941),
('createTariff',2,'Create a Tariff',NULL,NULL,1673122941,1673122941),
('createTicket',2,'Create a Ticket',NULL,NULL,1673122941,1673122941),
('deleteAdmin',2,'Delete a Admin',NULL,NULL,1673122941,1673122941),
('deleteAirplane',2,'Delete a Airplane',NULL,NULL,1673122941,1673122941),
('deleteAirport',2,'Delete a Airport',NULL,NULL,1673122941,1673122941),
('deleteBalanceReq',2,'Delete a BalanceReq',NULL,NULL,1673122941,1673122941),
('deleteClient',2,'Delete a Client',NULL,NULL,1673122941,1673122941),
('deleteConfig',2,'Delete a Config',NULL,NULL,1673122941,1673122941),
('deleteEmployee',2,'Delete a Employee',NULL,NULL,1673122941,1673122941),
('deleteFlight',2,'Delete a Flight',NULL,NULL,1673122941,1673122941),
('deleteReceipt',2,'Delete a Receipt',NULL,NULL,1673122941,1673122941),
('deleteRefund',2,'Delete a Refund',NULL,NULL,1673122941,1673122941),
('deleteTariff',2,'Delete a Tariff',NULL,NULL,1673122941,1673122941),
('deleteTicket',2,'Delete a Ticket',NULL,NULL,1673122941,1673122941),
('listAdmin',2,'List a Admin',NULL,NULL,1673122941,1673122941),
('listAirplane',2,'List a Airplane',NULL,NULL,1673122941,1673122941),
('listAirport',2,'List a Airport',NULL,NULL,1673122941,1673122941),
('listBalanceReq',2,'List a BalanceReq',NULL,NULL,1673122941,1673122941),
('listClient',2,'List a Client',NULL,NULL,1673122941,1673122941),
('listConfig',2,'List a Config',NULL,NULL,1673122941,1673122941),
('listEmployee',2,'List a Employee',NULL,NULL,1673122941,1673122941),
('listFlight',2,'List a Flight',NULL,NULL,1673122941,1673122941),
('listReceipt',2,'List a Receipt',NULL,NULL,1673122941,1673122941),
('listRefund',2,'List a Refund',NULL,NULL,1673122941,1673122941),
('listTariff',2,'List a Tariff',NULL,NULL,1673122941,1673122941),
('listTicket',2,'List a Ticket',NULL,NULL,1673122941,1673122941),
('readAdmin',2,'Read a Admin',NULL,NULL,1673122941,1673122941),
('readAirplane',2,'Read a Airplane',NULL,NULL,1673122941,1673122941),
('readAirport',2,'Read a Airport',NULL,NULL,1673122941,1673122941),
('readBalanceReq',2,'Read a BalanceReq',NULL,NULL,1673122941,1673122941),
('readClient',2,'Read a Client',NULL,NULL,1673122941,1673122941),
('readConfig',2,'Read a Config',NULL,NULL,1673122941,1673122941),
('readEmployee',2,'Read a Employee',NULL,NULL,1673122941,1673122941),
('readFlight',2,'Read a Flight',NULL,NULL,1673122941,1673122941),
('readReceipt',2,'Read a Receipt',NULL,NULL,1673122941,1673122941),
('readRefund',2,'Read a Refund',NULL,NULL,1673122941,1673122941),
('readTariff',2,'Read a Tariff',NULL,NULL,1673122941,1673122941),
('readTicket',2,'Read a Ticket',NULL,NULL,1673122941,1673122941),
('supervisor',1,NULL,NULL,NULL,1673122941,1673122941),
('ticketOperator',1,NULL,NULL,NULL,1673122941,1673122941),
('updateAdmin',2,'Update a Admin',NULL,NULL,1673122941,1673122941),
('updateAirplane',2,'Update a Airplane',NULL,NULL,1673122941,1673122941),
('updateAirport',2,'Update a Airport',NULL,NULL,1673122941,1673122941),
('updateBalanceReq',2,'Update a BalanceReq',NULL,NULL,1673122941,1673122941),
('updateClient',2,'Update a Client',NULL,NULL,1673122941,1673122941),
('updateConfig',2,'Update a Config',NULL,NULL,1673122941,1673122941),
('updateEmployee',2,'Update a Employee',NULL,NULL,1673122941,1673122941),
('updateFlight',2,'Update a Flight',NULL,NULL,1673122941,1673122941),
('updateReceipt',2,'Update a Receipt',NULL,NULL,1673122941,1673122941),
('updateRefund',2,'Update a Refund',NULL,NULL,1673122941,1673122941),
('updateTariff',2,'Update a Tariff',NULL,NULL,1673122941,1673122941),
('updateTicket',2,'Update a Ticket',NULL,NULL,1673122941,1673122941);
/*!40000 ALTER TABLE `auth_item` ENABLE KEYS */;
UNLOCK TABLES;

--
-- Table structure for table `auth_item_child`
--

DROP TABLE IF EXISTS `auth_item_child`;
/*!40101 SET @saved_cs_client     = @@character_set_client */;
/*!40101 SET character_set_client = utf8 */;
CREATE TABLE `auth_item_child` (
  `parent` varchar(64) NOT NULL,
  `child` varchar(64) NOT NULL,
  PRIMARY KEY (`parent`,`child`),
  KEY `child` (`child`),
  CONSTRAINT `auth_item_child_ibfk_1` FOREIGN KEY (`parent`) REFERENCES `auth_item` (`name`) ON DELETE CASCADE ON UPDATE CASCADE,
  CONSTRAINT `auth_item_child_ibfk_2` FOREIGN KEY (`child`) REFERENCES `auth_item` (`name`) ON DELETE CASCADE ON UPDATE CASCADE
) ENGINE=InnoDB DEFAULT CHARSET=utf8mb3 COLLATE=utf8mb3_unicode_ci;
/*!40101 SET character_set_client = @saved_cs_client */;

--
-- Dumping data for table `auth_item_child`
--

LOCK TABLES `auth_item_child` WRITE;
/*!40000 ALTER TABLE `auth_item_child` DISABLE KEYS */;
INSERT INTO `auth_item_child` VALUES
('admin','createAdmin'),
('admin','createAirplane'),
('admin','createAirport'),
('admin','createEmployee'),
('admin','createFlight'),
('admin','deleteAdmin'),
('admin','deleteAirplane'),
('admin','deleteAirport'),
('admin','deleteEmployee'),
('admin','deleteFlight'),
('admin','listAdmin'),
('admin','listEmployee'),
('admin','readAdmin'),
('admin','supervisor'),
('admin','updateAdmin'),
('admin','updateAirplane'),
('admin','updateAirport'),
('admin','updateEmployee'),
('admin','updateFlight'),
('client','createBalanceReq'),
('client','createReceipt'),
('client','createRefund'),
('client','createTicket'),
('client','deleteBalanceReq'),
('client','deleteReceipt'),
('client','deleteRefund'),
('client','listAirport'),
('client','listBalanceReq'),
('client','listConfig'),
('client','listFlight'),
('client','listReceipt'),
('client','listRefund'),
('client','listTicket'),
('client','readAirport'),
('client','readBalanceReq'),
('client','readClient'),
('client','readConfig'),
('client','readFlight'),
('client','readReceipt'),
('client','readRefund'),
('client','readTariff'),
('client','readTicket'),
('client','updateClient'),
('client','updateReceipt'),
('supervisor','createConfig'),
('supervisor','createTariff'),
('supervisor','deleteBalanceReq'),
('supervisor','deleteClient'),
('supervisor','deleteConfig'),
('supervisor','deleteTariff'),
('supervisor','listBalanceReq'),
('supervisor','listReceipt'),
('supervisor','listRefund'),
('supervisor','readBalanceReq'),
('supervisor','readReceipt'),
('supervisor','readRefund'),
('supervisor','ticketOperator'),
('supervisor','updateBalanceReq'),
('supervisor','updateClient'),
('supervisor','updateConfig'),
('supervisor','updateRefund'),
('supervisor','updateTariff'),
('ticketOperator','listAirplane'),
('ticketOperator','listAirport'),
('ticketOperator','listClient'),
('ticketOperator','listConfig'),
('ticketOperator','listFlight'),
('ticketOperator','listTariff'),
('ticketOperator','listTicket'),
('ticketOperator','readAirplane'),
('ticketOperator','readAirport'),
('ticketOperator','readClient'),
('ticketOperator','readConfig'),
('ticketOperator','readEmployee'),
('ticketOperator','readFlight'),
('ticketOperator','readTariff'),
('ticketOperator','readTicket'),
('ticketOperator','updateTicket');
/*!40000 ALTER TABLE `auth_item_child` ENABLE KEYS */;
UNLOCK TABLES;

--
-- Table structure for table `auth_rule`
--

DROP TABLE IF EXISTS `auth_rule`;
/*!40101 SET @saved_cs_client     = @@character_set_client */;
/*!40101 SET character_set_client = utf8 */;
CREATE TABLE `auth_rule` (
  `name` varchar(64) NOT NULL,
  `data` blob DEFAULT NULL,
  `created_at` int(11) DEFAULT NULL,
  `updated_at` int(11) DEFAULT NULL,
  PRIMARY KEY (`name`)
) ENGINE=InnoDB DEFAULT CHARSET=utf8mb3 COLLATE=utf8mb3_unicode_ci;
/*!40101 SET character_set_client = @saved_cs_client */;

--
-- Dumping data for table `auth_rule`
--

LOCK TABLES `auth_rule` WRITE;
/*!40000 ALTER TABLE `auth_rule` DISABLE KEYS */;
/*!40000 ALTER TABLE `auth_rule` ENABLE KEYS */;
UNLOCK TABLES;

--
-- Table structure for table `balanceReq`
--

DROP TABLE IF EXISTS `balanceReq`;
/*!40101 SET @saved_cs_client     = @@character_set_client */;
/*!40101 SET character_set_client = utf8 */;
CREATE TABLE `balanceReq` (
  `id` int(11) NOT NULL AUTO_INCREMENT,
  `amount` double(10,2) NOT NULL,
  `status` enum('Accepted','Declined','Ongoing','Canceled') NOT NULL DEFAULT 'Ongoing',
  `requestDate` datetime NOT NULL,
  `decisionDate` datetime DEFAULT NULL,
  `client_id` int(11) NOT NULL,
  PRIMARY KEY (`id`),
  KEY `fk_client_id` (`client_id`),
  CONSTRAINT `fk_client_id` FOREIGN KEY (`client_id`) REFERENCES `clients` (`user_id`)
) ENGINE=InnoDB AUTO_INCREMENT=6 DEFAULT CHARSET=latin1 COLLATE=latin1_swedish_ci;
/*!40101 SET character_set_client = @saved_cs_client */;

--
-- Dumping data for table `balanceReq`
--

LOCK TABLES `balanceReq` WRITE;
/*!40000 ALTER TABLE `balanceReq` DISABLE KEYS */;
/*!40000 ALTER TABLE `balanceReq` ENABLE KEYS */;
UNLOCK TABLES;

--
-- Table structure for table `balanceReq_employee`
--

DROP TABLE IF EXISTS `balanceReq_employee`;
/*!40101 SET @saved_cs_client     = @@character_set_client */;
/*!40101 SET character_set_client = utf8 */;
CREATE TABLE `balanceReq_employee` (
  `balanceReq_id` int(11) NOT NULL,
  `employee_id` int(11) NOT NULL,
  PRIMARY KEY (`balanceReq_id`),
  KEY `fk_employeeBalanceReq_id` (`employee_id`),
  CONSTRAINT `fk_balanceReq_id` FOREIGN KEY (`balanceReq_id`) REFERENCES `balanceReq` (`id`),
  CONSTRAINT `fk_employeeBalanceReq_id` FOREIGN KEY (`employee_id`) REFERENCES `user` (`id`)
) ENGINE=InnoDB DEFAULT CHARSET=latin1 COLLATE=latin1_swedish_ci;
/*!40101 SET character_set_client = @saved_cs_client */;

--
-- Dumping data for table `balanceReq_employee`
--

LOCK TABLES `balanceReq_employee` WRITE;
/*!40000 ALTER TABLE `balanceReq_employee` DISABLE KEYS */;
/*!40000 ALTER TABLE `balanceReq_employee` ENABLE KEYS */;
UNLOCK TABLES;

--
-- Table structure for table `clients`
--

DROP TABLE IF EXISTS `clients`;
/*!40101 SET @saved_cs_client     = @@character_set_client */;
/*!40101 SET character_set_client = utf8 */;
CREATE TABLE `clients` (
  `user_id` int(11) NOT NULL,
  `balance` double(10,2) NOT NULL,
  `application` tinyint(1) NOT NULL,
  PRIMARY KEY (`user_id`),
  CONSTRAINT `fk_usersClients_id` FOREIGN KEY (`user_id`) REFERENCES `user` (`id`)
) ENGINE=InnoDB DEFAULT CHARSET=latin1 COLLATE=latin1_swedish_ci;
/*!40101 SET character_set_client = @saved_cs_client */;

--
-- Dumping data for table `clients`
--

LOCK TABLES `clients` WRITE;
/*!40000 ALTER TABLE `clients` DISABLE KEYS */;
INSERT INTO `clients` VALUES
(89,990.00,1),
(90,42.00,1),
(91,970.00,0),
(92,481.00,1),
(93,415.00,1),
(94,826.00,0),
(95,943.00,0),
(96,366.00,1),
(97,317.00,0),
(98,781.00,1),
(99,88.00,1),
(100,594.00,0),
(101,431.00,1),
(102,2.00,0),
(103,459.00,0),
(104,58.00,0),
(105,598.00,0),
(106,472.00,1),
(107,944.00,1),
(108,31.00,1),
(109,333.00,1),
(110,911.00,1),
(111,877.00,0),
(112,435.00,1),
(113,903.00,1),
(114,935.00,0),
(115,569.00,0),
(116,471.00,0),
(117,319.00,1),
(118,291.00,0),
(119,571.00,1),
(120,553.00,0),
(121,303.00,1),
(122,76.00,1),
(123,10.00,0),
(124,274.00,0),
(125,219.00,0),
(126,493.00,1),
(127,958.00,1),
(128,203.00,1),
(129,961.00,1),
(131,499.00,0),
(132,713.00,0),
(133,565.00,1),
(134,736.00,0),
(135,736.00,1),
(136,362.00,0),
(137,297.00,1),
(138,631.00,1),
(139,935.00,1),
(140,201.00,0),
(141,937.00,1),
(142,15.00,0),
(143,966.00,0),
(144,635.00,1),
(145,92.00,0),
(146,828.00,0),
(147,815.00,0),
(148,794.00,0),
(149,102.00,0);
/*!40000 ALTER TABLE `clients` ENABLE KEYS */;
UNLOCK TABLES;

--
-- Table structure for table `configs`
--

DROP TABLE IF EXISTS `configs`;
/*!40101 SET @saved_cs_client     = @@character_set_client */;
/*!40101 SET character_set_client = utf8 */;
CREATE TABLE `configs` (
  `id` int(11) NOT NULL AUTO_INCREMENT,
  `description` text NOT NULL,
  `weight` int(11) NOT NULL,
  `price` double(10,2) NOT NULL,
  `active` tinyint(1) NOT NULL,
  PRIMARY KEY (`id`)
) ENGINE=InnoDB AUTO_INCREMENT=3 DEFAULT CHARSET=latin1 COLLATE=latin1_swedish_ci;
/*!40101 SET character_set_client = @saved_cs_client */;

--
-- Dumping data for table `configs`
--

LOCK TABLES `configs` WRITE;
/*!40000 ALTER TABLE `configs` DISABLE KEYS */;
INSERT INTO `configs` VALUES
(1,'20KG travel bag.',20,39.99,1),
(2,'10KG travel bag.',10,24.99,1);
/*!40000 ALTER TABLE `configs` ENABLE KEYS */;
UNLOCK TABLES;

--
-- Table structure for table `employees`
--

DROP TABLE IF EXISTS `employees`;
/*!40101 SET @saved_cs_client     = @@character_set_client */;
/*!40101 SET character_set_client = utf8 */;
CREATE TABLE `employees` (
  `user_id` int(11) NOT NULL,
  `salary` double(10,2) NOT NULL,
  `airport_id` int(11) DEFAULT NULL,
  PRIMARY KEY (`user_id`),
  KEY `fk_airport_id` (`airport_id`),
  CONSTRAINT `fk_airport_id` FOREIGN KEY (`airport_id`) REFERENCES `airports` (`id`),
  CONSTRAINT `fk_usersEmployees_id` FOREIGN KEY (`user_id`) REFERENCES `user` (`id`)
) ENGINE=InnoDB DEFAULT CHARSET=latin1 COLLATE=latin1_swedish_ci;
/*!40101 SET character_set_client = @saved_cs_client */;

--
-- Dumping data for table `employees`
--

LOCK TABLES `employees` WRITE;
/*!40000 ALTER TABLE `employees` DISABLE KEYS */;
INSERT INTO `employees` VALUES
(8,2483.00,5),
(9,1787.00,21),
(10,2190.00,8),
(11,2367.00,25),
(12,2168.00,17),
(13,1707.00,9),
(14,2287.00,7),
(15,1319.00,6),
(16,1823.00,15),
(18,1026.00,21),
(19,1341.00,10),
(20,1910.00,21),
(21,2240.00,10),
(22,1842.00,21),
(23,1848.00,24),
(24,1606.00,13),
(25,1743.00,12),
(26,993.00,18),
(27,1615.00,10),
(28,1756.00,14),
(29,2238.00,13),
(30,1144.00,25),
(31,2146.00,14),
(32,987.00,25),
(33,2311.00,23),
(34,2359.00,5),
(35,1964.00,16),
(36,2463.00,22),
(37,2228.00,9),
(38,2468.00,8),
(39,1902.00,19),
(40,2318.00,14),
(41,1841.00,7),
(42,1038.00,17),
(43,1503.00,17),
(44,1737.00,25),
(45,916.00,6),
(46,1331.00,14),
(47,2021.00,12),
(48,1488.00,10),
(49,2313.00,14),
(50,1436.00,24),
(51,1996.00,14),
(52,1746.00,20),
(53,2293.00,12),
(54,1543.00,12),
(55,1380.00,19),
(56,2256.00,23),
(57,1763.00,10),
(58,1355.00,16),
(59,2069.00,5),
(60,1323.00,22),
(61,1653.00,22),
(62,1799.00,17),
(63,1573.00,25),
(64,1904.00,19),
(65,2134.00,9),
(66,1278.00,22),
(67,1378.00,13),
(68,1770.00,21),
(69,2194.00,21),
(70,873.00,14),
(71,1675.00,16),
(72,1256.00,5),
(73,2423.00,23),
(74,1455.00,24),
(75,2046.00,11),
(76,826.00,24),
(77,2386.00,24),
(78,1425.00,23),
(79,836.00,8),
(80,1420.00,25),
(81,1043.00,11),
(82,2242.00,16),
(83,2225.00,21),
(84,1575.00,11),
(85,2251.00,28),
(86,2204.00,15),
(87,2030.00,5),
(88,2135.00,12);
/*!40000 ALTER TABLE `employees` ENABLE KEYS */;
UNLOCK TABLES;

--
-- Table structure for table `flights`
--

DROP TABLE IF EXISTS `flights`;
/*!40101 SET @saved_cs_client     = @@character_set_client */;
/*!40101 SET character_set_client = utf8 */;
CREATE TABLE `flights` (
  `id` int(11) NOT NULL AUTO_INCREMENT,
  `departureDate` datetime NOT NULL,
  `duration` time NOT NULL,
  `airplane_id` int(11) NOT NULL,
  `airportDeparture_id` int(11) NOT NULL,
  `airportArrival_id` int(11) NOT NULL,
  `status` enum('Available','Unavailable','Complete','Canceled') DEFAULT NULL,
  PRIMARY KEY (`id`),
  KEY `fk_airplane_id` (`airplane_id`),
  KEY `fk_airportDeparture_id` (`airportDeparture_id`),
  KEY `fk_airportArrival_id` (`airportArrival_id`),
  CONSTRAINT `fk_airplane_id` FOREIGN KEY (`airplane_id`) REFERENCES `airplanes` (`id`),
  CONSTRAINT `fk_airportArrival_id` FOREIGN KEY (`airportArrival_id`) REFERENCES `airports` (`id`),
  CONSTRAINT `fk_airportDeparture_id` FOREIGN KEY (`airportDeparture_id`) REFERENCES `airports` (`id`)
) ENGINE=InnoDB AUTO_INCREMENT=2602 DEFAULT CHARSET=latin1 COLLATE=latin1_swedish_ci;
/*!40101 SET character_set_client = @saved_cs_client */;

--
-- Dumping data for table `flights`
--

LOCK TABLES `flights` WRITE;
/*!40000 ALTER TABLE `flights` DISABLE KEYS */;
INSERT INTO `flights` VALUES
(1302,'2023-01-23 13:24:38','00:50:00',8,25,13,'Available'),
(1303,'2023-01-22 03:57:03','08:36:43',7,17,23,'Available'),
(1304,'2023-01-28 05:19:00','00:13:48',6,16,25,'Available'),
(1305,'2023-01-30 05:51:22','10:57:10',15,12,13,'Available'),
(1306,'2023-01-24 18:26:23','11:21:48',15,29,16,'Available'),
(1307,'2023-01-28 11:19:24','10:18:09',28,20,30,'Available'),
(1308,'2023-01-14 08:15:17','11:20:56',6,7,28,'Available'),
(1309,'2023-01-13 15:26:36','12:42:04',23,23,16,'Available'),
(1310,'2023-01-26 08:55:26','06:47:32',26,11,5,'Available'),
(1311,'2023-01-11 23:20:27','10:51:03',12,8,14,'Available'),
(1312,'2023-01-26 03:16:08','06:26:59',21,22,22,'Available'),
(1313,'2023-01-08 15:07:24','02:35:38',4,27,13,'Available'),
(1314,'2023-01-15 00:27:14','00:45:34',11,17,29,'Available'),
(1315,'2023-01-24 23:10:25','10:27:18',19,5,17,'Available'),
(1316,'2023-01-11 17:39:44','10:11:00',17,17,20,'Available'),
(1317,'2023-01-23 15:39:13','03:16:49',23,20,9,'Available'),
(1318,'2023-01-12 03:13:51','09:56:00',11,18,27,'Available'),
(1319,'2023-01-27 19:22:49','05:10:45',16,13,16,'Available'),
(1320,'2023-01-13 18:27:07','06:53:45',8,15,5,'Available'),
(1321,'2023-01-08 22:13:09','11:22:24',16,26,15,'Available'),
(1322,'2023-01-10 23:17:23','04:37:51',28,21,20,'Available'),
(1323,'2023-01-29 07:18:50','04:56:10',22,25,14,'Available'),
(1324,'2023-01-22 16:36:06','06:12:23',12,29,30,'Available'),
(1325,'2023-01-26 17:14:00','09:03:35',18,11,7,'Available'),
(1326,'2023-01-10 16:58:49','02:15:47',24,18,18,'Available'),
(1327,'2023-01-19 08:56:03','11:53:40',14,7,13,'Available'),
(1328,'2023-01-09 12:27:18','03:05:13',9,12,28,'Available'),
(1329,'2023-01-08 12:48:19','04:16:16',24,7,7,'Available'),
(1330,'2023-01-24 15:17:13','07:10:30',30,18,17,'Available'),
(1331,'2023-01-21 21:14:38','04:59:32',16,30,7,'Available'),
(1332,'2023-01-30 08:09:43','00:05:36',31,11,15,'Available'),
(1333,'2023-01-26 17:30:08','03:28:37',6,20,25,'Available'),
(1334,'2023-01-13 11:21:43','09:19:23',12,21,11,'Available'),
(1335,'2023-01-11 12:46:15','03:56:49',4,26,18,'Available'),
(1336,'2023-01-12 09:09:50','05:20:01',10,17,7,'Available'),
(1337,'2023-01-07 20:08:11','10:05:43',12,21,29,'Available'),
(1338,'2023-01-09 16:57:02','03:31:52',7,27,24,'Available'),
(1339,'2023-01-18 05:04:32','10:00:51',25,25,14,'Available'),
(1340,'2023-01-25 19:59:16','03:11:54',30,11,8,'Available'),
(1341,'2023-01-09 08:42:20','11:09:30',5,20,27,'Available'),
(1342,'2023-01-24 14:53:44','10:36:33',3,13,9,'Available'),
(1343,'2023-01-29 15:55:58','12:21:57',25,12,22,'Available'),
(1344,'2023-01-13 20:34:10','06:00:21',27,17,20,'Available'),
(1345,'2023-01-15 02:30:18','03:28:26',28,10,9,'Available'),
(1346,'2023-01-13 01:29:57','04:14:12',31,24,18,'Available'),
(1347,'2023-01-08 22:43:24','08:02:52',3,25,20,'Available'),
(1348,'2023-01-16 17:19:21','09:30:21',23,5,28,'Available'),
(1349,'2023-01-26 04:50:46','03:29:35',30,6,16,'Available'),
(1350,'2023-01-23 03:16:16','04:06:01',5,22,17,'Available'),
(1351,'2023-01-07 22:28:24','02:31:11',8,13,7,'Available'),
(1352,'2023-01-17 01:51:45','09:36:29',19,28,17,'Available'),
(1353,'2023-01-23 20:39:55','10:24:00',32,17,29,'Available'),
(1354,'2023-01-19 05:53:46','07:04:14',3,8,18,'Available'),
(1355,'2023-01-11 09:55:13','07:36:12',12,20,9,'Available'),
(1356,'2023-01-30 14:33:19','08:13:08',15,29,9,'Available'),
(1357,'2023-01-11 11:19:57','01:34:33',21,13,19,'Available'),
(1358,'2023-01-22 00:21:57','08:49:41',16,29,15,'Available'),
(1359,'2023-01-10 16:26:23','04:17:26',31,17,9,'Available'),
(1360,'2023-01-17 09:27:20','06:01:43',7,27,28,'Available'),
(1361,'2023-01-18 08:47:19','02:54:59',27,24,12,'Available'),
(1362,'2023-01-20 09:56:42','05:57:35',27,16,12,'Available'),
(1363,'2023-01-15 18:15:04','11:04:49',6,14,6,'Available'),
(1364,'2023-01-10 04:15:29','07:34:05',30,30,29,'Available'),
(1365,'2023-01-11 20:01:24','01:04:12',11,12,18,'Available'),
(1366,'2023-01-14 18:45:57','10:11:21',9,27,26,'Available'),
(1367,'2023-01-23 16:37:18','05:35:03',17,6,24,'Available'),
(1368,'2023-01-28 06:50:52','02:53:10',22,16,21,'Available'),
(1369,'2023-01-20 14:06:22','01:03:40',17,23,26,'Available'),
(1370,'2023-01-28 03:29:14','00:13:38',9,14,5,'Available'),
(1371,'2023-01-29 15:04:38','10:43:43',4,26,21,'Available'),
(1372,'2023-01-12 08:36:06','10:45:12',20,25,11,'Available'),
(1373,'2023-01-19 00:45:49','06:29:51',20,24,22,'Available'),
(1374,'2023-01-17 04:50:19','04:12:05',24,26,19,'Available'),
(1375,'2023-01-30 19:44:12','06:28:32',9,6,22,'Available'),
(1376,'2023-01-08 06:35:20','10:43:07',26,29,26,'Available'),
(1377,'2023-01-23 22:59:47','09:04:04',22,18,16,'Available'),
(1378,'2023-01-12 17:05:14','04:51:14',22,26,17,'Available'),
(1379,'2023-01-15 16:30:59','02:32:27',10,17,29,'Available'),
(1380,'2023-01-16 03:44:19','11:14:29',14,26,17,'Available'),
(1381,'2023-01-13 02:18:36','08:49:10',30,10,27,'Available'),
(1382,'2023-01-17 01:28:58','11:45:07',7,8,24,'Available'),
(1383,'2023-01-07 06:35:36','08:09:49',21,7,26,'Available'),
(1384,'2023-01-26 16:42:56','12:41:07',26,21,23,'Available'),
(1385,'2023-01-13 22:36:31','05:34:06',13,24,5,'Available'),
(1386,'2023-01-24 18:20:30','00:53:02',20,11,16,'Available'),
(1387,'2023-01-15 09:52:14','06:26:27',9,28,16,'Available'),
(1388,'2023-01-21 14:43:08','01:34:59',13,17,23,'Available'),
(1389,'2023-01-11 17:26:28','02:25:12',27,6,15,'Available'),
(1390,'2023-01-14 23:55:06','07:20:21',32,23,17,'Available'),
(1391,'2023-01-09 18:17:12','09:53:56',21,25,12,'Available'),
(1392,'2023-01-23 14:01:47','04:11:52',22,7,27,'Available'),
(1393,'2023-01-11 15:35:25','07:10:03',9,6,24,'Available'),
(1394,'2023-01-09 18:07:52','10:15:20',23,6,14,'Available'),
(1395,'2023-01-07 08:49:58','10:50:46',27,24,14,'Available'),
(1396,'2023-01-22 11:25:06','07:47:56',25,25,25,'Available'),
(1397,'2023-01-25 17:58:42','06:23:05',31,27,28,'Available'),
(1398,'2023-01-21 02:48:52','04:52:43',3,6,27,'Available'),
(1399,'2023-01-27 23:44:59','11:59:51',24,9,18,'Available'),
(1400,'2023-01-17 17:35:47','12:27:53',23,27,14,'Available'),
(1401,'2023-01-12 20:53:35','07:50:39',22,22,29,'Available'),
(1402,'2023-02-11 10:20:13','02:18:41',24,8,26,'Available'),
(1403,'2023-02-05 02:26:49','02:42:01',13,8,12,'Available'),
(1404,'2023-02-27 19:40:57','06:22:59',4,24,18,'Available'),
(1405,'2023-02-05 06:49:56','01:14:55',18,25,27,'Available'),
(1406,'2023-02-21 11:44:41','06:23:49',15,30,9,'Available'),
(1407,'2023-02-24 17:15:28','11:19:52',13,9,11,'Available'),
(1408,'2023-02-09 03:26:26','01:48:59',22,23,19,'Available'),
(1409,'2023-02-12 18:10:28','04:27:07',11,6,24,'Available'),
(1410,'2023-02-06 22:34:19','02:18:19',15,25,18,'Available'),
(1411,'2023-02-11 08:50:16','07:18:45',32,26,13,'Available'),
(1412,'2023-02-06 04:16:21','06:31:16',25,22,7,'Available'),
(1413,'2023-02-14 09:23:19','10:20:01',31,8,21,'Available'),
(1414,'2023-02-13 00:03:54','05:37:25',32,30,13,'Available'),
(1415,'2023-02-06 04:28:49','07:56:55',26,15,29,'Available'),
(1416,'2023-02-14 01:51:16','03:50:12',31,6,21,'Available'),
(1417,'2023-02-21 03:41:23','10:01:15',11,30,7,'Available'),
(1418,'2023-02-18 15:33:05','03:37:20',8,10,19,'Available'),
(1419,'2023-02-27 09:46:00','00:34:38',6,8,24,'Available'),
(1420,'2023-02-27 15:25:45','12:30:37',7,17,20,'Available'),
(1421,'2023-02-22 19:18:17','06:10:14',17,29,27,'Available'),
(1422,'2023-02-13 23:32:48','08:12:31',17,12,9,'Available'),
(1423,'2023-02-04 16:57:23','10:50:58',8,17,21,'Available'),
(1424,'2023-02-22 14:59:26','09:06:44',8,8,21,'Available'),
(1425,'2023-02-22 22:26:56','07:17:54',15,17,6,'Available'),
(1426,'2023-02-11 03:21:03','02:53:02',6,26,21,'Available'),
(1427,'2023-02-01 14:24:40','06:06:36',9,10,23,'Available'),
(1428,'2023-02-02 02:11:28','00:07:26',8,14,16,'Available'),
(1429,'2023-02-26 09:15:02','09:57:28',11,22,18,'Available'),
(1430,'2023-02-12 23:07:28','02:24:42',8,29,14,'Available'),
(1431,'2023-02-14 11:31:26','05:05:57',31,29,22,'Available'),
(1432,'2023-02-13 05:29:03','08:43:35',23,27,14,'Available'),
(1433,'2023-02-22 11:23:29','04:04:47',20,24,21,'Available'),
(1434,'2023-02-11 20:22:42','08:31:16',6,9,17,'Available'),
(1435,'2023-02-06 06:38:05','05:17:18',18,28,19,'Available'),
(1436,'2023-02-11 15:23:59','00:51:22',10,18,11,'Available'),
(1437,'2023-02-19 19:51:26','04:49:25',7,19,5,'Available'),
(1438,'2023-02-12 00:47:30','09:37:27',18,29,25,'Available'),
(1439,'2023-02-12 07:25:49','00:21:23',30,22,11,'Available'),
(1440,'2023-02-07 11:08:46','03:55:21',23,11,18,'Available'),
(1441,'2023-02-09 09:09:11','12:01:53',20,13,20,'Available'),
(1442,'2023-02-14 20:28:58','09:59:50',23,13,5,'Available'),
(1443,'2023-02-27 16:02:53','02:14:06',17,29,10,'Available'),
(1444,'2023-02-02 12:21:09','03:53:42',13,6,21,'Available'),
(1445,'2023-02-11 15:23:23','04:23:47',24,12,29,'Available'),
(1446,'2023-02-08 10:54:57','10:40:28',12,29,25,'Available'),
(1447,'2023-02-04 07:30:08','09:27:44',20,20,19,'Available'),
(1448,'2023-02-08 19:12:47','04:45:33',13,7,10,'Available'),
(1449,'2023-02-10 23:26:08','04:26:41',19,24,19,'Available'),
(1450,'2023-02-18 17:41:02','04:02:21',32,13,5,'Available'),
(1451,'2023-02-22 15:32:38','10:36:24',8,22,23,'Available'),
(1452,'2023-02-14 16:29:19','00:01:01',7,10,26,'Available'),
(1453,'2023-02-23 01:35:18','01:53:21',26,21,30,'Available'),
(1454,'2023-02-06 08:18:35','08:22:54',19,20,5,'Available'),
(1455,'2023-02-20 17:23:17','02:25:40',18,24,10,'Available'),
(1456,'2023-02-04 08:34:52','03:32:18',32,11,15,'Available'),
(1457,'2023-02-12 10:26:18','10:59:51',24,8,26,'Available'),
(1458,'2023-02-12 22:57:01','10:21:14',28,15,26,'Available'),
(1459,'2023-02-07 02:48:41','11:13:10',10,14,14,'Available'),
(1460,'2023-02-03 02:45:36','03:06:44',32,26,25,'Available'),
(1461,'2023-02-09 18:51:00','03:26:43',17,16,29,'Available'),
(1462,'2023-02-17 10:02:10','03:47:49',4,14,22,'Available'),
(1463,'2023-02-08 14:01:55','01:37:13',31,6,25,'Available'),
(1464,'2023-02-18 03:35:53','01:52:28',4,21,29,'Available'),
(1465,'2023-02-25 13:36:59','00:39:49',20,21,25,'Available'),
(1466,'2023-02-07 08:52:46','09:11:21',4,10,7,'Available'),
(1467,'2023-02-08 09:23:29','05:35:09',6,9,13,'Available'),
(1468,'2023-02-08 11:20:34','08:29:56',6,26,16,'Available'),
(1469,'2023-02-07 10:02:32','07:38:48',17,13,11,'Available'),
(1470,'2023-02-05 23:00:37','01:35:18',21,11,5,'Available'),
(1471,'2023-02-03 08:43:40','08:14:11',25,17,20,'Available'),
(1472,'2023-02-18 10:19:55','11:54:56',30,8,28,'Available'),
(1473,'2023-02-07 04:54:09','07:18:53',4,30,27,'Available'),
(1474,'2023-02-12 02:13:01','09:49:44',20,10,22,'Available'),
(1475,'2023-02-23 06:03:36','04:28:52',26,29,7,'Available'),
(1476,'2023-02-13 03:43:21','07:17:59',23,11,5,'Available'),
(1477,'2023-02-11 18:00:44','04:34:30',4,27,10,'Available'),
(1478,'2023-02-09 23:45:12','10:53:44',20,10,21,'Available'),
(1479,'2023-02-05 23:06:28','09:36:25',4,22,17,'Available'),
(1480,'2023-02-18 06:17:46','00:43:44',30,7,20,'Available'),
(1481,'2023-02-23 03:06:24','10:41:30',26,12,20,'Available'),
(1482,'2023-02-19 16:24:20','05:53:40',10,14,6,'Available'),
(1483,'2023-02-05 06:19:10','11:46:42',21,14,27,'Available'),
(1484,'2023-02-26 09:03:38','01:36:03',6,14,16,'Available'),
(1485,'2023-02-01 12:56:08','09:53:55',20,6,28,'Available'),
(1486,'2023-02-20 00:20:57','04:56:26',22,6,22,'Available'),
(1487,'2023-02-05 21:28:00','06:31:15',5,25,19,'Available'),
(1488,'2023-02-17 07:27:01','01:19:49',20,13,9,'Available'),
(1489,'2023-02-14 19:07:30','05:09:18',30,21,22,'Available'),
(1490,'2023-02-22 06:06:10','00:49:04',7,20,15,'Available'),
(1491,'2023-02-22 03:43:16','06:58:36',8,21,29,'Available'),
(1492,'2023-02-12 20:10:59','06:46:16',9,17,11,'Available'),
(1493,'2023-02-22 13:28:24','04:07:57',13,8,16,'Available'),
(1494,'2023-02-06 09:55:56','03:34:53',31,28,18,'Available'),
(1495,'2023-02-08 14:17:02','03:16:34',9,10,9,'Available'),
(1496,'2023-02-25 20:39:27','05:46:53',3,24,21,'Available'),
(1497,'2023-02-24 11:02:02','03:40:57',3,7,26,'Available'),
(1498,'2023-02-11 13:46:57','03:39:35',5,8,8,'Available'),
(1499,'2023-02-09 07:40:43','04:29:15',5,16,12,'Available'),
(1500,'2023-02-15 01:27:15','07:14:02',6,19,6,'Available'),
(1501,'2023-02-23 16:38:30','12:46:59',29,14,24,'Available'),
(1502,'2023-03-18 04:33:47','07:19:14',28,12,6,'Available'),
(1503,'2023-03-28 03:53:22','05:10:14',17,24,15,'Available'),
(1504,'2023-03-17 13:26:29','01:10:38',12,26,20,'Available'),
(1505,'2023-03-29 18:29:56','11:04:55',10,8,22,'Available'),
(1506,'2023-03-29 22:04:03','01:30:26',7,27,10,'Available'),
(1507,'2023-03-08 08:47:45','04:31:21',22,22,22,'Available'),
(1508,'2023-03-08 08:36:10','04:27:50',8,21,8,'Available'),
(1509,'2023-03-05 23:00:25','07:11:10',30,6,12,'Available'),
(1510,'2023-03-15 18:10:50','03:28:39',30,15,5,'Available'),
(1511,'2023-03-03 03:06:20','00:22:50',13,13,28,'Available'),
(1512,'2023-03-24 10:47:27','11:09:39',10,26,21,'Available'),
(1513,'2023-03-20 01:12:43','06:47:30',26,6,17,'Available'),
(1514,'2023-03-10 20:04:06','05:55:28',32,6,29,'Available'),
(1515,'2023-03-22 09:39:14','05:52:21',25,19,30,'Available'),
(1516,'2023-03-06 00:00:36','07:16:55',29,23,9,'Available'),
(1517,'2023-03-11 10:33:33','08:49:27',28,9,29,'Available'),
(1518,'2023-03-08 22:13:28','02:32:45',19,10,17,'Available'),
(1519,'2023-03-11 07:14:57','10:46:41',16,14,29,'Available'),
(1520,'2023-03-25 16:42:45','07:47:22',11,21,10,'Available'),
(1521,'2023-03-29 04:11:12','08:08:07',21,21,16,'Available'),
(1522,'2023-03-11 06:09:32','00:02:39',26,7,27,'Available'),
(1523,'2023-03-21 09:07:36','11:33:29',23,20,28,'Available'),
(1524,'2023-03-22 09:02:11','02:02:38',13,11,11,'Available'),
(1525,'2023-03-02 04:34:33','00:56:45',20,23,5,'Available'),
(1526,'2023-03-05 17:00:09','05:26:48',18,28,21,'Available'),
(1527,'2023-03-17 02:06:24','07:09:16',29,27,22,'Available'),
(1528,'2023-03-27 20:14:40','12:01:09',8,26,13,'Available'),
(1529,'2023-03-24 16:21:58','01:26:39',23,26,27,'Available'),
(1530,'2023-03-20 11:04:34','05:50:19',28,5,28,'Available'),
(1531,'2023-03-23 03:05:25','12:07:18',20,13,27,'Available'),
(1532,'2023-03-01 21:36:52','11:48:27',17,5,6,'Available'),
(1533,'2023-03-13 11:46:38','06:25:06',30,20,26,'Available'),
(1534,'2023-03-17 15:57:30','06:05:50',11,23,17,'Available'),
(1535,'2023-03-16 06:59:51','05:16:26',9,7,6,'Available'),
(1536,'2023-03-28 09:02:19','12:35:42',28,28,18,'Available'),
(1537,'2023-03-28 15:42:19','01:37:47',19,12,8,'Available'),
(1538,'2023-03-12 13:52:36','07:33:48',18,28,11,'Available'),
(1539,'2023-03-15 00:31:34','05:12:38',9,30,6,'Available'),
(1540,'2023-03-16 06:18:18','05:37:04',18,10,23,'Available'),
(1541,'2023-03-22 04:56:21','05:43:30',10,21,6,'Available'),
(1542,'2023-03-11 11:07:54','04:32:00',26,18,23,'Available'),
(1543,'2023-03-23 04:38:46','11:57:29',24,21,22,'Available'),
(1544,'2023-03-17 07:05:51','07:40:41',18,12,14,'Available'),
(1545,'2023-03-30 09:22:56','09:08:34',13,5,27,'Available'),
(1546,'2023-03-05 16:19:56','03:58:42',13,16,25,'Available'),
(1547,'2023-03-23 16:18:23','01:55:05',26,5,6,'Available'),
(1548,'2023-03-25 02:51:17','10:32:44',21,21,8,'Available'),
(1549,'2023-03-01 21:47:39','06:08:30',13,9,20,'Available'),
(1550,'2023-03-02 05:55:05','05:56:14',11,5,8,'Available'),
(1551,'2023-03-29 12:00:39','11:53:55',8,9,23,'Available'),
(1552,'2023-03-20 01:52:50','11:31:04',4,18,10,'Available'),
(1553,'2023-03-03 02:15:26','00:33:07',26,23,22,'Available'),
(1554,'2023-03-13 17:30:39','04:18:08',13,9,14,'Available'),
(1555,'2023-03-14 11:13:42','12:50:45',18,16,19,'Available'),
(1556,'2023-03-09 12:15:45','00:52:27',13,30,10,'Available'),
(1557,'2023-03-07 00:08:50','00:19:37',28,10,20,'Available'),
(1558,'2023-03-08 09:15:26','06:12:14',9,21,28,'Available'),
(1559,'2023-03-24 10:29:29','12:08:11',25,8,19,'Available'),
(1560,'2023-03-18 12:42:20','07:53:52',20,20,23,'Available'),
(1561,'2023-03-10 04:49:22','03:04:58',7,10,12,'Available'),
(1562,'2023-03-20 01:52:24','05:47:15',5,6,29,'Available'),
(1563,'2023-03-07 11:50:33','08:13:44',13,16,6,'Available'),
(1564,'2023-03-04 01:12:21','00:25:49',3,17,17,'Available'),
(1565,'2023-03-10 05:46:56','07:23:09',12,11,17,'Available'),
(1566,'2023-03-21 07:18:19','12:17:27',27,10,23,'Available'),
(1567,'2023-03-28 07:28:12','03:31:57',7,7,18,'Available'),
(1568,'2023-03-09 02:26:22','03:23:26',5,27,27,'Available'),
(1569,'2023-03-23 03:23:12','00:31:15',27,5,6,'Available'),
(1570,'2023-03-15 14:53:38','05:54:25',3,29,12,'Available'),
(1571,'2023-03-11 10:41:37','06:11:18',16,12,12,'Available'),
(1572,'2023-03-02 05:37:03','05:33:03',13,30,30,'Available'),
(1573,'2023-03-12 21:44:19','09:58:25',10,13,11,'Available'),
(1574,'2023-03-26 15:09:04','12:08:34',27,8,9,'Available'),
(1575,'2023-03-18 09:21:00','06:58:20',28,20,7,'Available'),
(1576,'2023-03-14 22:03:34','04:17:01',20,7,29,'Available'),
(1577,'2023-03-11 21:28:42','10:16:52',4,23,18,'Available'),
(1578,'2023-03-08 22:56:37','06:38:00',8,25,18,'Available'),
(1579,'2023-03-22 03:44:13','06:27:55',28,27,12,'Available'),
(1580,'2023-03-13 06:41:24','08:29:08',13,26,14,'Available'),
(1581,'2023-03-14 06:09:00','11:14:38',14,24,27,'Available'),
(1582,'2023-03-13 13:53:41','08:49:23',16,12,18,'Available'),
(1583,'2023-03-26 18:04:26','00:28:25',26,15,24,'Available'),
(1584,'2023-03-28 07:58:02','02:12:00',26,26,20,'Available'),
(1585,'2023-03-24 00:28:42','11:17:50',31,25,11,'Available'),
(1586,'2023-03-17 17:13:03','02:45:06',19,6,11,'Available'),
(1587,'2023-03-08 17:08:39','00:46:00',23,26,15,'Available'),
(1588,'2023-03-18 21:10:13','04:03:25',6,16,28,'Available'),
(1589,'2023-03-17 15:43:24','07:03:25',31,28,8,'Available'),
(1590,'2023-03-02 00:41:54','02:49:52',11,23,11,'Available'),
(1591,'2023-03-11 14:54:13','02:29:03',16,5,30,'Available'),
(1592,'2023-03-17 01:31:40','03:35:01',8,20,28,'Available'),
(1593,'2023-03-22 17:26:47','02:07:04',23,23,17,'Available'),
(1594,'2023-03-29 22:30:00','03:44:25',21,29,29,'Available'),
(1595,'2023-03-09 12:27:47','09:08:07',22,17,24,'Available'),
(1596,'2023-03-10 23:28:20','02:44:21',8,24,22,'Available'),
(1597,'2023-03-13 18:15:26','05:08:03',25,8,27,'Available'),
(1598,'2023-03-13 19:52:58','07:55:40',27,26,28,'Available'),
(1599,'2023-03-13 19:29:37','02:47:57',23,26,25,'Available'),
(1600,'2023-03-23 10:24:52','07:31:59',10,13,17,'Available'),
(1601,'2023-03-23 01:00:25','00:59:04',29,10,28,'Available'),
(1602,'2023-04-13 04:50:27','12:31:30',12,23,11,'Available'),
(1603,'2023-04-10 02:35:14','09:56:37',25,12,21,'Available'),
(1604,'2023-04-01 20:18:41','00:23:58',30,24,9,'Available'),
(1605,'2023-04-06 03:17:41','06:24:52',14,20,27,'Available'),
(1606,'2023-04-09 18:42:54','06:52:37',28,21,29,'Available'),
(1607,'2023-04-04 20:34:46','11:23:01',30,23,23,'Available'),
(1608,'2023-04-04 08:20:43','08:40:48',21,22,5,'Available'),
(1609,'2023-04-16 08:11:47','06:47:11',16,27,9,'Available'),
(1610,'2023-04-10 17:01:02','04:26:36',8,22,15,'Available'),
(1611,'2023-04-01 19:54:42','08:39:14',24,13,29,'Available'),
(1612,'2023-04-29 14:37:32','11:59:13',28,10,25,'Available'),
(1613,'2023-04-02 00:38:44','00:14:06',26,26,30,'Available'),
(1614,'2023-04-05 07:45:18','05:01:40',19,25,22,'Available'),
(1615,'2023-04-27 07:03:00','03:31:37',24,6,23,'Available'),
(1616,'2023-04-27 09:38:26','05:58:47',20,6,25,'Available'),
(1617,'2023-04-02 19:09:51','00:28:33',31,19,13,'Available'),
(1618,'2023-04-06 22:40:11','10:02:10',22,20,26,'Available'),
(1619,'2023-04-20 11:04:17','12:10:47',5,17,8,'Available'),
(1620,'2023-04-10 12:19:36','06:03:32',23,25,25,'Available'),
(1621,'2023-04-01 10:27:48','08:50:30',4,21,28,'Available'),
(1622,'2023-04-13 19:29:22','08:24:06',13,22,12,'Available'),
(1623,'2023-04-05 05:51:43','06:07:43',8,13,14,'Available'),
(1624,'2023-04-29 07:04:35','09:07:01',23,7,25,'Available'),
(1625,'2023-04-16 07:59:21','02:02:13',31,8,27,'Available'),
(1626,'2023-04-16 15:02:37','12:44:09',29,20,18,'Available'),
(1627,'2023-04-09 15:04:13','01:19:02',22,22,27,'Available'),
(1628,'2023-04-18 23:44:50','09:07:51',25,24,14,'Available'),
(1629,'2023-04-10 18:23:20','04:46:16',3,14,7,'Available'),
(1630,'2023-04-07 06:04:30','02:24:32',12,29,17,'Available'),
(1631,'2023-04-18 16:20:32','12:18:22',16,28,9,'Available'),
(1632,'2023-04-14 15:28:17','01:43:58',3,14,11,'Available'),
(1633,'2023-04-06 04:02:22','01:56:10',15,15,28,'Available'),
(1634,'2023-04-19 18:34:12','12:58:48',11,6,26,'Available'),
(1635,'2023-04-05 11:22:17','09:12:11',24,10,14,'Available'),
(1636,'2023-04-02 09:48:06','03:36:01',15,27,8,'Available'),
(1637,'2023-04-14 11:13:05','03:02:16',25,6,7,'Available'),
(1638,'2023-04-29 03:34:09','08:54:58',17,30,12,'Available'),
(1639,'2023-04-26 01:03:05','10:35:28',23,17,16,'Available'),
(1640,'2023-04-07 02:08:49','08:51:09',31,27,10,'Available'),
(1641,'2023-04-29 06:38:01','06:08:37',17,15,27,'Available'),
(1642,'2023-04-22 00:53:41','02:38:18',16,16,9,'Available'),
(1643,'2023-04-18 16:39:27','11:14:33',8,29,10,'Available'),
(1644,'2023-04-10 00:19:51','01:39:35',23,16,7,'Available'),
(1645,'2023-04-18 01:59:16','08:52:36',28,18,22,'Available'),
(1646,'2023-04-25 14:33:58','06:48:45',22,13,21,'Available'),
(1647,'2023-04-23 18:08:02','11:36:04',15,28,30,'Available'),
(1648,'2023-04-08 07:45:07','07:21:09',22,8,12,'Available'),
(1649,'2023-04-18 14:05:06','03:14:25',20,5,23,'Available'),
(1650,'2023-04-25 20:42:38','03:36:13',4,26,25,'Available'),
(1651,'2023-04-17 20:45:36','11:41:50',29,9,27,'Available'),
(1652,'2023-04-11 08:26:49','10:38:47',11,18,15,'Available'),
(1653,'2023-04-14 02:38:51','02:26:58',29,6,30,'Available'),
(1654,'2023-04-26 04:55:57','02:57:32',4,8,30,'Available'),
(1655,'2023-04-11 20:57:41','07:50:15',19,14,6,'Available'),
(1656,'2023-04-09 08:42:15','05:18:06',19,27,10,'Available'),
(1657,'2023-04-09 19:29:25','01:54:04',13,17,22,'Available'),
(1658,'2023-04-02 23:23:20','08:08:39',24,26,20,'Available'),
(1659,'2023-04-04 19:57:34','06:17:42',6,12,19,'Available'),
(1660,'2023-04-18 00:40:08','04:22:32',13,5,25,'Available'),
(1661,'2023-04-22 22:34:18','06:10:18',12,14,26,'Available'),
(1662,'2023-04-18 16:46:56','04:01:07',31,23,16,'Available'),
(1663,'2023-04-04 21:08:03','01:07:02',22,12,6,'Available'),
(1664,'2023-04-05 15:35:45','06:34:22',19,26,17,'Available'),
(1665,'2023-04-26 18:17:33','08:17:35',32,18,26,'Available'),
(1666,'2023-04-11 00:40:13','11:50:44',4,28,30,'Available'),
(1667,'2023-04-25 21:16:24','02:19:08',31,12,18,'Available'),
(1668,'2023-04-26 14:06:03','05:21:00',14,10,14,'Available'),
(1669,'2023-04-07 09:30:28','06:13:50',8,21,12,'Available'),
(1670,'2023-04-02 06:10:41','06:53:38',12,15,16,'Available'),
(1671,'2023-04-25 21:27:55','03:26:35',32,23,22,'Available'),
(1672,'2023-04-06 06:36:12','08:24:27',24,8,9,'Available'),
(1673,'2023-04-03 00:10:02','12:53:12',5,16,24,'Available'),
(1674,'2023-04-15 22:47:33','12:21:12',4,9,21,'Available'),
(1675,'2023-04-25 21:05:41','12:42:35',9,14,28,'Available'),
(1676,'2023-04-04 22:39:45','07:45:55',17,8,16,'Available'),
(1677,'2023-04-12 19:11:00','08:09:23',25,13,10,'Available'),
(1678,'2023-04-04 06:50:20','03:41:26',23,12,14,'Available'),
(1679,'2023-04-09 06:21:11','11:14:05',14,12,27,'Available'),
(1680,'2023-04-25 05:52:42','04:20:34',5,19,15,'Available'),
(1681,'2023-04-07 00:59:52','00:00:33',21,18,17,'Available'),
(1682,'2023-04-28 13:34:07','06:19:54',3,19,14,'Available'),
(1683,'2023-04-29 14:49:58','01:57:17',9,10,17,'Available'),
(1684,'2023-04-17 10:10:06','01:47:25',3,26,23,'Available'),
(1685,'2023-04-21 01:28:33','03:53:45',8,22,17,'Available'),
(1686,'2023-04-02 10:57:51','12:06:39',14,29,24,'Available'),
(1687,'2023-04-22 04:53:29','02:00:19',3,8,6,'Available'),
(1688,'2023-04-26 23:53:51','06:56:14',17,22,14,'Available'),
(1689,'2023-04-10 09:38:47','12:17:27',25,5,18,'Available'),
(1690,'2023-04-18 13:02:01','06:30:56',5,30,12,'Available'),
(1691,'2023-04-26 05:20:38','00:43:52',9,12,5,'Available'),
(1692,'2023-04-07 17:29:02','01:30:53',32,7,12,'Available'),
(1693,'2023-04-09 05:02:55','05:31:23',28,17,5,'Available'),
(1694,'2023-04-09 08:09:18','01:27:43',28,30,28,'Available'),
(1695,'2023-04-11 18:05:10','03:30:18',5,10,24,'Available'),
(1696,'2023-04-24 12:15:29','07:21:25',16,16,5,'Available'),
(1697,'2023-04-28 07:06:23','08:10:36',13,27,23,'Available'),
(1698,'2023-04-12 11:20:54','11:27:30',16,13,18,'Available'),
(1699,'2023-04-27 17:09:53','09:36:31',26,11,8,'Available'),
(1700,'2023-04-20 20:24:46','04:41:56',11,23,13,'Available'),
(1701,'2023-04-25 00:26:47','10:02:39',32,25,19,'Available'),
(1702,'2023-05-01 23:57:04','03:44:43',3,24,22,'Available'),
(1703,'2023-05-04 20:05:12','12:19:02',21,19,25,'Available'),
(1704,'2023-05-04 00:30:59','12:10:50',20,6,20,'Available'),
(1705,'2023-05-28 06:25:12','05:12:52',10,5,16,'Available'),
(1706,'2023-05-29 09:21:46','01:25:43',31,26,17,'Available'),
(1707,'2023-05-29 22:22:14','09:58:03',7,26,21,'Available'),
(1708,'2023-05-07 10:52:58','09:41:10',26,9,28,'Available'),
(1709,'2023-05-28 18:33:05','04:35:47',26,10,19,'Available'),
(1710,'2023-05-25 12:02:32','03:14:45',6,20,8,'Available'),
(1711,'2023-05-08 23:32:57','07:54:07',21,5,20,'Available'),
(1712,'2023-05-22 12:59:45','11:34:51',10,21,28,'Available'),
(1713,'2023-05-07 05:12:55','09:15:40',18,5,13,'Available'),
(1714,'2023-05-22 10:21:04','01:42:54',24,16,12,'Available'),
(1715,'2023-05-19 16:50:04','01:03:44',25,13,13,'Available'),
(1716,'2023-05-08 10:15:42','01:25:07',4,27,7,'Available'),
(1717,'2023-05-17 11:11:50','08:26:25',9,5,10,'Available'),
(1718,'2023-05-05 11:56:29','10:29:30',11,27,15,'Available'),
(1719,'2023-05-27 06:34:04','03:29:43',26,9,17,'Available'),
(1720,'2023-05-08 14:56:12','02:04:59',7,13,23,'Available'),
(1721,'2023-05-05 04:17:09','06:19:45',16,26,9,'Available'),
(1722,'2023-05-01 19:31:03','02:54:23',4,22,17,'Available'),
(1723,'2023-05-04 04:32:46','11:00:29',6,27,28,'Available'),
(1724,'2023-05-01 19:32:23','09:08:04',31,17,6,'Available'),
(1725,'2023-05-04 18:10:26','08:42:31',32,16,30,'Available'),
(1726,'2023-05-10 00:53:09','03:18:22',6,25,17,'Available'),
(1727,'2023-05-22 04:30:26','08:01:59',25,6,18,'Available'),
(1728,'2023-05-02 15:38:10','11:22:49',30,30,15,'Available'),
(1729,'2023-05-27 17:08:18','08:41:08',17,28,29,'Available'),
(1730,'2023-05-08 04:18:44','11:18:50',13,9,27,'Available'),
(1731,'2023-05-20 10:35:52','09:02:11',11,30,8,'Available'),
(1732,'2023-05-11 00:17:57','06:16:20',19,28,17,'Available'),
(1733,'2023-05-26 15:37:18','08:34:14',14,23,21,'Available'),
(1734,'2023-05-02 01:48:43','00:22:36',20,26,6,'Available'),
(1735,'2023-05-19 23:52:56','12:26:24',28,27,8,'Available'),
(1736,'2023-05-28 02:17:55','11:39:43',11,11,21,'Available'),
(1737,'2023-05-07 03:00:58','06:25:21',8,17,24,'Available'),
(1738,'2023-05-24 18:31:25','12:45:38',31,30,8,'Available'),
(1739,'2023-05-19 06:01:45','03:45:44',30,10,28,'Available'),
(1740,'2023-05-09 23:24:45','07:04:04',11,19,27,'Available'),
(1741,'2023-05-22 14:51:49','05:53:51',31,27,28,'Available'),
(1742,'2023-05-19 05:22:30','00:56:40',16,29,5,'Available'),
(1743,'2023-05-12 22:35:32','11:57:39',8,14,16,'Available'),
(1744,'2023-05-15 17:24:02','05:15:02',30,12,20,'Available'),
(1745,'2023-05-30 13:28:39','06:20:25',8,27,13,'Available'),
(1746,'2023-05-22 09:15:08','12:48:18',12,9,15,'Available'),
(1747,'2023-05-27 03:16:58','06:37:41',28,20,20,'Available'),
(1748,'2023-05-13 00:55:27','11:46:22',17,25,8,'Available'),
(1749,'2023-05-20 08:44:16','05:36:23',20,9,18,'Available'),
(1750,'2023-05-25 17:59:22','07:38:14',22,12,18,'Available'),
(1751,'2023-05-26 10:27:02','08:50:14',6,19,28,'Available'),
(1752,'2023-05-21 05:06:22','05:11:36',19,21,18,'Available'),
(1753,'2023-05-23 04:31:14','03:27:21',4,9,17,'Available'),
(1754,'2023-05-18 18:54:38','10:28:15',24,23,7,'Available'),
(1755,'2023-05-27 01:25:24','01:42:25',24,21,30,'Available'),
(1756,'2023-05-16 11:12:07','05:13:53',7,25,18,'Available'),
(1757,'2023-05-29 14:01:59','06:38:28',25,9,17,'Available'),
(1758,'2023-05-19 00:15:08','10:26:18',17,22,26,'Available'),
(1759,'2023-05-05 03:25:42','08:13:03',15,12,30,'Available'),
(1760,'2023-05-01 22:54:11','11:50:57',6,11,11,'Available'),
(1761,'2023-05-04 13:46:26','07:45:11',5,15,29,'Available'),
(1762,'2023-05-04 23:23:54','10:56:20',15,8,9,'Available'),
(1763,'2023-05-18 23:37:46','12:42:43',16,5,9,'Available'),
(1764,'2023-05-13 07:26:15','00:01:54',5,24,18,'Available'),
(1765,'2023-05-12 22:58:09','04:11:39',31,24,24,'Available'),
(1766,'2023-05-19 13:38:24','01:50:12',13,7,24,'Available'),
(1767,'2023-05-27 17:57:02','02:27:05',30,25,15,'Available'),
(1768,'2023-05-25 18:47:36','10:11:53',18,7,29,'Available'),
(1769,'2023-05-07 22:11:54','11:05:19',6,16,23,'Available'),
(1770,'2023-05-02 02:11:23','11:24:40',12,18,28,'Available'),
(1771,'2023-05-24 08:30:15','11:36:36',8,14,6,'Available'),
(1772,'2023-05-01 02:47:05','12:29:26',28,11,19,'Available'),
(1773,'2023-05-21 23:39:03','02:49:50',28,7,9,'Available'),
(1774,'2023-05-18 08:41:48','09:32:28',16,21,28,'Available'),
(1775,'2023-05-17 16:05:15','09:08:38',18,6,8,'Available'),
(1776,'2023-05-19 12:39:39','07:28:49',30,11,6,'Available'),
(1777,'2023-05-24 13:23:27','01:42:39',23,20,11,'Available'),
(1778,'2023-05-16 05:49:18','09:47:46',8,19,17,'Available'),
(1779,'2023-05-22 08:40:57','12:45:09',20,12,6,'Available'),
(1780,'2023-05-11 07:13:00','07:13:37',19,8,22,'Available'),
(1781,'2023-05-03 08:33:08','06:02:56',28,9,17,'Available'),
(1782,'2023-05-04 20:38:28','11:09:42',6,17,8,'Available'),
(1783,'2023-05-05 10:38:16','00:46:52',20,23,28,'Available'),
(1784,'2023-05-09 04:17:37','03:58:55',30,5,18,'Available'),
(1785,'2023-05-10 09:23:46','07:43:11',19,29,13,'Available'),
(1786,'2023-05-12 11:49:55','08:39:15',26,25,26,'Available'),
(1787,'2023-05-22 07:54:33','10:27:51',7,7,29,'Available'),
(1788,'2023-05-07 15:29:44','04:32:46',8,6,25,'Available'),
(1789,'2023-05-07 10:22:19','00:28:31',22,29,7,'Available'),
(1790,'2023-05-24 14:30:22','09:14:48',23,10,10,'Available'),
(1791,'2023-05-19 17:36:14','10:16:12',31,5,7,'Available'),
(1792,'2023-05-08 18:00:02','12:38:44',23,24,25,'Available'),
(1793,'2023-05-29 17:25:40','12:02:24',18,22,24,'Available'),
(1794,'2023-05-21 18:22:26','06:01:51',17,6,22,'Available'),
(1795,'2023-05-09 11:34:11','01:17:40',10,19,5,'Available'),
(1796,'2023-05-26 05:14:40','00:24:09',14,27,26,'Available'),
(1797,'2023-05-13 12:21:05','03:34:14',24,16,23,'Available'),
(1798,'2023-05-20 06:33:58','12:53:57',19,24,17,'Available'),
(1799,'2023-05-19 23:19:27','10:37:55',25,7,23,'Available'),
(1800,'2023-05-05 19:17:57','06:59:01',5,18,22,'Available'),
(1801,'2023-05-20 21:48:22','10:59:00',12,13,12,'Available'),
(1802,'2023-06-20 08:08:13','09:13:42',13,7,22,'Available'),
(1803,'2023-06-16 22:25:47','04:45:46',21,28,11,'Available'),
(1804,'2023-06-21 01:46:00','03:47:08',11,15,15,'Available'),
(1805,'2023-06-16 13:31:15','05:45:11',30,9,18,'Available'),
(1806,'2023-06-22 09:47:13','12:18:25',5,14,24,'Available'),
(1807,'2023-06-15 10:10:02','05:09:02',27,16,28,'Available'),
(1808,'2023-06-21 20:31:52','07:38:38',30,24,16,'Available'),
(1809,'2023-06-03 03:21:50','06:10:01',29,29,13,'Available'),
(1810,'2023-06-16 20:53:48','06:53:31',32,12,25,'Available'),
(1811,'2023-06-01 06:52:42','03:22:41',21,22,20,'Available'),
(1812,'2023-06-05 09:55:32','02:07:58',22,15,10,'Available'),
(1813,'2023-06-12 18:05:46','10:29:11',24,19,6,'Available'),
(1814,'2023-06-10 14:43:41','01:49:02',10,28,24,'Available'),
(1815,'2023-06-24 00:55:47','05:43:20',4,13,28,'Available'),
(1816,'2023-06-22 14:27:53','12:40:44',17,17,24,'Available'),
(1817,'2023-06-03 23:19:19','10:23:26',29,28,19,'Available'),
(1818,'2023-06-18 09:11:12','03:12:09',19,18,18,'Available'),
(1819,'2023-06-18 01:46:59','08:29:22',3,12,19,'Available'),
(1820,'2023-06-13 05:29:32','03:55:30',8,10,7,'Available'),
(1821,'2023-06-25 22:07:38','04:55:22',4,7,26,'Available'),
(1822,'2023-06-19 21:29:59','10:30:51',30,11,29,'Available'),
(1823,'2023-06-18 00:29:19','11:37:15',5,26,22,'Available'),
(1824,'2023-06-18 12:55:29','06:11:10',9,10,20,'Available'),
(1825,'2023-06-03 18:55:47','10:37:00',29,10,10,'Available'),
(1826,'2023-06-06 07:03:34','06:22:22',25,7,27,'Available'),
(1827,'2023-06-20 18:02:51','11:44:54',27,8,26,'Available'),
(1828,'2023-06-27 07:47:53','07:48:00',10,13,24,'Available'),
(1829,'2023-06-28 17:15:47','00:23:16',26,9,24,'Available'),
(1830,'2023-06-25 12:04:39','00:42:42',8,12,22,'Available'),
(1831,'2023-06-17 03:43:07','12:37:12',14,11,22,'Available'),
(1832,'2023-06-03 19:08:50','04:44:21',19,13,14,'Available'),
(1833,'2023-06-27 18:19:23','11:54:42',26,24,30,'Available'),
(1834,'2023-06-07 16:10:53','10:08:00',5,28,24,'Available'),
(1835,'2023-06-10 15:50:39','01:47:30',32,13,21,'Available'),
(1836,'2023-06-14 02:14:35','08:36:42',17,19,18,'Available'),
(1837,'2023-06-28 18:47:32','10:56:12',9,22,11,'Available'),
(1838,'2023-06-28 01:56:49','00:28:36',25,30,10,'Available'),
(1839,'2023-06-17 07:17:43','00:14:11',10,15,23,'Available'),
(1840,'2023-06-10 00:10:05','12:32:49',13,22,9,'Available'),
(1841,'2023-06-24 15:01:03','11:40:23',7,26,19,'Available'),
(1842,'2023-06-16 15:25:24','10:05:06',8,18,30,'Available'),
(1843,'2023-06-01 07:56:19','00:22:07',15,6,21,'Available'),
(1844,'2023-06-16 14:28:57','09:03:00',12,25,25,'Available'),
(1845,'2023-06-13 23:02:27','10:50:26',23,7,28,'Available'),
(1846,'2023-06-04 06:33:50','10:37:07',29,5,14,'Available'),
(1847,'2023-06-02 19:36:08','00:39:25',27,6,20,'Available'),
(1848,'2023-06-05 06:58:48','10:18:52',14,26,28,'Available'),
(1849,'2023-06-17 02:40:16','02:10:14',21,6,23,'Available'),
(1850,'2023-06-16 05:37:18','11:17:48',29,15,5,'Available'),
(1851,'2023-06-04 14:17:11','00:02:07',24,20,25,'Available'),
(1852,'2023-06-28 12:11:19','08:10:15',28,23,17,'Available'),
(1853,'2023-06-07 12:46:42','09:13:47',22,16,15,'Available'),
(1854,'2023-06-06 08:14:48','08:43:20',31,29,19,'Available'),
(1855,'2023-06-15 03:54:06','11:09:48',16,27,24,'Available'),
(1856,'2023-06-09 02:54:50','00:24:57',9,17,22,'Available'),
(1857,'2023-06-25 15:37:33','03:50:59',32,26,21,'Available'),
(1858,'2023-06-03 15:05:41','06:55:52',30,19,30,'Available'),
(1859,'2023-06-29 09:57:20','06:47:21',6,12,10,'Available'),
(1860,'2023-06-06 03:34:33','00:26:31',24,20,30,'Available'),
(1861,'2023-06-08 10:56:18','03:15:21',28,22,18,'Available'),
(1862,'2023-06-16 09:34:11','11:53:37',4,14,24,'Available'),
(1863,'2023-06-04 04:42:07','00:58:40',5,15,18,'Available'),
(1864,'2023-06-17 15:10:08','06:01:12',30,11,11,'Available'),
(1865,'2023-06-08 16:27:41','02:45:21',9,24,23,'Available'),
(1866,'2023-06-28 17:07:46','11:53:15',26,17,5,'Available'),
(1867,'2023-06-01 12:17:53','08:05:51',12,30,13,'Available'),
(1868,'2023-06-07 14:08:27','12:19:54',32,18,25,'Available'),
(1869,'2023-06-20 17:29:11','07:24:14',4,19,28,'Available'),
(1870,'2023-06-17 02:46:08','09:44:16',12,11,6,'Available'),
(1871,'2023-06-08 04:09:19','11:53:33',12,12,5,'Available'),
(1872,'2023-06-13 00:51:44','03:03:05',18,27,9,'Available'),
(1873,'2023-06-04 09:42:46','05:52:59',26,16,12,'Available'),
(1874,'2023-06-08 16:20:04','09:03:30',30,19,26,'Available'),
(1875,'2023-06-05 15:04:59','02:26:06',7,11,28,'Available'),
(1876,'2023-06-19 18:39:20','02:53:16',19,23,5,'Available'),
(1877,'2023-06-01 00:24:07','11:38:09',16,10,19,'Available'),
(1878,'2023-06-03 10:07:43','04:06:31',4,28,6,'Available'),
(1879,'2023-06-28 03:11:09','09:03:40',6,20,11,'Available'),
(1880,'2023-06-26 01:33:11','05:36:57',24,26,26,'Available'),
(1881,'2023-06-13 16:34:13','10:54:20',17,30,16,'Available'),
(1882,'2023-06-20 05:56:29','10:09:24',21,6,13,'Available'),
(1883,'2023-06-24 13:32:13','08:42:41',26,20,13,'Available'),
(1884,'2023-06-19 21:29:10','06:17:55',4,27,24,'Available'),
(1885,'2023-06-02 23:12:16','03:54:24',27,22,19,'Available'),
(1886,'2023-06-10 20:19:57','10:57:23',8,10,25,'Available'),
(1887,'2023-06-29 16:06:10','07:58:25',9,15,17,'Available'),
(1888,'2023-06-12 14:33:31','02:21:08',11,8,28,'Available'),
(1889,'2023-06-03 21:29:42','08:32:28',29,18,7,'Available'),
(1890,'2023-06-08 15:45:03','04:55:23',14,6,20,'Available'),
(1891,'2023-06-02 22:10:10','07:28:28',9,17,11,'Available'),
(1892,'2023-06-01 00:45:28','01:27:22',7,9,24,'Available'),
(1893,'2023-06-17 18:14:19','00:11:55',14,14,18,'Available'),
(1894,'2023-06-16 19:54:50','06:12:05',3,15,11,'Available'),
(1895,'2023-06-27 08:26:21','09:41:00',31,13,30,'Available'),
(1896,'2023-06-28 09:23:29','06:51:32',18,5,7,'Available'),
(1897,'2023-06-12 09:31:49','00:34:32',32,18,22,'Available'),
(1898,'2023-06-07 07:51:08','02:26:58',30,5,8,'Available'),
(1899,'2023-06-27 11:47:02','07:57:13',5,20,16,'Available'),
(1900,'2023-06-22 13:26:03','05:09:10',16,11,19,'Available'),
(1901,'2023-06-12 10:52:54','08:04:55',28,15,5,'Available'),
(1902,'2023-07-18 16:23:46','09:01:29',31,14,6,'Available'),
(1903,'2023-07-09 19:34:06','00:08:34',5,30,8,'Available'),
(1904,'2023-07-11 22:07:24','00:48:40',4,15,17,'Available'),
(1905,'2023-07-06 18:38:35','10:27:55',4,24,21,'Available'),
(1906,'2023-07-28 21:41:32','02:31:41',8,8,29,'Available'),
(1907,'2023-07-29 10:17:31','10:45:00',20,28,24,'Available'),
(1908,'2023-07-08 22:58:45','09:59:32',21,14,29,'Available'),
(1909,'2023-07-04 19:01:29','03:45:28',19,10,20,'Available'),
(1910,'2023-07-17 22:08:07','05:29:00',7,5,8,'Available'),
(1911,'2023-07-30 05:15:44','11:15:34',30,21,12,'Available'),
(1912,'2023-07-29 23:10:27','08:11:26',29,5,20,'Available'),
(1913,'2023-07-07 22:24:24','02:00:26',28,24,28,'Available'),
(1914,'2023-07-16 23:48:18','05:49:10',11,10,21,'Available'),
(1915,'2023-07-24 10:40:00','12:57:36',26,10,7,'Available'),
(1916,'2023-07-02 03:06:13','09:39:32',31,8,5,'Available'),
(1917,'2023-07-23 18:53:06','05:41:39',19,9,24,'Available'),
(1918,'2023-07-08 01:49:04','10:40:15',18,10,7,'Available'),
(1919,'2023-07-04 00:46:23','09:18:03',11,7,29,'Available'),
(1920,'2023-07-02 19:37:56','06:09:14',6,28,9,'Available'),
(1921,'2023-07-24 10:46:50','04:31:54',31,14,7,'Available'),
(1922,'2023-07-18 01:26:30','10:02:17',24,16,19,'Available'),
(1923,'2023-07-16 02:56:46','02:31:08',17,26,6,'Available'),
(1924,'2023-07-19 16:10:37','00:11:07',18,23,6,'Available'),
(1925,'2023-07-17 21:13:58','05:51:37',19,19,30,'Available'),
(1926,'2023-07-05 09:11:40','09:16:32',12,24,14,'Available'),
(1927,'2023-07-24 00:30:28','11:31:18',29,8,8,'Available'),
(1928,'2023-07-16 16:52:36','03:05:34',19,18,7,'Available'),
(1929,'2023-07-28 05:23:03','09:31:37',18,18,7,'Available'),
(1930,'2023-07-14 14:25:49','07:40:48',21,28,19,'Available'),
(1931,'2023-07-24 23:28:38','12:47:00',9,13,6,'Available'),
(1932,'2023-07-13 05:37:31','06:36:10',22,16,17,'Available'),
(1933,'2023-07-17 23:53:16','05:46:10',30,17,14,'Available'),
(1934,'2023-07-20 23:42:46','04:41:02',3,28,22,'Available'),
(1935,'2023-07-13 01:33:28','00:52:35',28,22,22,'Available'),
(1936,'2023-07-01 13:32:34','10:46:54',11,10,29,'Available'),
(1937,'2023-07-16 03:32:52','11:43:15',26,21,9,'Available'),
(1938,'2023-07-20 07:16:51','07:18:16',22,25,24,'Available'),
(1939,'2023-07-22 20:23:21','04:09:20',3,15,17,'Available'),
(1940,'2023-07-27 19:56:34','01:27:36',16,17,26,'Available'),
(1941,'2023-07-20 16:50:14','02:09:23',20,12,30,'Available'),
(1942,'2023-07-09 16:36:53','07:06:42',32,26,25,'Available'),
(1943,'2023-07-14 12:54:43','02:40:49',20,9,22,'Available'),
(1944,'2023-07-20 23:43:09','08:52:15',25,27,30,'Available'),
(1945,'2023-07-14 15:54:09','12:27:35',4,19,26,'Available'),
(1946,'2023-07-03 15:02:04','12:04:50',7,16,8,'Available'),
(1947,'2023-07-08 17:57:11','07:25:04',13,6,25,'Available'),
(1948,'2023-07-13 16:15:12','08:33:20',30,15,25,'Available'),
(1949,'2023-07-24 13:28:21','05:57:47',18,14,28,'Available'),
(1950,'2023-07-04 08:52:29','11:54:08',3,22,30,'Available'),
(1951,'2023-07-13 09:54:44','04:59:51',19,22,19,'Available'),
(1952,'2023-07-05 15:52:06','12:31:53',23,21,16,'Available'),
(1953,'2023-07-22 21:25:53','06:40:15',16,29,15,'Available'),
(1954,'2023-07-09 21:08:36','09:44:13',11,6,10,'Available'),
(1955,'2023-07-02 09:17:53','06:22:51',5,25,24,'Available'),
(1956,'2023-07-18 16:50:48','12:08:59',22,30,20,'Available'),
(1957,'2023-07-30 07:08:15','12:13:59',3,7,12,'Available'),
(1958,'2023-07-12 06:43:04','06:10:51',32,18,23,'Available'),
(1959,'2023-07-07 06:08:23','12:58:07',12,15,15,'Available'),
(1960,'2023-07-08 23:12:50','10:46:45',17,7,7,'Available'),
(1961,'2023-07-04 09:17:16','01:12:35',15,6,23,'Available'),
(1962,'2023-07-03 12:59:29','07:05:19',29,15,21,'Available'),
(1963,'2023-07-08 09:50:25','04:07:44',29,25,9,'Available'),
(1964,'2023-07-20 11:03:00','02:14:35',21,7,5,'Available'),
(1965,'2023-07-16 14:10:27','11:56:16',25,16,24,'Available'),
(1966,'2023-07-29 01:58:16','06:50:06',26,20,27,'Available'),
(1967,'2023-07-21 22:34:16','04:13:46',20,20,13,'Available'),
(1968,'2023-07-05 23:44:48','00:21:15',6,16,5,'Available'),
(1969,'2023-07-08 00:46:48','08:08:41',25,26,17,'Available'),
(1970,'2023-07-15 11:40:44','07:13:10',12,26,14,'Available'),
(1971,'2023-07-04 23:26:27','02:30:04',31,18,9,'Available'),
(1972,'2023-07-09 02:07:14','01:53:50',14,14,20,'Available'),
(1973,'2023-07-02 02:15:31','05:42:23',12,5,16,'Available'),
(1974,'2023-07-13 14:54:01','10:50:00',5,11,28,'Available'),
(1975,'2023-07-26 11:29:33','09:07:48',14,5,5,'Available'),
(1976,'2023-07-12 12:59:41','03:11:12',19,25,11,'Available'),
(1977,'2023-07-10 00:29:06','07:19:47',31,20,5,'Available'),
(1978,'2023-07-22 00:13:50','11:32:58',28,12,8,'Available'),
(1979,'2023-07-12 17:36:01','06:54:31',14,29,19,'Available'),
(1980,'2023-07-09 22:48:19','09:01:14',31,11,9,'Available'),
(1981,'2023-07-24 03:07:40','11:37:44',8,21,23,'Available'),
(1982,'2023-07-09 19:43:41','01:19:58',31,18,7,'Available'),
(1983,'2023-07-09 23:28:01','00:58:24',16,14,30,'Available'),
(1984,'2023-07-19 01:05:47','09:20:49',6,18,18,'Available'),
(1985,'2023-07-12 20:28:38','08:31:26',23,11,9,'Available'),
(1986,'2023-07-25 07:45:23','02:17:56',32,28,8,'Available'),
(1987,'2023-07-06 00:18:09','05:28:28',10,15,20,'Available'),
(1988,'2023-07-03 08:34:45','10:54:56',10,25,12,'Available'),
(1989,'2023-07-05 07:03:03','09:39:09',9,6,27,'Available'),
(1990,'2023-07-06 15:57:45','05:49:10',16,12,21,'Available'),
(1991,'2023-07-13 08:06:21','11:53:35',26,17,10,'Available'),
(1992,'2023-07-01 06:13:31','01:44:39',19,10,17,'Available'),
(1993,'2023-07-07 10:40:22','11:03:59',11,14,13,'Available'),
(1994,'2023-07-23 12:50:06','02:29:36',28,8,21,'Available'),
(1995,'2023-07-08 19:25:15','09:41:54',18,11,7,'Available'),
(1996,'2023-07-22 04:41:15','10:01:32',28,6,20,'Available'),
(1997,'2023-07-14 02:40:36','03:48:03',4,19,15,'Available'),
(1998,'2023-07-11 08:01:38','00:39:50',3,20,23,'Available'),
(1999,'2023-07-03 07:17:23','01:29:43',14,12,17,'Available'),
(2000,'2023-07-07 19:03:22','01:21:58',19,26,6,'Available'),
(2001,'2023-07-02 10:57:33','06:11:48',18,25,20,'Available'),
(2002,'2023-08-26 10:58:15','02:00:30',30,5,30,'Available'),
(2003,'2023-08-26 01:37:03','11:51:05',12,14,14,'Available'),
(2004,'2023-08-15 09:54:17','06:48:10',12,27,21,'Available'),
(2005,'2023-08-29 03:14:22','00:13:54',3,11,15,'Available'),
(2006,'2023-08-24 20:42:02','07:09:27',17,13,11,'Available'),
(2007,'2023-08-22 12:44:31','08:17:18',29,15,18,'Available'),
(2008,'2023-08-16 13:51:32','06:51:19',32,16,23,'Available'),
(2009,'2023-08-02 11:39:33','09:15:13',21,13,12,'Available'),
(2010,'2023-08-22 21:53:59','08:35:35',19,30,17,'Available'),
(2011,'2023-08-01 23:33:14','03:17:25',18,11,6,'Available'),
(2012,'2023-08-29 13:41:52','10:44:52',17,19,6,'Available'),
(2013,'2023-08-03 17:36:21','02:51:53',9,28,10,'Available'),
(2014,'2023-08-30 11:54:39','06:34:51',32,15,15,'Available'),
(2015,'2023-08-07 02:40:43','11:37:59',30,23,12,'Available'),
(2016,'2023-08-23 23:51:20','12:09:44',10,27,21,'Available'),
(2017,'2023-08-07 05:12:28','12:10:15',18,27,6,'Available'),
(2018,'2023-08-01 00:59:41','05:17:35',3,13,11,'Available'),
(2019,'2023-08-10 22:28:59','06:26:25',4,7,24,'Available'),
(2020,'2023-08-22 12:53:01','08:11:25',11,29,30,'Available'),
(2021,'2023-08-03 07:18:57','09:13:26',32,19,19,'Available'),
(2022,'2023-08-16 04:58:54','07:18:08',14,19,11,'Available'),
(2023,'2023-08-04 16:40:22','01:26:41',15,15,7,'Available'),
(2024,'2023-08-30 20:16:44','06:33:36',18,30,23,'Available'),
(2025,'2023-08-18 17:36:29','07:35:42',30,13,19,'Available'),
(2026,'2023-08-07 06:03:54','04:43:04',4,19,5,'Available'),
(2027,'2023-08-14 02:18:12','07:10:57',8,12,11,'Available'),
(2028,'2023-08-16 04:34:39','06:51:37',18,29,26,'Available'),
(2029,'2023-08-20 20:51:36','00:39:29',16,17,21,'Available'),
(2030,'2023-08-17 00:17:30','09:20:50',32,16,14,'Available'),
(2031,'2023-08-27 16:44:50','04:50:30',9,10,27,'Available'),
(2032,'2023-08-10 03:10:11','00:00:39',6,10,17,'Available'),
(2033,'2023-08-09 17:27:45','11:30:02',28,24,14,'Available'),
(2034,'2023-08-15 15:05:10','01:48:22',23,29,28,'Available'),
(2035,'2023-08-06 19:23:58','10:13:49',14,21,23,'Available'),
(2036,'2023-08-11 18:36:58','02:24:22',32,8,29,'Available'),
(2037,'2023-08-13 11:35:54','03:32:13',25,12,10,'Available'),
(2038,'2023-08-20 00:35:24','10:48:59',18,10,20,'Available'),
(2039,'2023-08-07 05:47:04','00:31:47',30,17,25,'Available'),
(2040,'2023-08-13 19:57:57','03:47:26',15,19,28,'Available'),
(2041,'2023-08-27 15:34:21','11:53:06',25,17,14,'Available'),
(2042,'2023-08-04 00:02:17','10:19:10',16,30,17,'Available'),
(2043,'2023-08-27 03:33:29','07:11:43',4,6,8,'Available'),
(2044,'2023-08-01 23:59:31','07:30:24',11,6,23,'Available'),
(2045,'2023-08-25 19:55:04','08:58:55',20,22,15,'Available'),
(2046,'2023-08-21 22:42:15','04:37:38',9,29,5,'Available'),
(2047,'2023-08-08 07:10:52','12:14:36',22,25,9,'Available'),
(2048,'2023-08-08 02:01:44','01:54:25',6,7,20,'Available'),
(2049,'2023-08-16 22:15:51','08:43:31',18,13,20,'Available'),
(2050,'2023-08-18 03:20:18','02:49:59',16,24,25,'Available'),
(2051,'2023-08-30 16:43:18','07:34:46',25,23,22,'Available'),
(2052,'2023-08-27 07:04:29','01:17:24',30,13,5,'Available'),
(2053,'2023-08-24 01:06:40','10:07:19',4,20,13,'Available'),
(2054,'2023-08-12 08:04:55','08:34:40',23,11,8,'Available'),
(2055,'2023-08-14 02:35:54','10:44:49',18,13,14,'Available'),
(2056,'2023-08-19 17:15:41','10:05:23',19,21,6,'Available'),
(2057,'2023-08-06 01:46:31','11:47:40',22,16,8,'Available'),
(2058,'2023-08-23 15:23:51','10:24:11',9,8,29,'Available'),
(2059,'2023-08-28 10:27:49','07:58:09',15,14,8,'Available'),
(2060,'2023-08-22 03:49:01','10:10:56',30,16,15,'Available'),
(2061,'2023-08-29 03:55:09','09:52:31',12,28,8,'Available'),
(2062,'2023-08-15 14:12:54','07:50:52',23,26,26,'Available'),
(2063,'2023-08-15 21:05:51','09:19:53',29,20,16,'Available'),
(2064,'2023-08-08 21:37:07','00:06:57',6,27,23,'Available'),
(2065,'2023-08-04 23:53:07','09:28:24',15,21,24,'Available'),
(2066,'2023-08-19 09:47:08','03:22:26',29,26,19,'Available'),
(2067,'2023-08-13 20:54:08','10:06:11',28,19,27,'Available'),
(2068,'2023-08-10 15:38:42','12:19:55',24,24,13,'Available'),
(2069,'2023-08-24 16:23:59','05:09:34',23,15,13,'Available'),
(2070,'2023-08-05 17:24:16','05:37:47',13,29,23,'Available'),
(2071,'2023-08-18 01:38:51','02:39:32',10,27,13,'Available'),
(2072,'2023-08-08 01:46:32','03:26:12',10,14,10,'Available'),
(2073,'2023-08-14 16:37:41','10:52:41',18,21,7,'Available'),
(2074,'2023-08-12 22:47:23','03:33:14',20,11,16,'Available'),
(2075,'2023-08-12 10:43:24','11:44:19',27,6,15,'Available'),
(2076,'2023-08-29 13:24:19','09:05:35',26,15,14,'Available'),
(2077,'2023-08-18 09:17:11','07:22:28',26,27,24,'Available'),
(2078,'2023-08-18 23:14:09','05:08:18',7,10,6,'Available'),
(2079,'2023-08-24 01:39:29','01:16:42',29,22,30,'Available'),
(2080,'2023-08-19 16:23:14','07:19:00',26,9,14,'Available'),
(2081,'2023-08-18 07:08:12','09:03:54',5,27,8,'Available'),
(2082,'2023-08-02 20:45:49','04:08:37',26,5,5,'Available'),
(2083,'2023-08-14 02:10:20','01:39:24',14,19,28,'Available'),
(2084,'2023-08-20 13:05:10','02:53:21',22,29,10,'Available'),
(2085,'2023-08-28 00:42:22','12:52:04',26,29,21,'Available'),
(2086,'2023-08-29 00:09:39','08:51:11',12,6,23,'Available'),
(2087,'2023-08-18 20:17:58','04:11:23',16,16,25,'Available'),
(2088,'2023-08-12 07:34:32','10:45:53',10,6,15,'Available'),
(2089,'2023-08-13 23:20:44','03:14:43',21,24,23,'Available'),
(2090,'2023-08-02 06:52:52','02:48:19',29,24,6,'Available'),
(2091,'2023-08-20 23:14:16','10:17:31',14,26,28,'Available'),
(2092,'2023-08-20 04:56:18','01:40:57',19,28,21,'Available'),
(2093,'2023-08-05 15:52:30','02:33:55',13,26,14,'Available'),
(2094,'2023-08-07 18:47:36','03:12:14',23,29,17,'Available'),
(2095,'2023-08-25 12:06:00','06:18:45',13,24,18,'Available'),
(2096,'2023-08-08 09:58:27','09:13:59',7,25,14,'Available'),
(2097,'2023-08-03 12:40:28','00:44:53',11,29,8,'Available'),
(2098,'2023-08-03 23:26:41','04:54:12',26,7,15,'Available'),
(2099,'2023-08-27 08:02:54','08:47:49',10,13,8,'Available'),
(2100,'2023-08-26 08:49:48','11:46:52',25,27,6,'Available'),
(2101,'2023-08-01 03:59:17','02:21:16',7,7,14,'Available'),
(2102,'2023-09-09 17:28:37','06:48:49',32,19,30,'Available'),
(2103,'2023-09-28 19:00:39','11:55:48',12,8,24,'Available'),
(2104,'2023-09-07 02:01:56','11:27:09',30,12,14,'Available'),
(2105,'2023-09-11 06:24:04','07:13:48',23,7,18,'Available'),
(2106,'2023-09-23 20:14:20','11:27:34',12,7,17,'Available'),
(2107,'2023-09-24 20:13:54','12:26:59',3,9,16,'Available'),
(2108,'2023-09-23 11:44:36','00:47:41',14,10,26,'Available'),
(2109,'2023-09-27 17:48:10','07:20:07',29,27,6,'Available'),
(2110,'2023-09-24 05:14:39','12:20:39',8,19,10,'Available'),
(2111,'2023-09-01 22:12:08','05:46:05',32,13,22,'Available'),
(2112,'2023-09-16 20:12:39','06:26:40',10,6,21,'Available'),
(2113,'2023-09-08 04:47:41','09:26:23',3,16,29,'Available'),
(2114,'2023-09-22 22:55:03','01:09:38',30,6,8,'Available'),
(2115,'2023-09-12 12:07:39','04:16:26',4,12,10,'Available'),
(2116,'2023-09-23 16:50:46','03:13:37',29,5,19,'Available'),
(2117,'2023-09-15 21:54:06','05:35:57',25,15,27,'Available'),
(2118,'2023-09-13 12:58:44','04:09:47',3,7,20,'Available'),
(2119,'2023-09-13 01:17:29','05:37:26',3,30,15,'Available'),
(2120,'2023-09-05 08:09:38','10:39:43',7,8,20,'Available'),
(2121,'2023-09-19 01:11:25','09:47:30',8,20,19,'Available'),
(2122,'2023-09-15 06:41:40','12:27:15',20,8,11,'Available'),
(2123,'2023-09-09 01:47:00','07:15:53',12,14,29,'Available'),
(2124,'2023-09-03 14:30:21','08:16:46',4,7,28,'Available'),
(2125,'2023-09-24 07:20:39','03:11:31',30,25,27,'Available'),
(2126,'2023-09-29 01:24:31','12:49:09',25,14,19,'Available'),
(2127,'2023-09-29 11:57:58','04:55:01',9,21,8,'Available'),
(2128,'2023-09-10 10:39:53','11:02:35',24,15,27,'Available'),
(2129,'2023-09-15 04:34:04','10:07:05',6,6,17,'Available'),
(2130,'2023-09-12 16:21:27','10:53:36',21,18,6,'Available'),
(2131,'2023-09-11 20:30:46','00:22:08',27,9,26,'Available'),
(2132,'2023-09-17 17:59:48','04:27:48',4,17,8,'Available'),
(2133,'2023-09-09 14:28:25','04:52:42',18,13,8,'Available'),
(2134,'2023-09-14 01:20:47','08:59:43',24,29,15,'Available'),
(2135,'2023-09-24 05:54:46','12:12:13',30,24,15,'Available'),
(2136,'2023-09-06 03:16:18','01:39:14',8,13,16,'Available'),
(2137,'2023-09-02 18:15:30','01:13:26',13,10,16,'Available'),
(2138,'2023-09-15 08:03:06','07:46:24',3,11,20,'Available'),
(2139,'2023-09-05 19:27:04','01:39:00',9,10,14,'Available'),
(2140,'2023-09-29 11:29:07','11:41:55',23,25,17,'Available'),
(2141,'2023-09-02 13:48:26','12:42:01',18,16,16,'Available'),
(2142,'2023-09-21 01:32:45','07:25:38',24,24,21,'Available'),
(2143,'2023-09-07 04:25:11','03:10:01',24,17,17,'Available'),
(2144,'2023-09-22 07:18:48','07:08:59',11,18,29,'Available'),
(2145,'2023-09-25 11:39:48','01:35:40',24,14,25,'Available'),
(2146,'2023-09-15 06:13:21','10:07:15',30,14,29,'Available'),
(2147,'2023-09-10 23:49:28','12:59:24',16,29,15,'Available'),
(2148,'2023-09-28 14:26:26','12:48:52',25,8,10,'Available'),
(2149,'2023-09-20 18:10:06','01:46:51',19,10,26,'Available'),
(2150,'2023-09-11 22:22:50','02:11:28',14,6,25,'Available'),
(2151,'2023-09-07 02:26:41','08:18:34',21,9,12,'Available'),
(2152,'2023-09-14 15:38:03','04:08:20',18,16,14,'Available'),
(2153,'2023-09-15 23:33:56','12:59:08',22,5,27,'Available'),
(2154,'2023-09-28 16:38:40','04:45:52',6,28,6,'Available'),
(2155,'2023-09-18 17:12:44','04:02:42',14,23,19,'Available'),
(2156,'2023-09-28 09:28:41','01:20:04',26,18,5,'Available'),
(2157,'2023-09-13 23:44:46','08:07:01',13,5,11,'Available'),
(2158,'2023-09-02 08:22:04','02:37:35',28,29,7,'Available'),
(2159,'2023-09-27 10:46:04','10:07:00',14,30,6,'Available'),
(2160,'2023-09-27 03:47:13','09:23:52',14,20,20,'Available'),
(2161,'2023-09-06 22:48:39','12:43:50',4,7,11,'Available'),
(2162,'2023-09-22 22:31:59','09:27:32',19,14,25,'Available'),
(2163,'2023-09-15 01:14:58','05:39:02',5,22,26,'Available'),
(2164,'2023-09-03 01:21:12','03:16:33',17,23,25,'Available'),
(2165,'2023-09-22 17:33:54','11:57:51',29,30,26,'Available'),
(2166,'2023-09-08 08:52:14','03:13:58',3,10,24,'Available'),
(2167,'2023-09-28 01:13:35','12:40:51',3,30,19,'Available'),
(2168,'2023-09-06 12:20:53','11:30:38',14,7,10,'Available'),
(2169,'2023-09-26 17:00:21','07:36:00',11,24,24,'Available'),
(2170,'2023-09-27 03:33:38','08:14:38',29,15,12,'Available'),
(2171,'2023-09-07 07:02:23','11:54:29',28,13,11,'Available'),
(2172,'2023-09-23 06:13:29','02:01:53',22,29,22,'Available'),
(2173,'2023-09-20 00:11:57','02:40:27',10,6,15,'Available'),
(2174,'2023-09-11 23:54:57','01:19:06',22,20,9,'Available'),
(2175,'2023-09-07 04:12:17','02:37:41',22,21,20,'Available'),
(2176,'2023-09-05 02:42:43','11:58:36',24,12,30,'Available'),
(2177,'2023-09-12 18:58:35','11:39:52',13,15,9,'Available'),
(2178,'2023-09-14 14:21:48','01:13:01',18,15,17,'Available'),
(2179,'2023-09-27 15:38:57','03:56:49',20,17,9,'Available'),
(2180,'2023-09-28 03:53:00','07:35:39',15,5,19,'Available'),
(2181,'2023-09-16 12:40:14','11:33:46',3,15,7,'Available'),
(2182,'2023-09-28 07:54:48','02:52:37',10,28,7,'Available'),
(2183,'2023-09-17 22:01:45','04:05:41',5,8,16,'Available'),
(2184,'2023-09-19 17:00:20','04:48:31',21,27,11,'Available'),
(2185,'2023-09-07 11:32:57','06:06:00',23,24,11,'Available'),
(2186,'2023-09-20 07:41:17','06:08:53',8,26,30,'Available'),
(2187,'2023-09-16 01:59:35','05:52:07',10,5,26,'Available'),
(2188,'2023-09-01 13:29:46','08:03:10',25,9,29,'Available'),
(2189,'2023-09-29 20:43:57','02:06:57',27,18,14,'Available'),
(2190,'2023-09-04 22:44:13','08:43:51',30,21,25,'Available'),
(2191,'2023-09-04 02:53:37','05:08:09',31,22,21,'Available'),
(2192,'2023-09-18 15:09:51','09:12:27',22,8,16,'Available'),
(2193,'2023-09-25 02:27:22','03:02:53',8,21,30,'Available'),
(2194,'2023-09-06 23:16:49','06:54:08',31,17,30,'Available'),
(2195,'2023-09-22 02:26:07','08:48:12',24,5,19,'Available'),
(2196,'2023-09-20 12:42:05','06:39:26',16,27,15,'Available'),
(2197,'2023-09-25 09:28:08','07:02:08',25,17,21,'Available'),
(2198,'2023-09-23 09:41:37','05:35:08',20,7,30,'Available'),
(2199,'2023-09-11 17:40:46','07:50:31',18,15,8,'Available'),
(2200,'2023-09-12 01:51:04','03:30:08',28,18,5,'Available'),
(2201,'2023-09-12 04:56:44','10:21:57',30,30,28,'Available'),
(2202,'2023-10-25 17:10:03','09:44:07',4,25,22,'Available'),
(2203,'2023-10-25 11:46:02','12:42:38',28,28,16,'Available'),
(2204,'2023-10-05 03:43:14','10:54:11',24,22,16,'Available'),
(2205,'2023-10-12 02:55:10','12:04:34',28,12,5,'Available'),
(2206,'2023-10-09 19:59:01','01:44:18',21,7,20,'Available'),
(2207,'2023-10-12 13:45:55','05:07:19',6,22,8,'Available'),
(2208,'2023-10-09 14:44:26','01:31:17',9,26,6,'Available'),
(2209,'2023-10-28 04:33:02','02:25:53',27,14,30,'Available'),
(2210,'2023-10-01 09:45:15','04:03:17',15,9,21,'Available'),
(2211,'2023-10-09 02:51:53','10:10:20',14,17,21,'Available'),
(2212,'2023-10-03 00:34:36','02:41:38',13,6,20,'Available'),
(2213,'2023-10-18 11:57:48','03:52:49',12,8,26,'Available'),
(2214,'2023-10-23 08:28:13','04:28:35',8,23,23,'Available'),
(2215,'2023-10-15 16:54:52','03:32:30',20,19,28,'Available'),
(2216,'2023-10-23 20:36:33','11:39:36',13,5,13,'Available'),
(2217,'2023-10-26 19:07:54','05:41:53',13,24,8,'Available'),
(2218,'2023-10-17 05:14:05','10:55:49',12,18,11,'Available'),
(2219,'2023-10-23 06:35:51','03:04:42',11,29,13,'Available'),
(2220,'2023-10-30 07:18:14','06:14:31',7,17,20,'Available'),
(2221,'2023-10-20 13:25:53','12:35:15',20,28,17,'Available'),
(2222,'2023-10-22 13:44:01','05:04:18',31,28,6,'Available'),
(2223,'2023-10-10 19:51:13','03:22:05',5,17,30,'Available'),
(2224,'2023-10-07 14:37:54','02:38:41',25,11,22,'Available'),
(2225,'2023-10-02 02:43:40','03:44:21',3,26,9,'Available'),
(2226,'2023-10-12 19:56:42','00:16:19',22,12,11,'Available'),
(2227,'2023-10-10 00:53:08','07:58:10',23,5,6,'Available'),
(2228,'2023-10-15 10:24:30','02:03:54',30,21,21,'Available'),
(2229,'2023-10-14 06:11:03','01:53:47',3,10,28,'Available'),
(2230,'2023-10-20 19:26:16','02:18:59',5,9,6,'Available'),
(2231,'2023-10-14 12:24:00','08:40:19',23,7,25,'Available'),
(2232,'2023-10-30 17:34:18','12:39:42',5,17,14,'Available'),
(2233,'2023-10-13 01:11:28','01:37:21',17,9,21,'Available'),
(2234,'2023-10-29 18:15:30','02:41:26',28,18,10,'Available'),
(2235,'2023-10-30 15:22:58','11:17:36',14,14,28,'Available'),
(2236,'2023-10-15 20:48:48','06:59:23',28,24,20,'Available'),
(2237,'2023-10-15 16:54:12','00:57:25',8,25,6,'Available'),
(2238,'2023-10-27 08:07:34','06:30:00',22,26,11,'Available'),
(2239,'2023-10-27 19:34:02','12:34:54',5,30,24,'Available'),
(2240,'2023-10-08 20:14:04','04:05:53',18,11,16,'Available'),
(2241,'2023-10-10 02:53:16','07:40:01',29,7,8,'Available'),
(2242,'2023-10-30 18:43:52','08:47:17',30,14,7,'Available'),
(2243,'2023-10-18 04:30:17','09:07:49',18,30,10,'Available'),
(2244,'2023-10-15 00:46:11','11:36:41',4,26,15,'Available'),
(2245,'2023-10-22 21:59:06','04:21:32',3,25,9,'Available'),
(2246,'2023-10-25 02:56:12','01:48:07',17,30,19,'Available'),
(2247,'2023-10-24 20:52:27','06:31:12',10,13,14,'Available'),
(2248,'2023-10-18 23:36:12','04:35:46',32,20,7,'Available'),
(2249,'2023-10-20 13:52:05','01:17:52',30,24,29,'Available'),
(2250,'2023-10-09 06:45:58','08:37:35',15,11,23,'Available'),
(2251,'2023-10-10 12:28:34','06:35:41',5,10,18,'Available'),
(2252,'2023-10-23 06:59:16','02:46:36',26,23,18,'Available'),
(2253,'2023-10-21 19:45:16','06:51:02',7,29,7,'Available'),
(2254,'2023-10-07 01:08:05','00:22:04',14,20,15,'Available'),
(2255,'2023-10-07 05:45:28','02:57:11',17,26,22,'Available'),
(2256,'2023-10-29 15:06:48','07:00:00',15,19,30,'Available'),
(2257,'2023-10-24 07:32:50','07:32:59',14,9,27,'Available'),
(2258,'2023-10-13 21:09:09','06:32:13',19,21,29,'Available'),
(2259,'2023-10-14 03:25:24','10:26:13',22,28,7,'Available'),
(2260,'2023-10-05 01:34:36','12:13:04',14,20,23,'Available'),
(2261,'2023-10-20 09:00:02','05:57:02',18,30,12,'Available'),
(2262,'2023-10-29 13:07:27','06:57:36',27,12,14,'Available'),
(2263,'2023-10-13 14:39:41','05:23:27',27,26,11,'Available'),
(2264,'2023-10-10 12:32:51','10:45:29',14,24,24,'Available'),
(2265,'2023-10-17 14:45:05','11:12:29',4,25,28,'Available'),
(2266,'2023-10-20 00:48:04','07:12:24',3,6,18,'Available'),
(2267,'2023-10-25 03:52:08','01:24:31',6,19,27,'Available'),
(2268,'2023-10-17 03:16:53','02:07:57',15,26,29,'Available'),
(2269,'2023-10-27 11:44:11','09:11:10',16,19,15,'Available'),
(2270,'2023-10-21 20:49:34','05:06:12',32,14,9,'Available'),
(2271,'2023-10-15 01:04:15','01:42:49',17,6,21,'Available'),
(2272,'2023-10-11 06:04:15','07:47:15',5,6,28,'Available'),
(2273,'2023-10-27 15:17:20','04:22:03',14,13,10,'Available'),
(2274,'2023-10-24 01:04:44','02:44:24',18,5,8,'Available'),
(2275,'2023-10-01 08:20:14','11:12:49',29,22,6,'Available'),
(2276,'2023-10-02 11:21:55','01:18:34',4,14,13,'Available'),
(2277,'2023-10-02 06:37:13','09:21:48',30,7,27,'Available'),
(2278,'2023-10-14 03:09:06','11:46:35',30,22,28,'Available'),
(2279,'2023-10-27 04:41:17','01:02:21',27,12,24,'Available'),
(2280,'2023-10-10 06:10:43','02:26:03',13,28,7,'Available'),
(2281,'2023-10-06 19:50:25','00:20:20',28,29,29,'Available'),
(2282,'2023-10-05 09:46:30','02:01:23',13,22,5,'Available'),
(2283,'2023-10-29 13:01:42','02:07:38',23,6,24,'Available'),
(2284,'2023-10-13 19:58:10','10:54:33',29,9,21,'Available'),
(2285,'2023-10-18 03:57:17','07:08:04',12,17,29,'Available'),
(2286,'2023-10-16 15:35:11','09:49:04',16,8,16,'Available'),
(2287,'2023-10-02 15:44:00','11:29:35',29,15,21,'Available'),
(2288,'2023-10-16 21:34:24','09:57:11',19,23,6,'Available'),
(2289,'2023-10-20 07:37:13','06:23:29',4,25,18,'Available'),
(2290,'2023-10-08 20:34:41','00:59:37',23,6,20,'Available'),
(2291,'2023-10-30 21:50:06','00:42:31',9,20,15,'Available'),
(2292,'2023-10-07 14:43:12','06:33:23',22,18,7,'Available'),
(2293,'2023-10-15 13:17:17','07:57:45',17,17,27,'Available'),
(2294,'2023-10-19 04:43:05','01:44:15',12,17,23,'Available'),
(2295,'2023-10-18 23:20:16','02:33:48',23,20,28,'Available'),
(2296,'2023-10-09 09:47:44','05:35:39',12,11,5,'Available'),
(2297,'2023-10-23 02:26:55','10:14:57',12,18,13,'Available'),
(2298,'2023-10-27 12:23:40','02:38:04',17,10,29,'Available'),
(2299,'2023-10-07 06:01:47','02:24:25',21,14,22,'Available'),
(2300,'2023-10-02 06:08:45','01:37:27',8,27,26,'Available'),
(2301,'2023-10-20 23:27:41','01:29:46',16,10,26,'Available'),
(2302,'2023-11-24 05:07:51','04:32:00',17,8,24,'Available'),
(2303,'2023-11-06 03:38:28','03:17:55',11,10,26,'Available'),
(2304,'2023-11-10 02:01:16','02:58:52',8,29,18,'Available'),
(2305,'2023-11-27 22:33:12','02:01:49',8,19,7,'Available'),
(2306,'2023-11-03 17:19:47','05:46:19',23,11,29,'Available'),
(2307,'2023-11-15 04:59:40','05:05:51',17,20,26,'Available'),
(2308,'2023-11-17 10:02:08','09:48:46',16,7,21,'Available'),
(2309,'2023-11-12 11:18:35','07:00:06',7,19,15,'Available'),
(2310,'2023-11-05 14:14:51','06:18:13',16,22,13,'Available'),
(2311,'2023-11-27 22:14:23','08:40:51',31,14,8,'Available'),
(2312,'2023-11-05 08:53:47','12:03:09',9,24,12,'Available'),
(2313,'2023-11-11 00:21:32','07:57:42',19,7,21,'Available'),
(2314,'2023-11-18 13:47:30','05:23:16',3,16,8,'Available'),
(2315,'2023-11-06 21:01:16','03:51:28',6,10,8,'Available'),
(2316,'2023-11-22 05:21:24','08:20:07',13,15,18,'Available'),
(2317,'2023-11-04 23:11:45','10:02:26',17,19,17,'Available'),
(2318,'2023-11-13 10:53:03','04:34:09',22,28,29,'Available'),
(2319,'2023-11-23 18:03:37','06:05:14',18,27,24,'Available'),
(2320,'2023-11-19 00:54:27','01:46:15',11,19,5,'Available'),
(2321,'2023-11-10 09:58:35','11:12:50',6,15,11,'Available'),
(2322,'2023-11-22 08:55:31','11:08:37',13,10,5,'Available'),
(2323,'2023-11-12 23:07:09','07:05:06',21,12,20,'Available'),
(2324,'2023-11-04 11:11:46','08:37:33',17,8,17,'Available'),
(2325,'2023-11-06 16:36:14','05:12:30',17,12,9,'Available'),
(2326,'2023-11-12 06:25:10','05:35:23',3,15,17,'Available'),
(2327,'2023-11-06 12:49:18','08:25:48',15,7,13,'Available'),
(2328,'2023-11-20 01:25:37','01:55:53',11,28,14,'Available'),
(2329,'2023-11-08 15:44:16','02:14:26',15,24,29,'Available'),
(2330,'2023-11-25 21:47:45','08:25:29',25,27,12,'Available'),
(2331,'2023-11-19 04:32:48','01:08:30',24,9,23,'Available'),
(2332,'2023-11-27 08:58:24','04:22:34',7,16,8,'Available'),
(2333,'2023-11-09 17:28:49','06:39:17',4,8,21,'Available'),
(2334,'2023-11-24 08:58:27','01:56:51',10,11,16,'Available'),
(2335,'2023-11-28 05:27:19','02:05:45',8,21,14,'Available'),
(2336,'2023-11-04 13:18:51','03:10:11',20,25,16,'Available'),
(2337,'2023-11-24 04:25:36','05:54:09',14,12,22,'Available'),
(2338,'2023-11-07 04:50:31','02:29:04',27,15,14,'Available'),
(2339,'2023-11-08 00:27:54','10:36:04',25,6,12,'Available'),
(2340,'2023-11-01 08:11:50','10:33:19',8,7,19,'Available'),
(2341,'2023-11-08 10:30:56','12:08:55',4,20,24,'Available'),
(2342,'2023-11-28 08:11:34','12:17:10',10,20,29,'Available'),
(2343,'2023-11-21 04:39:03','01:23:55',29,14,27,'Available'),
(2344,'2023-11-29 10:29:54','03:43:20',14,20,18,'Available'),
(2345,'2023-11-11 22:11:57','03:02:52',22,17,9,'Available'),
(2346,'2023-11-28 17:52:43','00:30:53',27,14,28,'Available'),
(2347,'2023-11-07 03:23:48','08:15:01',9,21,7,'Available'),
(2348,'2023-11-27 12:11:36','03:17:50',20,11,24,'Available'),
(2349,'2023-11-05 12:06:04','01:10:49',23,6,11,'Available'),
(2350,'2023-11-18 18:23:15','03:38:50',30,13,24,'Available'),
(2351,'2023-11-07 00:39:48','11:34:15',12,24,5,'Available'),
(2352,'2023-11-09 06:19:26','04:34:19',13,6,8,'Available'),
(2353,'2023-11-19 01:02:38','05:00:12',15,25,19,'Available'),
(2354,'2023-11-20 18:58:03','09:01:12',6,16,8,'Available'),
(2355,'2023-11-09 22:22:09','09:17:56',3,22,19,'Available'),
(2356,'2023-11-09 20:24:44','10:02:44',19,25,23,'Available'),
(2357,'2023-11-03 19:17:28','08:21:13',30,30,26,'Available'),
(2358,'2023-11-07 13:30:06','01:27:42',11,29,14,'Available'),
(2359,'2023-11-10 16:47:45','01:53:43',12,11,28,'Available'),
(2360,'2023-11-24 18:46:24','07:15:55',4,15,22,'Available'),
(2361,'2023-11-29 08:07:37','08:47:11',14,13,9,'Available'),
(2362,'2023-11-07 04:36:09','08:46:03',27,30,12,'Available'),
(2363,'2023-11-15 18:27:35','10:06:44',9,18,7,'Available'),
(2364,'2023-11-21 14:09:22','03:00:17',11,6,25,'Available'),
(2365,'2023-11-16 10:51:12','06:13:47',6,14,24,'Available'),
(2366,'2023-11-13 08:47:40','04:04:02',19,26,22,'Available'),
(2367,'2023-11-18 23:17:57','08:13:00',5,8,29,'Available'),
(2368,'2023-11-17 17:53:29','11:27:36',25,29,14,'Available'),
(2369,'2023-11-08 15:27:49','05:58:53',15,11,23,'Available'),
(2370,'2023-11-10 17:33:58','06:36:02',22,30,25,'Available'),
(2371,'2023-11-07 22:29:04','03:27:49',3,13,13,'Available'),
(2372,'2023-11-10 19:43:19','00:09:54',8,29,23,'Available'),
(2373,'2023-11-21 14:35:50','12:22:19',7,11,30,'Available'),
(2374,'2023-11-01 11:35:11','09:28:11',13,14,14,'Available'),
(2375,'2023-11-09 10:41:58','07:17:21',32,28,30,'Available'),
(2376,'2023-11-14 02:29:24','00:02:39',28,30,28,'Available'),
(2377,'2023-11-26 03:23:21','06:12:46',8,25,25,'Available'),
(2378,'2023-11-03 00:46:19','09:21:45',25,20,11,'Available'),
(2379,'2023-11-25 22:52:35','09:25:01',4,10,9,'Available'),
(2380,'2023-11-06 14:23:01','10:17:00',6,29,7,'Available'),
(2381,'2023-11-21 03:12:13','11:26:53',31,22,30,'Available'),
(2382,'2023-11-13 20:46:17','07:29:04',13,21,24,'Available'),
(2383,'2023-11-18 21:26:28','12:39:00',28,25,27,'Available'),
(2384,'2023-11-13 03:32:26','07:51:34',10,28,7,'Available'),
(2385,'2023-11-18 17:52:40','04:13:23',30,11,11,'Available'),
(2386,'2023-11-15 14:21:51','11:19:44',30,17,26,'Available'),
(2387,'2023-11-23 01:09:11','10:06:17',20,22,16,'Available'),
(2388,'2023-11-26 16:05:19','07:07:02',19,12,28,'Available'),
(2389,'2023-11-27 13:19:26','09:14:06',32,26,27,'Available'),
(2390,'2023-11-23 05:04:43','05:37:10',31,24,22,'Available'),
(2391,'2023-11-28 22:22:36','12:17:06',27,25,19,'Available'),
(2392,'2023-11-16 08:19:47','06:33:31',14,22,12,'Available'),
(2393,'2023-11-08 19:04:20','04:54:12',16,19,30,'Available'),
(2394,'2023-11-22 11:32:29','01:45:10',17,12,5,'Available'),
(2395,'2023-11-06 04:31:28','08:59:36',30,26,6,'Available'),
(2396,'2023-11-22 21:48:21','06:45:35',11,20,28,'Available'),
(2397,'2023-11-07 15:08:59','01:07:51',12,30,15,'Available'),
(2398,'2023-11-17 13:28:15','05:42:54',28,13,21,'Available'),
(2399,'2023-11-29 12:39:31','10:03:08',24,20,12,'Available'),
(2400,'2023-11-04 10:18:39','01:07:03',23,18,23,'Available'),
(2401,'2023-11-21 10:55:58','07:54:26',30,19,16,'Available'),
(2402,'2023-12-24 05:54:57','02:51:49',10,13,17,'Available'),
(2403,'2023-12-26 07:47:15','01:10:00',20,12,25,'Available'),
(2404,'2023-12-28 14:32:17','01:53:28',29,7,24,'Available'),
(2405,'2023-12-19 16:26:44','07:28:34',32,7,28,'Available'),
(2406,'2023-12-27 07:00:43','08:08:37',23,13,13,'Available'),
(2407,'2023-12-12 22:11:52','03:35:10',20,5,12,'Available'),
(2408,'2023-12-19 09:15:34','07:58:44',28,29,13,'Available'),
(2409,'2023-12-04 13:39:38','11:33:16',3,18,19,'Available'),
(2410,'2023-12-16 21:11:27','03:37:49',18,7,27,'Available'),
(2411,'2023-12-14 15:20:26','04:52:11',16,10,28,'Available'),
(2412,'2023-12-14 01:00:41','09:33:53',21,8,8,'Available'),
(2413,'2023-12-14 14:06:00','05:51:16',26,19,8,'Available'),
(2414,'2023-12-07 21:45:19','11:23:33',22,25,14,'Available'),
(2415,'2023-12-04 04:53:47','12:30:45',14,8,25,'Available'),
(2416,'2023-12-24 14:58:12','00:30:42',9,10,18,'Available'),
(2417,'2023-12-23 21:19:39','08:27:19',27,12,28,'Available'),
(2418,'2023-12-12 21:37:49','01:53:43',17,25,19,'Available'),
(2419,'2023-12-15 01:59:51','02:20:21',32,18,19,'Available'),
(2420,'2023-12-21 08:39:23','12:34:59',13,5,17,'Available'),
(2421,'2023-12-18 06:57:36','10:25:00',12,6,7,'Available'),
(2422,'2023-12-11 12:23:19','06:55:53',22,11,25,'Available'),
(2423,'2023-12-09 04:57:27','01:50:35',6,19,25,'Available'),
(2424,'2023-12-18 07:03:16','06:51:30',32,16,8,'Available'),
(2425,'2023-12-27 03:53:14','12:21:31',31,20,29,'Available'),
(2426,'2023-12-26 10:38:24','08:49:52',18,25,13,'Available'),
(2427,'2023-12-30 12:01:30','12:27:05',17,19,10,'Available'),
(2428,'2023-12-19 06:19:25','10:00:40',29,10,7,'Available'),
(2429,'2023-12-04 19:17:32','08:48:41',16,15,27,'Available'),
(2430,'2023-12-29 12:40:34','04:14:26',23,11,23,'Available'),
(2431,'2023-12-28 01:32:45','02:14:58',24,23,14,'Available'),
(2432,'2023-12-06 21:09:58','00:25:42',31,24,23,'Available'),
(2433,'2023-12-19 15:45:43','10:51:44',14,21,5,'Available'),
(2434,'2023-12-17 15:22:46','03:02:22',32,14,16,'Available'),
(2435,'2023-12-29 09:49:18','10:51:27',26,23,14,'Available'),
(2436,'2023-12-24 16:17:54','02:10:13',20,28,29,'Available'),
(2437,'2023-12-14 19:10:14','00:15:17',15,11,12,'Available'),
(2438,'2023-12-06 20:01:04','08:32:39',15,19,14,'Available'),
(2439,'2023-12-30 23:20:59','09:07:22',7,15,23,'Available'),
(2440,'2023-12-12 19:19:22','12:36:50',29,14,14,'Available'),
(2441,'2023-12-04 03:02:46','10:09:12',6,12,7,'Available'),
(2442,'2023-12-17 16:45:03','04:57:30',31,23,22,'Available'),
(2443,'2023-12-04 00:25:25','02:07:51',12,26,14,'Available'),
(2444,'2023-12-24 15:06:48','12:25:19',19,30,27,'Available'),
(2445,'2023-12-10 19:49:07','09:32:56',16,15,30,'Available'),
(2446,'2023-12-16 23:42:39','08:51:09',5,28,8,'Available'),
(2447,'2023-12-05 03:50:45','05:59:33',9,13,10,'Available'),
(2448,'2023-12-25 15:58:43','02:04:41',12,19,6,'Available'),
(2449,'2023-12-30 18:38:18','11:36:48',27,20,6,'Available'),
(2450,'2023-12-02 14:37:53','09:04:51',28,6,26,'Available'),
(2451,'2023-12-14 05:31:59','11:32:39',25,18,13,'Available'),
(2452,'2023-12-02 08:43:12','06:01:50',24,8,6,'Available'),
(2453,'2023-12-21 02:21:07','11:29:12',15,30,20,'Available'),
(2454,'2023-12-13 11:17:24','04:36:34',3,20,25,'Available'),
(2455,'2023-12-06 09:34:29','09:38:44',12,20,11,'Available'),
(2456,'2023-12-23 06:04:41','05:39:16',31,7,30,'Available'),
(2457,'2023-12-30 16:43:18','10:07:47',13,14,28,'Available'),
(2458,'2023-12-11 19:24:10','05:13:57',18,27,28,'Available'),
(2459,'2023-12-24 20:10:30','06:57:21',18,19,17,'Available'),
(2460,'2023-12-19 00:18:41','10:08:14',17,16,11,'Available'),
(2461,'2023-12-23 19:35:06','08:30:32',11,5,26,'Available'),
(2462,'2023-12-12 01:08:21','07:58:02',22,14,25,'Available'),
(2463,'2023-12-03 05:39:52','01:28:13',29,16,16,'Available'),
(2464,'2023-12-27 12:31:32','02:25:26',24,7,10,'Available'),
(2465,'2023-12-05 21:15:32','03:22:43',32,18,15,'Available'),
(2466,'2023-12-16 12:22:55','04:41:21',18,10,22,'Available'),
(2467,'2023-12-29 07:47:37','11:38:09',27,28,7,'Available'),
(2468,'2023-12-05 12:52:10','08:45:57',28,13,17,'Available'),
(2469,'2023-12-05 13:51:53','09:01:04',31,30,16,'Available'),
(2470,'2023-12-22 03:45:57','11:01:25',3,13,21,'Available'),
(2471,'2023-12-17 02:44:32','10:52:48',6,8,16,'Available'),
(2472,'2023-12-30 20:18:09','12:11:19',3,6,14,'Available'),
(2473,'2023-12-22 12:46:02','08:20:48',21,25,25,'Available'),
(2474,'2023-12-03 20:34:50','11:05:58',28,23,17,'Available'),
(2475,'2023-12-18 02:55:55','11:50:26',28,11,17,'Available'),
(2476,'2023-12-05 23:53:27','09:25:57',8,15,25,'Available'),
(2477,'2023-12-18 22:01:04','12:20:27',12,10,11,'Available'),
(2478,'2023-12-29 12:59:16','12:54:43',4,17,19,'Available'),
(2479,'2023-12-25 09:18:49','08:16:56',16,14,19,'Available'),
(2480,'2023-12-17 18:03:40','03:57:56',24,27,9,'Available'),
(2481,'2023-12-26 03:14:30','00:05:28',29,13,5,'Available'),
(2482,'2023-12-25 10:31:53','08:49:11',26,15,29,'Available'),
(2483,'2023-12-24 04:48:53','11:09:58',16,21,23,'Available'),
(2484,'2023-12-09 14:23:00','04:36:22',9,6,9,'Available'),
(2485,'2023-12-28 02:31:14','01:55:03',10,26,7,'Available'),
(2486,'2023-12-21 03:40:00','05:27:44',17,24,26,'Available'),
(2487,'2023-12-15 20:53:55','07:11:30',13,21,10,'Available'),
(2488,'2023-12-27 08:12:21','05:28:59',26,12,20,'Available'),
(2489,'2023-12-02 11:15:16','05:43:10',20,13,30,'Available'),
(2490,'2023-12-30 05:37:25','06:32:45',16,23,28,'Available'),
(2491,'2023-12-10 21:34:21','11:51:42',8,20,8,'Available'),
(2492,'2023-12-01 01:39:56','00:33:26',15,23,29,'Available'),
(2493,'2023-12-22 02:32:33','08:23:02',19,11,25,'Available'),
(2494,'2023-12-13 21:26:46','01:09:55',28,8,23,'Available'),
(2495,'2023-12-26 11:25:32','10:54:46',23,8,29,'Available'),
(2496,'2023-12-18 21:05:53','04:53:36',4,8,28,'Available'),
(2497,'2023-12-14 09:12:17','00:48:31',28,24,30,'Available'),
(2498,'2023-12-19 21:54:38','11:41:48',14,14,18,'Available'),
(2499,'2023-12-27 02:32:23','06:33:17',30,25,5,'Available'),
(2500,'2023-12-03 09:33:39','01:11:16',25,21,12,'Available'),
(2501,'2023-12-16 09:36:03','05:49:11',26,18,8,'Available'),
(2502,'2024-01-13 18:54:58','09:56:03',5,19,28,'Available'),
(2503,'2024-01-01 05:34:52','07:14:35',7,13,19,'Available'),
(2504,'2024-01-24 02:37:12','06:38:04',14,9,24,'Available'),
(2505,'2024-01-13 08:33:14','03:07:38',17,12,6,'Available'),
(2506,'2024-01-18 22:22:24','09:33:29',17,7,10,'Available'),
(2507,'2024-01-05 17:31:23','06:51:09',8,27,23,'Available'),
(2508,'2024-01-03 22:18:55','02:14:31',10,7,5,'Available'),
(2509,'2024-01-18 04:37:32','06:17:09',32,14,10,'Available'),
(2510,'2024-01-21 13:17:35','12:09:16',4,19,23,'Available'),
(2511,'2024-01-17 03:30:40','08:34:09',23,23,26,'Available'),
(2512,'2024-01-02 00:41:09','06:14:58',21,7,24,'Available'),
(2513,'2024-01-04 10:50:43','03:35:12',8,16,11,'Available'),
(2514,'2024-01-06 16:44:43','07:30:55',19,11,8,'Available'),
(2515,'2024-01-29 10:41:02','00:43:44',18,21,30,'Available'),
(2516,'2024-01-17 16:49:48','00:47:34',23,24,19,'Available'),
(2517,'2024-01-21 12:47:34','01:56:34',5,16,21,'Available'),
(2518,'2024-01-24 22:00:14','03:49:03',3,21,28,'Available'),
(2519,'2024-01-12 19:12:22','09:05:40',16,10,14,'Available'),
(2520,'2024-01-15 04:05:59','00:02:53',4,5,10,'Available'),
(2521,'2024-01-06 17:10:27','12:47:19',17,7,9,'Available'),
(2522,'2024-01-07 16:16:46','12:56:32',22,30,9,'Available'),
(2523,'2024-01-23 03:19:07','02:05:14',3,8,17,'Available'),
(2524,'2024-01-25 07:30:05','08:57:23',7,13,21,'Available'),
(2525,'2024-01-21 21:27:17','00:55:29',19,16,20,'Available'),
(2526,'2024-01-14 14:31:49','09:03:46',13,25,20,'Available'),
(2527,'2024-01-17 11:01:38','01:04:51',21,12,13,'Available'),
(2528,'2024-01-30 05:04:41','07:56:34',21,24,14,'Available'),
(2529,'2024-01-06 11:02:28','12:32:00',6,22,28,'Available'),
(2530,'2024-01-04 09:17:56','07:21:27',7,14,22,'Available'),
(2531,'2024-01-26 21:47:32','11:50:44',15,9,27,'Available'),
(2532,'2024-01-07 04:12:06','10:31:14',6,17,5,'Available'),
(2533,'2024-01-14 16:35:35','01:26:38',16,22,10,'Available'),
(2534,'2024-01-30 19:39:41','09:33:35',11,22,11,'Available'),
(2535,'2024-01-18 23:27:36','02:22:40',12,23,29,'Available'),
(2536,'2024-01-12 06:34:32','01:13:50',10,23,26,'Available'),
(2537,'2024-01-02 18:33:20','08:06:28',13,6,29,'Available'),
(2538,'2024-01-04 18:06:06','03:34:13',22,30,16,'Available'),
(2539,'2024-01-07 01:03:22','09:44:07',27,27,28,'Available'),
(2540,'2024-01-29 20:09:23','05:11:33',9,17,18,'Available'),
(2541,'2024-01-15 09:19:48','11:57:11',6,27,5,'Available'),
(2542,'2024-01-30 20:22:39','06:02:04',21,26,7,'Available'),
(2543,'2024-01-26 20:28:58','10:52:47',26,30,24,'Available'),
(2544,'2024-01-02 14:34:11','09:23:47',19,26,29,'Available'),
(2545,'2024-01-26 15:48:40','04:56:07',8,7,28,'Available'),
(2546,'2024-01-02 04:46:33','07:30:45',8,23,11,'Available'),
(2547,'2024-01-04 15:56:17','05:55:04',18,17,8,'Available'),
(2548,'2024-01-19 22:57:30','08:02:29',17,13,23,'Available'),
(2549,'2024-01-18 00:02:22','07:51:17',21,29,9,'Available'),
(2550,'2024-01-26 18:34:41','01:45:01',4,17,8,'Available'),
(2551,'2024-01-16 14:36:05','05:09:06',29,22,18,'Available'),
(2552,'2024-01-02 05:50:23','07:55:38',8,29,7,'Available'),
(2553,'2024-01-17 22:42:24','06:26:39',23,10,26,'Available'),
(2554,'2024-01-04 01:35:30','11:11:34',15,9,26,'Available'),
(2555,'2024-01-20 23:27:36','00:38:41',18,19,15,'Available'),
(2556,'2024-01-26 05:19:59','05:24:18',22,16,22,'Available'),
(2557,'2024-01-25 08:57:45','12:32:09',16,22,5,'Available'),
(2558,'2024-01-09 22:32:18','06:46:46',3,26,26,'Available'),
(2559,'2024-01-12 04:45:42','03:52:15',8,17,23,'Available'),
(2560,'2024-01-02 18:21:21','06:01:52',19,18,11,'Available'),
(2561,'2024-01-23 03:26:48','06:12:36',4,19,19,'Available'),
(2562,'2024-01-30 10:27:43','05:49:08',16,30,28,'Available'),
(2563,'2024-01-18 15:58:20','12:15:41',4,27,8,'Available'),
(2564,'2024-01-14 02:16:35','10:49:28',23,26,10,'Available'),
(2565,'2024-01-20 16:16:40','07:53:05',15,15,17,'Available'),
(2566,'2024-01-16 15:42:32','04:41:45',28,20,25,'Available'),
(2567,'2024-01-12 22:09:52','06:46:24',10,10,6,'Available'),
(2568,'2024-01-04 10:45:54','03:08:13',18,20,16,'Available'),
(2569,'2024-01-07 04:42:17','03:10:19',20,14,18,'Available'),
(2570,'2024-01-07 10:30:51','09:20:43',13,22,7,'Available'),
(2571,'2024-01-21 03:59:25','00:56:11',28,13,27,'Available'),
(2572,'2024-01-03 07:56:30','05:17:03',8,26,25,'Available'),
(2573,'2024-01-20 08:03:21','00:19:30',23,26,24,'Available'),
(2574,'2024-01-16 20:21:56','05:58:34',29,26,24,'Available'),
(2575,'2024-01-12 08:40:07','03:02:14',22,27,5,'Available'),
(2576,'2024-01-27 13:50:15','08:14:33',22,25,6,'Available'),
(2577,'2024-01-16 05:00:52','02:36:16',25,15,26,'Available'),
(2578,'2024-01-10 17:40:59','01:09:17',22,25,14,'Available'),
(2579,'2024-01-09 07:11:30','04:14:04',21,23,29,'Available'),
(2580,'2024-01-29 00:36:39','07:09:13',11,22,14,'Available'),
(2581,'2024-01-16 07:18:42','01:45:58',32,16,8,'Available'),
(2582,'2024-01-28 05:49:50','11:46:55',23,25,22,'Available'),
(2583,'2024-01-11 11:32:11','07:21:57',10,13,21,'Available'),
(2584,'2024-01-29 17:51:09','12:37:59',16,25,10,'Available'),
(2585,'2024-01-23 17:18:16','08:37:00',16,22,16,'Available'),
(2586,'2024-01-22 09:20:35','04:31:46',30,22,5,'Available'),
(2587,'2024-01-06 16:56:32','00:09:54',5,23,30,'Available'),
(2588,'2024-01-14 20:09:43','09:32:10',29,24,24,'Available'),
(2589,'2024-01-01 02:49:08','12:13:13',32,29,22,'Available'),
(2590,'2024-01-29 17:01:19','08:38:16',5,6,14,'Available'),
(2591,'2024-01-23 19:38:32','05:08:21',23,21,5,'Available'),
(2592,'2024-01-04 22:24:53','06:07:17',6,28,18,'Available'),
(2593,'2024-01-11 20:00:15','05:14:48',6,12,12,'Available'),
(2594,'2024-01-10 09:30:58','05:45:27',25,12,5,'Available'),
(2595,'2024-01-15 18:57:02','01:53:46',21,9,30,'Available'),
(2596,'2024-01-20 06:20:47','07:13:26',8,13,8,'Available'),
(2597,'2024-01-29 12:32:27','07:22:56',16,23,26,'Available'),
(2598,'2024-01-24 19:19:39','05:41:59',5,27,17,'Available'),
(2599,'2024-01-09 07:31:14','04:36:41',32,16,20,'Available'),
(2600,'2024-01-18 17:44:34','01:50:21',25,8,14,'Available'),
(2601,'2024-01-18 20:35:15','04:31:11',9,23,8,'Available');
/*!40000 ALTER TABLE `flights` ENABLE KEYS */;
UNLOCK TABLES;

--
-- Table structure for table `migration`
--

DROP TABLE IF EXISTS `migration`;
/*!40101 SET @saved_cs_client     = @@character_set_client */;
/*!40101 SET character_set_client = utf8 */;
CREATE TABLE `migration` (
  `version` varchar(180) NOT NULL,
  `apply_time` int(11) DEFAULT NULL,
  PRIMARY KEY (`version`)
) ENGINE=InnoDB DEFAULT CHARSET=utf8mb4 COLLATE=utf8mb4_unicode_ci;
/*!40101 SET character_set_client = @saved_cs_client */;

--
-- Dumping data for table `migration`
--

LOCK TABLES `migration` WRITE;
/*!40000 ALTER TABLE `migration` DISABLE KEYS */;
INSERT INTO `migration` VALUES
('m000000_000000_base',1666799296),
('m130524_201442_init',1666799298),
('m140506_102106_rbac_init',1670254797),
('m170907_052038_rbac_add_index_on_auth_assignment_user_id',1670254797),
('m180523_151638_rbac_updates_indexes_without_prefix',1670254797),
('m190124_110200_add_verification_token_column_to_user_table',1666799298),
('m200409_110543_rbac_update_mssql_trigger',1670254797);
/*!40000 ALTER TABLE `migration` ENABLE KEYS */;
UNLOCK TABLES;

--
-- Table structure for table `receipts`
--

DROP TABLE IF EXISTS `receipts`;
/*!40101 SET @saved_cs_client     = @@character_set_client */;
/*!40101 SET character_set_client = utf8 */;
CREATE TABLE `receipts` (
  `id` int(11) NOT NULL AUTO_INCREMENT,
  `purchaseDate` datetime NOT NULL,
  `total` double(10,2) NOT NULL,
  `status` enum('Complete','Pending','Refunded') DEFAULT NULL,
  `client_id` int(11) NOT NULL,
  PRIMARY KEY (`id`),
  KEY `fk_clientTicket_id` (`client_id`),
  CONSTRAINT `fk_clientReceipt_id` FOREIGN KEY (`client_id`) REFERENCES `clients` (`user_id`)
) ENGINE=InnoDB AUTO_INCREMENT=2 DEFAULT CHARSET=latin1 COLLATE=latin1_swedish_ci;
/*!40101 SET character_set_client = @saved_cs_client */;

--
-- Dumping data for table `receipts`
--

LOCK TABLES `receipts` WRITE;
/*!40000 ALTER TABLE `receipts` DISABLE KEYS */;
/*!40000 ALTER TABLE `receipts` ENABLE KEYS */;
UNLOCK TABLES;

--
-- Table structure for table `refund`
--

DROP TABLE IF EXISTS `refund`;
/*!40101 SET @saved_cs_client     = @@character_set_client */;
/*!40101 SET character_set_client = utf8 */;
CREATE TABLE `refund` (
  `id` int(11) NOT NULL AUTO_INCREMENT,
  `status` enum('Accepted','Declined','Ongoing','Canceled') NOT NULL DEFAULT 'Ongoing',
  `requestDate` datetime NOT NULL,
  `decisionDate` datetime DEFAULT NULL,
  `receipt_id` int(11) NOT NULL,
  PRIMARY KEY (`id`),
  KEY `fk_receiptRefund_id` (`receipt_id`),
  CONSTRAINT `fk_receiptRefund_id` FOREIGN KEY (`receipt_id`) REFERENCES `receipt` (`id`)
) ENGINE=InnoDB DEFAULT CHARSET=latin1 COLLATE=latin1_swedish_ci;
/*!40101 SET character_set_client = @saved_cs_client */;

--
-- Dumping data for table `refund`
--

LOCK TABLES `refund` WRITE;
/*!40000 ALTER TABLE `refund` DISABLE KEYS */;
/*!40000 ALTER TABLE `refund` ENABLE KEYS */;
UNLOCK TABLES;

--
-- Table structure for table `refund_employee`
--

DROP TABLE IF EXISTS `refund_employee`;
/*!40101 SET @saved_cs_client     = @@character_set_client */;
/*!40101 SET character_set_client = utf8 */;
CREATE TABLE `refund_employee` (
  `refund_id` int(11) NOT NULL,
  `employee_id` int(11) NOT NULL,
  PRIMARY KEY (`refund_id`),
  KEY `fk_refundEmployee_id` (`employee_id`),
  CONSTRAINT `fk_refundEmployee_id` FOREIGN KEY (`employee_id`) REFERENCES `user` (`id`),
  CONSTRAINT `fk_refund_id` FOREIGN KEY (`refund_id`) REFERENCES `refund` (`id`)
) ENGINE=InnoDB DEFAULT CHARSET=latin1 COLLATE=latin1_swedish_ci;
/*!40101 SET character_set_client = @saved_cs_client */;

--
-- Dumping data for table `refund_employee`
--

LOCK TABLES `refund_employee` WRITE;
/*!40000 ALTER TABLE `refund_employee` DISABLE KEYS */;
/*!40000 ALTER TABLE `refund_employee` ENABLE KEYS */;
UNLOCK TABLES;

--
-- Table structure for table `tariffs`
--

DROP TABLE IF EXISTS `tariffs`;
/*!40101 SET @saved_cs_client     = @@character_set_client */;
/*!40101 SET character_set_client = utf8 */;
CREATE TABLE `tariffs` (
  `id` int(11) NOT NULL AUTO_INCREMENT,
  `startDate` datetime NOT NULL,
  `economicPrice` double(10,2) NOT NULL,
  `normalPrice` double(10,2) NOT NULL,
  `luxuryPrice` double(10,2) NOT NULL,
  `flight_id` int(11) NOT NULL,
  `active` tinyint(1) NOT NULL,
  PRIMARY KEY (`id`),
  KEY `fk_flightTariff_id` (`flight_id`),
  CONSTRAINT `fk_flightTariff_id` FOREIGN KEY (`flight_id`) REFERENCES `flights` (`id`)
) ENGINE=InnoDB AUTO_INCREMENT=1302 DEFAULT CHARSET=latin1 COLLATE=latin1_swedish_ci;
/*!40101 SET character_set_client = @saved_cs_client */;

--
-- Dumping data for table `tariffs`
--

LOCK TABLES `tariffs` WRITE;
/*!40000 ALTER TABLE `tariffs` DISABLE KEYS */;
INSERT INTO `tariffs` VALUES
(2,'2023-01-08 02:30:04',38.06,50.75,63.43,1302,1),
(3,'2023-01-08 02:30:04',53.13,70.85,88.56,1303,1),
(4,'2023-01-08 02:30:04',36.42,48.57,60.71,1304,1),
(5,'2023-01-08 02:30:04',38.00,50.67,63.33,1305,1),
(6,'2023-01-08 02:30:04',48.58,64.77,80.96,1306,1),
(7,'2023-01-08 02:30:04',47.95,63.93,79.92,1307,1),
(8,'2023-01-08 02:30:04',28.55,38.07,47.58,1308,1),
(9,'2023-01-08 02:30:04',39.15,52.20,65.25,1309,1),
(10,'2023-01-08 02:30:04',53.75,71.67,89.59,1310,1),
(11,'2023-01-08 02:30:04',56.06,74.75,93.43,1311,1),
(12,'2023-01-08 02:30:04',26.98,35.97,44.96,1312,1),
(13,'2023-01-08 02:30:04',32.15,42.87,53.59,1313,1),
(14,'2023-01-08 02:30:04',61.63,82.17,102.71,1314,1),
(15,'2023-01-08 02:30:04',59.65,79.53,99.41,1315,1),
(16,'2023-01-08 02:30:04',52.85,70.47,88.09,1316,1),
(17,'2023-01-08 02:30:04',46.35,61.80,77.25,1317,1),
(18,'2023-01-08 02:30:04',31.03,41.37,51.71,1318,1),
(19,'2023-01-08 02:30:04',32.55,43.40,54.25,1319,1),
(20,'2023-01-08 02:30:04',52.91,70.55,88.18,1320,1),
(21,'2023-01-08 02:30:04',46.73,62.30,77.88,1321,1),
(22,'2023-01-08 02:30:04',52.67,70.23,87.79,1322,1),
(23,'2023-01-08 02:30:04',42.73,56.97,71.21,1323,1),
(24,'2023-01-08 02:30:04',57.63,76.85,96.06,1324,1),
(25,'2023-01-08 02:30:04',35.83,47.78,59.72,1325,1),
(26,'2023-01-08 02:30:04',30.58,40.77,50.96,1326,1),
(27,'2023-01-08 02:30:04',30.82,41.10,51.37,1327,1),
(28,'2023-01-08 02:30:04',35.52,47.37,59.21,1328,1),
(29,'2023-01-08 02:30:04',28.33,37.77,47.21,1329,1),
(30,'2023-01-08 02:30:04',44.30,59.07,73.83,1330,1),
(31,'2023-01-08 02:30:04',39.08,52.10,65.12,1331,1),
(32,'2023-01-08 02:30:04',43.40,57.87,72.33,1332,1),
(33,'2023-01-08 02:30:04',45.65,60.87,76.08,1333,1),
(34,'2023-01-08 02:30:05',51.56,68.75,85.93,1334,1),
(35,'2023-01-08 02:30:05',40.25,53.67,67.09,1335,1),
(36,'2023-01-08 02:30:05',42.13,56.18,70.22,1336,1),
(37,'2023-01-08 02:30:05',62.36,83.15,103.93,1337,1),
(38,'2023-01-08 02:30:05',45.71,60.95,76.18,1338,1),
(39,'2023-01-08 02:30:05',42.73,56.97,71.21,1339,1),
(40,'2023-01-08 02:30:05',56.67,75.57,94.46,1340,1),
(41,'2023-01-08 02:30:05',39.62,52.83,66.04,1341,1),
(42,'2023-01-08 02:30:05',37.63,50.18,62.72,1342,1),
(43,'2023-01-08 02:30:05',34.85,46.47,58.08,1343,1),
(44,'2023-01-08 02:30:05',52.52,70.03,87.53,1344,1),
(45,'2023-01-08 02:30:05',51.10,68.13,85.17,1345,1),
(46,'2023-01-08 02:30:05',44.98,59.97,74.96,1346,1),
(47,'2023-01-08 02:30:05',44.61,59.48,74.35,1347,1),
(48,'2023-01-08 02:30:05',45.67,60.90,76.12,1348,1),
(49,'2023-01-08 02:30:05',33.73,44.97,56.21,1349,1),
(50,'2023-01-08 02:30:05',41.42,55.23,69.04,1350,1),
(51,'2023-01-08 02:30:05',31.31,41.75,52.18,1351,1),
(52,'2023-01-08 02:30:05',42.10,56.13,70.16,1352,1),
(53,'2023-01-08 02:30:05',63.64,84.85,106.06,1353,1),
(54,'2023-01-08 02:30:05',48.66,64.88,81.10,1354,1),
(55,'2023-01-08 02:30:05',46.83,62.45,78.06,1355,1),
(56,'2023-01-08 02:30:05',55.33,73.77,92.21,1356,1),
(57,'2023-01-08 02:30:05',38.67,51.57,64.46,1357,1),
(58,'2023-01-08 02:30:05',54.83,73.10,91.38,1358,1),
(59,'2023-01-08 02:30:05',50.83,67.77,84.71,1359,1),
(60,'2023-01-08 02:30:05',30.41,40.55,50.68,1360,1),
(61,'2023-01-08 02:30:05',50.04,66.72,83.41,1361,1),
(62,'2023-01-08 02:30:05',35.87,47.83,59.78,1362,1),
(63,'2023-01-08 02:30:05',40.02,53.37,66.71,1363,1),
(64,'2023-01-08 02:30:05',57.35,76.47,95.58,1364,1),
(65,'2023-01-08 02:30:05',36.43,48.57,60.71,1365,1),
(66,'2023-01-08 02:30:05',41.15,54.87,68.58,1366,1),
(67,'2023-01-08 02:30:05',47.45,63.27,79.09,1367,1),
(68,'2023-01-08 02:30:05',44.08,58.77,73.46,1368,1),
(69,'2023-01-08 02:30:05',48.80,65.07,81.34,1369,1),
(70,'2023-01-08 02:30:05',53.30,71.07,88.83,1370,1),
(71,'2023-01-08 02:30:05',53.53,71.37,89.21,1371,1),
(72,'2023-01-08 02:30:05',43.42,57.90,72.37,1372,1),
(73,'2023-01-08 02:30:05',42.75,57.00,71.25,1373,1),
(74,'2023-01-08 02:30:05',46.78,62.37,77.96,1374,1),
(75,'2023-01-08 02:30:05',31.93,42.57,53.21,1375,1),
(76,'2023-01-08 02:30:05',58.03,77.37,96.71,1376,1),
(77,'2023-01-08 02:30:05',30.80,41.07,51.33,1377,1),
(78,'2023-01-08 02:30:05',53.98,71.97,89.96,1378,1),
(79,'2023-01-08 02:30:05',61.03,81.38,101.72,1379,1),
(80,'2023-01-08 02:30:05',53.77,71.70,89.62,1380,1),
(81,'2023-01-08 02:30:05',45.65,60.87,76.08,1381,1),
(82,'2023-01-08 02:30:05',63.93,85.25,106.56,1382,1),
(83,'2023-01-08 02:30:05',39.58,52.77,65.96,1383,1),
(84,'2023-01-08 02:30:05',52.40,69.87,87.34,1384,1),
(85,'2023-01-08 02:30:05',61.46,81.95,102.43,1385,1),
(86,'2023-01-08 02:30:05',37.57,50.10,62.62,1386,1),
(87,'2023-01-08 02:30:05',29.45,39.27,49.08,1387,1),
(88,'2023-01-08 02:30:05',53.13,70.85,88.56,1388,1),
(89,'2023-01-08 02:30:05',38.57,51.42,64.28,1389,1),
(90,'2023-01-08 02:30:05',54.41,72.55,90.69,1390,1),
(91,'2023-01-08 02:30:05',42.50,56.67,70.83,1391,1),
(92,'2023-01-08 02:30:05',30.35,40.47,50.58,1392,1),
(93,'2023-01-08 02:30:05',47.90,63.87,79.83,1393,1),
(94,'2023-01-08 02:30:05',39.82,53.10,66.37,1394,1),
(95,'2023-01-08 02:30:05',50.27,67.03,83.78,1395,1),
(96,'2023-01-08 02:30:05',42.27,56.37,70.46,1396,1),
(97,'2023-01-08 02:30:05',30.12,40.17,50.21,1397,1),
(98,'2023-01-08 02:30:05',33.36,44.48,55.60,1398,1),
(99,'2023-01-08 02:30:05',37.10,49.47,61.84,1399,1),
(100,'2023-01-08 02:30:05',37.35,49.80,62.25,1400,1),
(101,'2023-01-08 02:30:05',46.77,62.37,77.96,1401,1),
(102,'2023-01-08 02:30:05',58.93,78.57,98.21,1402,1),
(103,'2023-01-08 02:30:05',55.83,74.45,93.06,1403,1),
(104,'2023-01-08 02:30:05',44.53,59.37,74.21,1404,1),
(105,'2023-01-08 02:30:05',36.06,48.08,60.10,1405,1),
(106,'2023-01-08 02:30:05',46.10,61.47,76.83,1406,1),
(107,'2023-01-08 02:30:05',44.81,59.75,74.68,1407,1),
(108,'2023-01-08 02:30:05',46.10,61.47,76.83,1408,1),
(109,'2023-01-08 02:30:05',47.45,63.27,79.09,1409,1),
(110,'2023-01-08 02:30:05',36.65,48.87,61.08,1410,1),
(111,'2023-01-08 02:30:05',43.39,57.85,72.31,1411,1),
(112,'2023-01-08 02:30:05',27.88,37.17,46.46,1412,1),
(113,'2023-01-08 02:30:05',62.98,83.97,104.96,1413,1),
(114,'2023-01-08 02:30:05',42.26,56.35,70.44,1414,1),
(115,'2023-01-08 02:30:05',53.75,71.67,89.59,1415,1),
(116,'2023-01-08 02:30:05',47.23,62.97,78.71,1416,1),
(117,'2023-01-08 02:30:05',38.00,50.67,63.34,1417,1),
(118,'2023-01-08 02:30:05',52.01,69.35,86.68,1418,1),
(119,'2023-01-08 02:30:05',63.65,84.87,106.08,1419,1),
(120,'2023-01-08 02:30:05',53.58,71.45,89.31,1420,1),
(121,'2023-01-08 02:30:05',48.80,65.07,81.34,1421,1),
(122,'2023-01-08 02:30:05',42.95,57.27,71.59,1422,1),
(123,'2023-01-08 02:30:05',57.86,77.15,96.43,1423,1),
(124,'2023-01-08 02:30:05',63.26,84.35,105.43,1424,1),
(125,'2023-01-08 02:30:05',47.23,62.97,78.71,1425,1),
(126,'2023-01-08 02:30:05',53.98,71.97,89.96,1426,1),
(127,'2023-01-08 02:30:05',53.75,71.67,89.58,1427,1),
(128,'2023-01-08 02:30:05',37.16,49.55,61.93,1428,1),
(129,'2023-01-08 02:30:05',28.55,38.07,47.59,1429,1),
(130,'2023-01-08 02:30:05',55.16,73.55,91.93,1430,1),
(131,'2023-01-08 02:30:05',46.77,62.37,77.96,1431,1),
(132,'2023-01-08 02:30:05',37.35,49.80,62.25,1432,1),
(133,'2023-01-08 02:30:05',58.05,77.40,96.75,1433,1),
(134,'2023-01-08 02:30:05',50.83,67.77,84.71,1434,1),
(135,'2023-01-08 02:30:05',35.16,46.88,58.60,1435,1),
(136,'2023-01-08 02:30:05',36.96,49.28,61.60,1436,1),
(137,'2023-01-08 02:30:05',54.03,72.05,90.06,1437,1),
(138,'2023-01-08 02:30:05',53.38,71.18,88.97,1438,1),
(139,'2023-01-08 02:30:05',35.98,47.97,59.96,1439,1),
(140,'2023-01-08 02:30:05',37.80,50.40,63.00,1440,1),
(141,'2023-01-08 02:30:05',40.95,54.60,68.25,1441,1),
(142,'2023-01-08 02:30:05',48.15,64.20,80.25,1442,1),
(143,'2023-01-08 02:30:05',62.53,83.37,104.21,1443,1),
(144,'2023-01-08 02:30:05',47.51,63.35,79.18,1444,1),
(145,'2023-01-08 02:30:05',54.20,72.27,90.34,1445,1),
(146,'2023-01-08 02:30:05',54.71,72.95,91.18,1446,1),
(147,'2023-01-08 02:30:05',46.35,61.80,77.25,1447,1),
(148,'2023-01-08 02:30:05',44.36,59.15,73.93,1448,1),
(149,'2023-01-08 02:30:05',50.65,67.53,84.41,1449,1),
(150,'2023-01-08 02:30:05',49.91,66.55,83.19,1450,1),
(151,'2023-01-08 02:30:05',37.83,50.45,63.06,1451,1),
(152,'2023-01-08 02:30:05',55.16,73.55,91.93,1452,1),
(153,'2023-01-08 02:30:05',52.40,69.87,87.34,1453,1),
(154,'2023-01-08 02:30:05',55.37,73.83,92.29,1454,1),
(155,'2023-01-08 02:30:05',58.11,77.48,96.85,1455,1),
(156,'2023-01-08 02:30:05',44.96,59.95,74.94,1456,1),
(157,'2023-01-08 02:30:05',58.93,78.57,98.21,1457,1),
(158,'2023-01-08 02:30:05',45.48,60.63,75.79,1458,1),
(159,'2023-01-08 02:30:05',42.13,56.18,70.22,1459,1),
(160,'2023-01-08 02:30:05',47.89,63.85,79.81,1460,1),
(161,'2023-01-08 02:30:05',48.13,64.17,80.21,1461,1),
(162,'2023-01-08 02:30:05',34.63,46.17,57.71,1462,1),
(163,'2023-01-08 02:30:05',39.58,52.77,65.96,1463,1),
(164,'2023-01-08 02:30:05',61.63,82.17,102.71,1464,1),
(165,'2023-01-08 02:30:05',49.72,66.30,82.87,1465,1),
(166,'2023-01-08 02:30:05',43.63,58.17,72.71,1466,1),
(167,'2023-01-08 02:30:05',38.67,51.57,64.46,1467,1),
(168,'2023-01-08 02:30:05',40.48,53.97,67.46,1468,1),
(169,'2023-01-08 02:30:05',38.68,51.57,64.46,1469,1),
(170,'2023-01-08 02:30:05',54.20,72.27,90.33,1470,1),
(171,'2023-01-08 02:30:05',53.30,71.07,88.83,1471,1),
(172,'2023-01-08 02:30:05',48.35,64.47,80.58,1472,1),
(173,'2023-01-08 02:30:05',39.58,52.77,65.96,1473,1),
(174,'2023-01-08 02:30:05',42.97,57.30,71.62,1474,1),
(175,'2023-01-08 02:30:05',47.23,62.97,78.71,1475,1),
(176,'2023-01-08 02:30:05',54.00,72.00,90.00,1476,1),
(177,'2023-01-08 02:30:05',45.20,60.27,75.34,1477,1),
(178,'2023-01-08 02:30:05',58.27,77.70,97.12,1478,1),
(179,'2023-01-08 02:30:05',41.83,55.77,69.71,1479,1),
(180,'2023-01-08 02:30:05',38.90,51.87,64.83,1480,1),
(181,'2023-01-08 02:30:05',45.43,60.57,75.71,1481,1),
(182,'2023-01-08 02:30:05',38.98,51.98,64.97,1482,1),
(183,'2023-01-08 02:30:05',37.55,50.07,62.58,1483,1),
(184,'2023-01-08 02:30:05',36.88,49.17,61.46,1484,1),
(185,'2023-01-08 02:30:05',32.40,43.20,54.00,1485,1),
(186,'2023-01-08 02:30:05',31.93,42.57,53.21,1486,1),
(187,'2023-01-08 02:30:05',42.32,56.43,70.54,1487,1),
(188,'2023-01-08 02:30:05',38.47,51.30,64.12,1488,1),
(189,'2023-01-08 02:30:05',42.27,56.37,70.46,1489,1),
(190,'2023-01-08 02:30:05',45.71,60.95,76.18,1490,1),
(191,'2023-01-08 02:30:05',62.36,83.15,103.93,1491,1),
(192,'2023-01-08 02:30:05',51.27,68.37,85.46,1492,1),
(193,'2023-01-08 02:30:05',49.76,66.35,82.93,1493,1),
(194,'2023-01-08 02:30:05',29.68,39.57,49.46,1494,1),
(195,'2023-01-08 02:30:05',51.73,68.97,86.21,1495,1),
(196,'2023-01-08 02:30:05',57.21,76.28,95.35,1496,1),
(197,'2023-01-08 02:30:05',38.53,51.38,64.22,1497,1),
(198,'2023-01-08 02:30:05',67.52,90.03,112.54,1498,1),
(199,'2023-01-08 02:30:05',35.80,47.73,59.66,1499,1),
(200,'2023-01-08 02:30:05',40.48,53.97,67.46,1500,1),
(201,'2023-01-08 02:30:05',50.48,67.31,84.14,1501,1),
(202,'2023-01-08 02:35:37',39.17,52.23,65.29,1502,1),
(203,'2023-01-08 02:35:37',49.93,66.57,83.21,1503,1),
(204,'2023-01-08 02:35:37',49.98,66.65,83.31,1504,1),
(205,'2023-01-08 02:35:37',46.63,62.18,77.72,1505,1),
(206,'2023-01-08 02:35:37',45.93,61.25,76.56,1506,1),
(207,'2023-01-08 02:35:37',26.98,35.97,44.96,1507,1),
(208,'2023-01-08 02:35:37',63.26,84.35,105.43,1508,1),
(209,'2023-01-08 02:35:37',39.80,53.07,66.33,1509,1),
(210,'2023-01-08 02:35:37',52.62,70.17,87.71,1510,1),
(211,'2023-01-08 02:35:37',31.08,41.45,51.81,1511,1),
(212,'2023-01-08 02:35:37',52.93,70.58,88.22,1512,1),
(213,'2023-01-08 02:35:37',46.78,62.37,77.96,1513,1),
(214,'2023-01-08 02:35:37',53.29,71.05,88.81,1514,1),
(215,'2023-01-08 02:35:37',46.10,61.47,76.83,1515,1),
(216,'2023-01-08 02:35:37',45.53,60.71,75.89,1516,1),
(217,'2023-01-08 02:35:37',54.70,72.93,91.17,1517,1),
(218,'2023-01-08 02:35:37',57.62,76.83,96.04,1518,1),
(219,'2023-01-08 02:35:37',55.50,74.00,92.50,1519,1),
(220,'2023-01-08 02:35:37',58.03,77.37,96.71,1520,1),
(221,'2023-01-08 02:35:37',44.08,58.77,73.46,1521,1),
(222,'2023-01-08 02:35:37',29.90,39.87,49.84,1522,1),
(223,'2023-01-08 02:35:37',38.47,51.30,64.12,1523,1),
(224,'2023-01-08 02:35:37',45.26,60.35,75.43,1524,1),
(225,'2023-01-08 02:35:37',55.57,74.10,92.62,1525,1),
(226,'2023-01-08 02:35:37',41.91,55.88,69.85,1526,1),
(227,'2023-01-08 02:35:37',28.88,38.51,48.14,1527,1),
(228,'2023-01-08 02:35:37',42.11,56.15,70.18,1528,1),
(229,'2023-01-08 02:35:37',40.95,54.60,68.25,1529,1),
(230,'2023-01-08 02:35:37',45.25,60.33,75.42,1530,1),
(231,'2023-01-08 02:35:37',32.40,43.20,54.00,1531,1),
(232,'2023-01-08 02:35:37',49.70,66.27,82.84,1532,1),
(233,'2023-01-08 02:35:37',49.70,66.27,82.83,1533,1),
(234,'2023-01-08 02:35:37',52.40,69.87,87.34,1534,1),
(235,'2023-01-08 02:35:37',32.83,43.77,54.71,1535,1),
(236,'2023-01-08 02:35:37',29.05,38.73,48.42,1536,1),
(237,'2023-01-08 02:35:37',54.70,72.93,91.16,1537,1),
(238,'2023-01-08 02:35:37',35.61,47.48,59.35,1538,1),
(239,'2023-01-08 02:35:37',42.50,56.67,70.83,1539,1),
(240,'2023-01-08 02:35:37',52.71,70.28,87.85,1540,1),
(241,'2023-01-08 02:35:37',46.18,61.58,76.97,1541,1),
(242,'2023-01-08 02:35:37',39.13,52.17,65.21,1542,1),
(243,'2023-01-08 02:35:37',41.83,55.77,69.71,1543,1),
(244,'2023-01-08 02:35:37',41.91,55.88,69.85,1544,1),
(245,'2023-01-08 02:35:37',47.96,63.95,79.93,1545,1),
(246,'2023-01-08 02:35:37',36.71,48.95,61.18,1546,1),
(247,'2023-01-08 02:35:37',49.70,66.27,82.84,1547,1),
(248,'2023-01-08 02:35:37',62.98,83.97,104.96,1548,1),
(249,'2023-01-08 02:35:37',46.83,62.45,78.06,1549,1),
(250,'2023-01-08 02:35:37',65.45,87.27,109.09,1550,1),
(251,'2023-01-08 02:35:37',46.38,61.85,77.31,1551,1),
(252,'2023-01-08 02:35:37',44.75,59.67,74.59,1552,1),
(253,'2023-01-08 02:35:37',37.10,49.47,61.84,1553,1),
(254,'2023-01-08 02:35:37',43.91,58.55,73.18,1554,1),
(255,'2023-01-08 02:35:37',36.28,48.38,60.47,1555,1),
(256,'2023-01-08 02:35:37',54.03,72.05,90.06,1556,1),
(257,'2023-01-08 02:35:37',53.58,71.43,89.29,1557,1),
(258,'2023-01-08 02:35:37',42.95,57.27,71.58,1558,1),
(259,'2023-01-08 02:35:37',56.23,74.97,93.71,1559,1),
(260,'2023-01-08 02:35:37',48.37,64.50,80.62,1560,1),
(261,'2023-01-08 02:35:37',51.33,68.45,85.56,1561,1),
(262,'2023-01-08 02:35:37',50.87,67.83,84.79,1562,1),
(263,'2023-01-08 02:35:37',34.01,45.35,56.68,1563,1),
(264,'2023-01-08 02:35:37',56.53,75.38,94.22,1564,1),
(265,'2023-01-08 02:35:37',51.56,68.75,85.93,1565,1),
(266,'2023-01-08 02:35:37',52.97,70.62,88.28,1566,1),
(267,'2023-01-08 02:35:37',30.18,40.25,50.31,1567,1),
(268,'2023-01-08 02:35:37',31.07,41.43,51.79,1568,1),
(269,'2023-01-08 02:35:37',49.37,65.83,82.28,1569,1),
(270,'2023-01-08 02:35:37',53.61,71.48,89.35,1570,1),
(271,'2023-01-08 02:35:37',43.35,57.80,72.25,1571,1),
(272,'2023-01-08 02:35:37',48.41,64.55,80.68,1572,1),
(273,'2023-01-08 02:35:37',38.08,50.78,63.47,1573,1),
(274,'2023-01-08 02:35:37',55.44,73.92,92.41,1574,1),
(275,'2023-01-08 02:35:37',38.27,51.03,63.79,1575,1),
(276,'2023-01-08 02:35:37',47.47,63.30,79.12,1576,1),
(277,'2023-01-08 02:35:37',39.13,52.17,65.21,1577,1),
(278,'2023-01-08 02:35:38',36.93,49.25,61.56,1578,1),
(279,'2023-01-08 02:35:38',36.70,48.93,61.17,1579,1),
(280,'2023-01-08 02:35:38',47.06,62.75,78.43,1580,1),
(281,'2023-01-08 02:35:38',45.22,60.30,75.37,1581,1),
(282,'2023-01-08 02:35:38',37.50,50.00,62.50,1582,1),
(283,'2023-01-08 02:35:38',49.93,66.57,83.21,1583,1),
(284,'2023-01-08 02:35:38',49.25,65.67,82.09,1584,1),
(285,'2023-01-08 02:35:38',43.62,58.17,72.71,1585,1),
(286,'2023-01-08 02:35:38',40.07,53.43,66.79,1586,1),
(287,'2023-01-08 02:35:38',45.90,61.20,76.50,1587,1),
(288,'2023-01-08 02:35:38',29.45,39.27,49.08,1588,1),
(289,'2023-01-08 02:35:38',48.35,64.47,80.58,1589,1),
(290,'2023-01-08 02:35:38',46.10,61.47,76.84,1590,1),
(291,'2023-01-08 02:35:38',56.40,75.20,94.00,1591,1),
(292,'2023-01-08 02:35:38',38.96,51.95,64.93,1592,1),
(293,'2023-01-08 02:35:38',52.65,70.20,87.75,1593,1),
(294,'2023-01-08 02:35:38',66.58,88.77,110.96,1594,1),
(295,'2023-01-08 02:35:38',58.25,77.67,97.08,1595,1),
(296,'2023-01-08 02:35:38',43.23,57.65,72.06,1596,1),
(297,'2023-01-08 02:35:38',50.15,66.87,83.58,1597,1),
(298,'2023-01-08 02:35:38',38.57,51.42,64.28,1598,1),
(299,'2023-01-08 02:35:38',46.12,61.50,76.87,1599,1),
(300,'2023-01-08 02:35:38',44.38,59.18,73.97,1600,1),
(301,'2023-01-08 02:35:38',43.28,57.71,72.14,1601,1),
(302,'2023-01-08 02:35:38',46.83,62.45,78.06,1602,1),
(303,'2023-01-08 02:35:38',50.15,66.87,83.58,1603,1),
(304,'2023-01-08 02:35:38',51.50,68.67,85.83,1604,1),
(305,'2023-01-08 02:35:38',40.27,53.70,67.12,1605,1),
(306,'2023-01-08 02:35:38',61.45,81.93,102.42,1606,1),
(307,'2023-01-08 02:35:38',48.12,64.17,80.21,1607,1),
(308,'2023-01-08 02:35:38',45.20,60.27,75.33,1608,1),
(309,'2023-01-08 02:35:38',38.62,51.50,64.38,1609,1),
(310,'2023-01-08 02:35:38',34.68,46.25,57.81,1610,1),
(311,'2023-01-08 02:35:38',49.48,65.97,82.46,1611,1),
(312,'2023-01-08 02:35:38',50.20,66.93,83.67,1612,1),
(313,'2023-01-08 02:35:38',48.80,65.07,81.34,1613,1),
(314,'2023-01-08 02:35:38',33.77,45.03,56.29,1614,1),
(315,'2023-01-08 02:35:38',42.05,56.07,70.09,1615,1),
(316,'2023-01-08 02:35:38',39.37,52.50,65.62,1616,1),
(317,'2023-01-08 02:35:38',38.67,51.57,64.46,1617,1),
(318,'2023-01-08 02:35:38',49.70,66.27,82.83,1618,1),
(319,'2023-01-08 02:35:38',62.12,82.83,103.54,1619,1),
(320,'2023-01-08 02:35:38',42.07,56.10,70.12,1620,1),
(321,'2023-01-08 02:35:38',42.50,56.67,70.84,1621,1),
(322,'2023-01-08 02:35:38',35.13,46.85,58.56,1622,1),
(323,'2023-01-08 02:35:38',38.51,51.35,64.18,1623,1),
(324,'2023-01-08 02:35:38',35.32,47.10,58.87,1624,1),
(325,'2023-01-08 02:35:38',50.15,66.87,83.58,1625,1),
(326,'2023-01-08 02:35:38',39.46,52.61,65.76,1626,1),
(327,'2023-01-08 02:35:38',29.45,39.27,49.08,1627,1),
(328,'2023-01-08 02:35:38',51.05,68.07,85.08,1628,1),
(329,'2023-01-08 02:35:38',34.93,46.58,58.22,1629,1),
(330,'2023-01-08 02:35:38',62.36,83.15,103.93,1630,1),
(331,'2023-01-08 02:35:38',36.83,49.10,61.38,1631,1),
(332,'2023-01-08 02:35:38',43.03,57.38,71.72,1632,1),
(333,'2023-01-08 02:35:38',35.08,46.77,58.46,1633,1),
(334,'2023-01-08 02:35:38',43.18,57.57,71.96,1634,1),
(335,'2023-01-08 02:35:38',50.83,67.77,84.71,1635,1),
(336,'2023-01-08 02:35:38',50.15,66.87,83.58,1636,1),
(337,'2023-01-08 02:35:38',32.83,43.77,54.71,1637,1),
(338,'2023-01-08 02:35:38',44.98,59.97,74.96,1638,1),
(339,'2023-01-08 02:35:38',43.87,58.50,73.12,1639,1),
(340,'2023-01-08 02:35:38',45.65,60.87,76.08,1640,1),
(341,'2023-01-08 02:35:38',36.43,48.57,60.71,1641,1),
(342,'2023-01-08 02:35:38',37.95,50.60,63.25,1642,1),
(343,'2023-01-08 02:35:38',63.26,84.35,105.43,1643,1),
(344,'2023-01-08 02:35:38',29.47,39.30,49.12,1644,1),
(345,'2023-01-08 02:35:38',28.38,37.83,47.29,1645,1),
(346,'2023-01-08 02:35:38',45.42,60.57,75.71,1646,1),
(347,'2023-01-08 02:35:38',38.23,50.97,63.71,1647,1),
(348,'2023-01-08 02:35:38',55.55,74.07,92.58,1648,1),
(349,'2023-01-08 02:35:38',55.57,74.10,92.62,1649,1),
(350,'2023-01-08 02:35:38',45.88,61.17,76.46,1650,1),
(351,'2023-01-08 02:35:38',37.43,49.91,62.39,1651,1),
(352,'2023-01-08 02:35:38',35.98,47.97,59.96,1652,1),
(353,'2023-01-08 02:35:38',41.93,55.91,69.89,1653,1),
(354,'2023-01-08 02:35:38',57.80,77.07,96.34,1654,1),
(355,'2023-01-08 02:35:38',39.17,52.23,65.29,1655,1),
(356,'2023-01-08 02:35:38',44.80,59.73,74.66,1656,1),
(357,'2023-01-08 02:35:38',42.56,56.75,70.93,1657,1),
(358,'2023-01-08 02:35:38',49.25,65.67,82.09,1658,1),
(359,'2023-01-08 02:35:38',43.40,57.87,72.33,1659,1),
(360,'2023-01-08 02:35:38',53.13,70.85,88.56,1660,1),
(361,'2023-01-08 02:35:38',47.06,62.75,78.43,1661,1),
(362,'2023-01-08 02:35:38',39.35,52.47,65.58,1662,1),
(363,'2023-01-08 02:35:38',39.80,53.07,66.33,1663,1),
(364,'2023-01-08 02:35:38',53.12,70.83,88.54,1664,1),
(365,'2023-01-08 02:35:38',42.26,56.35,70.44,1665,1),
(366,'2023-01-08 02:35:38',37.78,50.37,62.96,1666,1),
(367,'2023-01-08 02:35:38',36.88,49.17,61.46,1667,1),
(368,'2023-01-08 02:35:38',51.07,68.10,85.12,1668,1),
(369,'2023-01-08 02:35:38',50.43,67.25,84.06,1669,1),
(370,'2023-01-08 02:35:38',36.48,48.65,60.81,1670,1),
(371,'2023-01-08 02:35:38',39.11,52.15,65.19,1671,1),
(372,'2023-01-08 02:35:38',55.78,74.37,92.96,1672,1),
(373,'2023-01-08 02:35:38',43.90,58.53,73.16,1673,1),
(374,'2023-01-08 02:35:38',50.38,67.17,83.96,1674,1),
(375,'2023-01-08 02:35:38',35.75,47.67,59.58,1675,1),
(376,'2023-01-08 02:35:38',49.03,65.37,81.71,1676,1),
(377,'2023-01-08 02:35:38',46.33,61.77,77.21,1677,1),
(378,'2023-01-08 02:35:38',42.75,57.00,71.25,1678,1),
(379,'2023-01-08 02:35:38',37.12,49.50,61.87,1679,1),
(380,'2023-01-08 02:35:38',42.10,56.13,70.16,1680,1),
(381,'2023-01-08 02:35:38',44.30,59.07,73.83,1681,1),
(382,'2023-01-08 02:35:38',42.58,56.78,70.97,1682,1),
(383,'2023-01-08 02:35:38',58.48,77.97,97.46,1683,1),
(384,'2023-01-08 02:35:38',48.21,64.28,80.35,1684,1),
(385,'2023-01-08 02:35:38',42.56,56.75,70.93,1685,1),
(386,'2023-01-08 02:35:38',62.55,83.40,104.25,1686,1),
(387,'2023-01-08 02:35:38',51.58,68.78,85.97,1687,1),
(388,'2023-01-08 02:35:38',34.63,46.17,57.71,1688,1),
(389,'2023-01-08 02:35:38',47.23,62.97,78.71,1689,1),
(390,'2023-01-08 02:35:38',44.57,59.43,74.29,1690,1),
(391,'2023-01-08 02:35:38',53.08,70.77,88.46,1691,1),
(392,'2023-01-08 02:35:38',37.31,49.75,62.19,1692,1),
(393,'2023-01-08 02:35:38',59.88,79.83,99.79,1693,1),
(394,'2023-01-08 02:35:38',37.60,50.13,62.67,1694,1),
(395,'2023-01-08 02:35:38',58.30,77.73,97.16,1695,1),
(396,'2023-01-08 02:35:38',47.62,63.50,79.38,1696,1),
(397,'2023-01-08 02:35:38',40.31,53.75,67.18,1697,1),
(398,'2023-01-08 02:35:38',32.77,43.70,54.62,1698,1),
(399,'2023-01-08 02:35:38',56.23,74.97,93.71,1699,1),
(400,'2023-01-08 02:35:38',40.25,53.67,67.09,1700,1),
(401,'2023-01-08 02:35:38',44.74,59.65,74.56,1701,1),
(402,'2023-01-08 02:35:38',41.91,55.88,69.85,1702,1),
(403,'2023-01-08 02:35:38',43.17,57.57,71.96,1703,1),
(404,'2023-01-08 02:35:38',42.75,57.00,71.25,1704,1),
(405,'2023-01-08 02:35:38',45.96,61.28,76.60,1705,1),
(406,'2023-01-08 02:35:38',53.98,71.97,89.96,1706,1),
(407,'2023-01-08 02:35:38',54.26,72.35,90.43,1707,1),
(408,'2023-01-08 02:35:38',35.75,47.67,59.59,1708,1),
(409,'2023-01-08 02:35:38',51.28,68.37,85.46,1709,1),
(410,'2023-01-08 02:35:38',58.70,78.27,97.83,1710,1),
(411,'2023-01-08 02:35:38',56.23,74.97,93.71,1711,1),
(412,'2023-01-08 02:35:38',41.91,55.88,69.85,1712,1),
(413,'2023-01-08 02:35:38',47.31,63.08,78.85,1713,1),
(414,'2023-01-08 02:35:38',36.20,48.27,60.34,1714,1),
(415,'2023-01-08 02:35:38',33.27,44.37,55.46,1715,1),
(416,'2023-01-08 02:35:38',29.90,39.87,49.84,1716,1),
(417,'2023-01-08 02:35:38',61.40,81.87,102.33,1717,1),
(418,'2023-01-08 02:35:38',36.43,48.57,60.71,1718,1),
(419,'2023-01-08 02:35:38',50.38,67.17,83.96,1719,1),
(420,'2023-01-08 02:35:38',40.98,54.65,68.31,1720,1),
(421,'2023-01-08 02:35:38',47.85,63.80,79.75,1721,1),
(422,'2023-01-08 02:35:38',41.83,55.77,69.71,1722,1),
(423,'2023-01-08 02:35:38',30.12,40.17,50.21,1723,1),
(424,'2023-01-08 02:35:38',47.23,62.97,78.71,1724,1),
(425,'2023-01-08 02:35:38',40.91,54.55,68.19,1725,1),
(426,'2023-01-08 02:35:38',49.92,66.57,83.21,1726,1),
(427,'2023-01-08 02:35:38',33.95,45.27,56.58,1727,1),
(428,'2023-01-08 02:35:38',44.98,59.97,74.96,1728,1),
(429,'2023-01-08 02:35:38',47.00,62.67,78.34,1729,1),
(430,'2023-01-08 02:35:38',38.28,51.05,63.81,1730,1),
(431,'2023-01-08 02:35:38',57.80,77.07,96.34,1731,1),
(432,'2023-01-08 02:35:38',42.10,56.13,70.16,1732,1),
(433,'2023-01-08 02:35:38',52.65,70.20,87.75,1733,1),
(434,'2023-01-08 02:35:38',43.42,57.90,72.37,1734,1),
(435,'2023-01-08 02:35:38',49.52,66.03,82.54,1735,1),
(436,'2023-01-08 02:35:38',50.83,67.77,84.71,1736,1),
(437,'2023-01-08 02:35:38',58.53,78.05,97.56,1737,1),
(438,'2023-01-08 02:35:38',58.25,77.67,97.08,1738,1),
(439,'2023-01-08 02:35:38',43.85,58.47,73.08,1739,1),
(440,'2023-01-08 02:35:38',37.55,50.07,62.59,1740,1),
(441,'2023-01-08 02:35:38',30.12,40.17,50.21,1741,1),
(442,'2023-01-08 02:35:38',65.62,87.50,109.38,1742,1),
(443,'2023-01-08 02:35:38',37.16,49.55,61.93,1743,1),
(444,'2023-01-08 02:35:38',45.88,61.17,76.46,1744,1),
(445,'2023-01-08 02:35:38',32.88,43.85,54.81,1745,1),
(446,'2023-01-08 02:35:38',43.23,57.65,72.06,1746,1),
(447,'2023-01-08 02:35:38',48.40,64.53,80.67,1747,1),
(448,'2023-01-08 02:35:38',54.88,73.17,91.46,1748,1),
(449,'2023-01-08 02:35:38',37.35,49.80,62.25,1749,1),
(450,'2023-01-08 02:35:38',36.88,49.17,61.46,1750,1),
(451,'2023-01-08 02:35:38',36.20,48.27,60.33,1751,1),
(452,'2023-01-08 02:35:38',43.45,57.93,72.41,1752,1),
(453,'2023-01-08 02:35:38',50.38,67.17,83.96,1753,1),
(454,'2023-01-08 02:35:38',38.00,50.67,63.34,1754,1),
(455,'2023-01-08 02:35:38',52.40,69.87,87.34,1755,1),
(456,'2023-01-08 02:35:38',36.93,49.25,61.56,1756,1),
(457,'2023-01-08 02:35:38',50.83,67.77,84.71,1757,1),
(458,'2023-01-08 02:35:38',38.23,50.97,63.71,1758,1),
(459,'2023-01-08 02:35:38',45.42,60.57,75.71,1759,1),
(460,'2023-01-08 02:35:38',44.98,59.97,74.96,1760,1),
(461,'2023-01-08 02:35:38',53.35,71.13,88.91,1761,1),
(462,'2023-01-08 02:35:38',56.23,74.97,93.71,1762,1),
(463,'2023-01-08 02:35:38',54.38,72.50,90.62,1763,1),
(464,'2023-01-08 02:35:38',44.12,58.83,73.54,1764,1),
(465,'2023-01-08 02:35:38',58.92,78.57,98.21,1765,1),
(466,'2023-01-08 02:35:38',44.13,58.85,73.56,1766,1),
(467,'2023-01-08 02:35:38',42.05,56.07,70.08,1767,1),
(468,'2023-01-08 02:35:38',46.63,62.18,77.72,1768,1),
(469,'2023-01-08 02:35:38',39.35,52.47,65.58,1769,1),
(470,'2023-01-08 02:35:38',29.96,39.95,49.93,1770,1),
(471,'2023-01-08 02:35:38',40.31,53.75,67.18,1771,1),
(472,'2023-01-08 02:35:38',43.90,58.53,73.17,1772,1),
(473,'2023-01-08 02:35:38',35.80,47.73,59.67,1773,1),
(474,'2023-01-08 02:35:38',43.58,58.10,72.62,1774,1),
(475,'2023-01-08 02:35:38',51.58,68.78,85.97,1775,1),
(476,'2023-01-08 02:35:38',40.92,54.57,68.21,1776,1),
(477,'2023-01-08 02:35:38',46.80,62.40,78.00,1777,1),
(478,'2023-01-08 02:35:38',51.11,68.15,85.18,1778,1),
(479,'2023-01-08 02:35:38',39.60,52.80,66.00,1779,1),
(480,'2023-01-08 02:35:38',46.82,62.43,78.04,1780,1),
(481,'2023-01-08 02:35:38',50.20,66.93,83.67,1781,1),
(482,'2023-01-08 02:35:38',62.98,83.97,104.96,1782,1),
(483,'2023-01-08 02:35:38',38.02,50.70,63.37,1783,1),
(484,'2023-01-08 02:35:38',47.23,62.97,78.71,1784,1),
(485,'2023-01-08 02:35:38',49.07,65.43,81.79,1785,1),
(486,'2023-01-08 02:35:38',45.88,61.17,76.46,1786,1),
(487,'2023-01-08 02:35:38',47.96,63.95,79.93,1787,1),
(488,'2023-01-08 02:35:38',39.86,53.15,66.43,1788,1),
(489,'2023-01-08 02:35:38',47.67,63.57,79.46,1789,1),
(490,'2023-01-08 02:35:38',59.17,78.90,98.62,1790,1),
(491,'2023-01-08 02:35:38',46.10,61.47,76.83,1791,1),
(492,'2023-01-08 02:35:38',50.40,67.20,84.00,1792,1),
(493,'2023-01-08 02:35:38',41.91,55.88,69.85,1793,1),
(494,'2023-01-08 02:35:38',31.48,41.97,52.46,1794,1),
(495,'2023-01-08 02:35:38',52.71,70.28,87.85,1795,1),
(496,'2023-01-08 02:35:38',40.95,54.60,68.25,1796,1),
(497,'2023-01-08 02:35:38',38.90,51.87,64.84,1797,1),
(498,'2023-01-08 02:35:38',57.40,76.53,95.66,1798,1),
(499,'2023-01-08 02:35:38',38.45,51.27,64.08,1799,1),
(500,'2023-01-08 02:35:38',28.15,37.53,46.91,1800,1),
(501,'2023-01-08 02:35:38',38.28,51.05,63.81,1801,1),
(502,'2023-01-08 02:35:38',28.16,37.55,46.93,1802,1),
(503,'2023-01-08 02:35:38',36.65,48.87,61.08,1803,1),
(504,'2023-01-08 02:35:38',41.38,55.17,68.96,1804,1),
(505,'2023-01-08 02:35:38',37.55,50.07,62.58,1805,1),
(506,'2023-01-08 02:35:38',50.20,66.93,83.66,1806,1),
(507,'2023-01-08 02:35:38',28.67,38.23,47.78,1807,1),
(508,'2023-01-08 02:35:38',44.75,59.67,74.58,1808,1),
(509,'2023-01-08 02:35:38',49.36,65.81,82.26,1809,1),
(510,'2023-01-08 02:35:38',44.06,58.75,73.44,1810,1),
(511,'2023-01-08 02:35:38',38.00,50.67,63.33,1811,1),
(512,'2023-01-08 02:35:38',50.60,67.47,84.33,1812,1),
(513,'2023-01-08 02:35:38',40.03,53.37,66.71,1813,1),
(514,'2023-01-08 02:35:38',42.58,56.78,70.97,1814,1),
(515,'2023-01-08 02:35:38',30.35,40.47,50.59,1815,1),
(516,'2023-01-08 02:35:38',57.80,77.07,96.34,1816,1),
(517,'2023-01-08 02:35:38',35.63,47.51,59.39,1817,1),
(518,'2023-01-08 02:35:38',30.17,40.23,50.29,1818,1),
(519,'2023-01-08 02:35:38',42.36,56.48,70.60,1819,1),
(520,'2023-01-08 02:35:38',44.36,59.15,73.93,1820,1),
(521,'2023-01-08 02:35:38',39.13,52.17,65.21,1821,1),
(522,'2023-01-08 02:35:38',55.77,74.37,92.96,1822,1),
(523,'2023-01-08 02:35:38',37.82,50.43,63.04,1823,1),
(524,'2023-01-08 02:35:38',54.20,72.27,90.33,1824,1),
(525,'2023-01-08 02:35:38',58.81,78.41,98.01,1825,1),
(526,'2023-01-08 02:35:38',30.35,40.47,50.58,1826,1),
(527,'2023-01-08 02:35:39',58.59,78.12,97.66,1827,1),
(528,'2023-01-08 02:35:39',45.06,60.08,75.10,1828,1),
(529,'2023-01-08 02:35:39',51.05,68.07,85.09,1829,1),
(530,'2023-01-08 02:35:39',35.13,46.85,58.56,1830,1),
(531,'2023-01-08 02:35:39',35.77,47.70,59.62,1831,1),
(532,'2023-01-08 02:35:39',37.37,49.83,62.29,1832,1),
(533,'2023-01-08 02:35:39',53.08,70.77,88.46,1833,1),
(534,'2023-01-08 02:35:39',42.77,57.03,71.29,1834,1),
(535,'2023-01-08 02:35:39',46.99,62.65,78.31,1835,1),
(536,'2023-01-08 02:35:39',37.10,49.47,61.84,1836,1),
(537,'2023-01-08 02:35:39',35.98,47.97,59.96,1837,1),
(538,'2023-01-08 02:35:39',53.75,71.67,89.58,1838,1),
(539,'2023-01-08 02:35:39',43.93,58.58,73.22,1839,1),
(540,'2023-01-08 02:35:39',35.81,47.75,59.68,1840,1),
(541,'2023-01-08 02:35:39',47.51,63.35,79.18,1841,1),
(542,'2023-01-08 02:35:39',39.86,53.15,66.43,1842,1),
(543,'2023-01-08 02:35:39',47.23,62.97,78.71,1843,1),
(544,'2023-01-08 02:35:39',42.56,56.75,70.93,1844,1),
(545,'2023-01-08 02:35:39',28.35,37.80,47.25,1845,1),
(546,'2023-01-08 02:35:39',52.73,70.31,87.89,1846,1),
(547,'2023-01-08 02:35:39',42.17,56.23,70.28,1847,1),
(548,'2023-01-08 02:35:39',39.15,52.20,65.25,1848,1),
(549,'2023-01-08 02:35:39',42.50,56.67,70.83,1849,1),
(550,'2023-01-08 02:35:39',52.06,69.41,86.76,1850,1),
(551,'2023-01-08 02:35:39',45.20,60.27,75.34,1851,1),
(552,'2023-01-08 02:35:39',52.23,69.63,87.04,1852,1),
(553,'2023-01-08 02:35:39',36.20,48.27,60.33,1853,1),
(554,'2023-01-08 02:35:39',55.33,73.77,92.21,1854,1),
(555,'2023-01-08 02:35:39',46.05,61.40,76.75,1855,1),
(556,'2023-01-08 02:35:39',42.27,56.37,70.46,1856,1),
(557,'2023-01-08 02:35:39',55.54,74.05,92.56,1857,1),
(558,'2023-01-08 02:35:39',46.10,61.47,76.83,1858,1),
(559,'2023-01-08 02:35:39',51.05,68.07,85.08,1859,1),
(560,'2023-01-08 02:35:39',48.13,64.17,80.21,1860,1),
(561,'2023-01-08 02:35:39',28.38,37.83,47.29,1861,1),
(562,'2023-01-08 02:35:39',50.60,67.47,84.34,1862,1),
(563,'2023-01-08 02:35:39',35.57,47.43,59.29,1863,1),
(564,'2023-01-08 02:35:39',44.98,59.97,74.96,1864,1),
(565,'2023-01-08 02:35:39',53.52,71.37,89.21,1865,1),
(566,'2023-01-08 02:35:39',60.05,80.07,100.09,1866,1),
(567,'2023-01-08 02:35:39',40.98,54.65,68.31,1867,1),
(568,'2023-01-08 02:35:39',38.21,50.95,63.69,1868,1),
(569,'2023-01-08 02:35:39',35.75,47.67,59.59,1869,1),
(570,'2023-01-08 02:35:39',41.21,54.95,68.68,1870,1),
(571,'2023-01-08 02:35:39',53.36,71.15,88.93,1871,1),
(572,'2023-01-08 02:35:39',36.96,49.28,61.60,1872,1),
(573,'2023-01-08 02:35:39',36.20,48.27,60.34,1873,1),
(574,'2023-01-08 02:35:39',47.23,62.97,78.71,1874,1),
(575,'2023-01-08 02:35:39',36.93,49.25,61.56,1875,1),
(576,'2023-01-08 02:35:39',54.92,73.23,91.54,1876,1),
(577,'2023-01-08 02:35:39',52.35,69.80,87.25,1877,1),
(578,'2023-01-08 02:35:39',32.15,42.87,53.59,1878,1),
(579,'2023-01-08 02:35:39',47.00,62.67,78.33,1879,1),
(580,'2023-01-08 02:35:39',49.93,66.57,83.21,1880,1),
(581,'2023-01-08 02:35:39',38.90,51.87,64.84,1881,1),
(582,'2023-01-08 02:35:39',35.08,46.77,58.46,1882,1),
(583,'2023-01-08 02:35:39',40.70,54.27,67.84,1883,1),
(584,'2023-01-08 02:35:39',44.98,59.97,74.96,1884,1),
(585,'2023-01-08 02:35:39',34.74,46.33,57.91,1885,1),
(586,'2023-01-08 02:35:39',51.11,68.15,85.18,1886,1),
(587,'2023-01-08 02:35:39',49.70,66.27,82.83,1887,1),
(588,'2023-01-08 02:35:39',47.90,63.87,79.84,1888,1),
(589,'2023-01-08 02:35:39',29.33,39.11,48.89,1889,1),
(590,'2023-01-08 02:35:39',42.75,57.00,71.25,1890,1),
(591,'2023-01-08 02:35:39',51.27,68.37,85.46,1891,1),
(592,'2023-01-08 02:35:39',51.78,69.05,86.31,1892,1),
(593,'2023-01-08 02:35:39',36.90,49.20,61.50,1893,1),
(594,'2023-01-08 02:35:39',42.36,56.48,70.60,1894,1),
(595,'2023-01-08 02:35:39',40.70,54.27,67.83,1895,1),
(596,'2023-01-08 02:35:39',45.06,60.08,75.10,1896,1),
(597,'2023-01-08 02:35:39',30.56,40.75,50.94,1897,1),
(598,'2023-01-08 02:35:39',65.90,87.87,109.83,1898,1),
(599,'2023-01-08 02:35:39',38.95,51.93,64.91,1899,1),
(600,'2023-01-08 02:35:39',45.15,60.20,75.25,1900,1),
(601,'2023-01-08 02:35:39',52.00,69.33,86.67,1901,1),
(602,'2023-01-08 02:37:10',40.02,53.37,66.71,1902,1),
(603,'2023-01-08 02:37:10',57.40,76.53,95.66,1903,1),
(604,'2023-01-08 02:37:10',49.25,65.67,82.09,1904,1),
(605,'2023-01-08 02:37:10',57.80,77.07,96.34,1905,1),
(606,'2023-01-08 02:37:10',67.76,90.35,112.93,1906,1),
(607,'2023-01-08 02:37:10',43.42,57.90,72.37,1907,1),
(608,'2023-01-08 02:37:10',54.88,73.17,91.46,1908,1),
(609,'2023-01-08 02:37:10',53.35,71.13,88.91,1909,1),
(610,'2023-01-08 02:37:10',66.18,88.25,110.31,1910,1),
(611,'2023-01-08 02:37:10',50.15,66.87,83.58,1911,1),
(612,'2023-01-08 02:37:10',55.66,74.21,92.76,1912,1),
(613,'2023-01-08 02:37:10',43.00,57.33,71.67,1913,1),
(614,'2023-01-08 02:37:10',58.03,77.37,96.71,1914,1),
(615,'2023-01-08 02:37:10',43.63,58.17,72.71,1915,1),
(616,'2023-01-08 02:37:10',65.90,87.87,109.83,1916,1),
(617,'2023-01-08 02:37:10',50.65,67.53,84.41,1917,1),
(618,'2023-01-08 02:37:10',43.03,57.38,71.72,1918,1),
(619,'2023-01-08 02:37:10',47.23,62.97,78.71,1919,1),
(620,'2023-01-08 02:37:10',36.20,48.27,60.33,1920,1),
(621,'2023-01-08 02:37:10',35.98,47.97,59.96,1921,1),
(622,'2023-01-08 02:37:10',36.88,49.17,61.46,1922,1),
(623,'2023-01-08 02:37:10',43.18,57.57,71.96,1923,1),
(624,'2023-01-08 02:37:10',41.46,55.28,69.10,1924,1),
(625,'2023-01-08 02:37:10',45.25,60.33,75.41,1925,1),
(626,'2023-01-08 02:37:10',51.33,68.45,85.56,1926,1),
(627,'2023-01-08 02:37:10',67.81,90.41,113.01,1927,1),
(628,'2023-01-08 02:37:10',29.05,38.73,48.41,1928,1),
(629,'2023-01-08 02:37:10',28.86,38.48,48.10,1929,1),
(630,'2023-01-08 02:37:10',36.20,48.27,60.33,1930,1),
(631,'2023-01-08 02:37:10',35.08,46.77,58.46,1931,1),
(632,'2023-01-08 02:37:10',44.08,58.77,73.46,1932,1),
(633,'2023-01-08 02:37:10',50.38,67.17,83.96,1933,1),
(634,'2023-01-08 02:37:10',26.61,35.48,44.35,1934,1),
(635,'2023-01-08 02:37:10',26.35,35.13,43.92,1935,1),
(636,'2023-01-08 02:37:10',62.53,83.37,104.21,1936,1),
(637,'2023-01-08 02:37:11',50.38,67.17,83.96,1937,1),
(638,'2023-01-08 02:37:11',50.60,67.47,84.33,1938,1),
(639,'2023-01-08 02:37:11',48.66,64.88,81.10,1939,1),
(640,'2023-01-08 02:37:11',54.60,72.80,91.00,1940,1),
(641,'2023-01-08 02:37:11',45.22,60.30,75.37,1941,1),
(642,'2023-01-08 02:37:11',47.89,63.85,79.81,1942,1),
(643,'2023-01-08 02:37:11',35.32,47.10,58.87,1943,1),
(644,'2023-01-08 02:37:11',40.02,53.37,66.71,1944,1),
(645,'2023-01-08 02:37:11',46.78,62.37,77.96,1945,1),
(646,'2023-01-08 02:37:11',49.76,66.35,82.93,1946,1),
(647,'2023-01-08 02:37:11',39.86,53.15,66.43,1947,1),
(648,'2023-01-08 02:37:11',42.05,56.07,70.08,1948,1),
(649,'2023-01-08 02:37:11',34.71,46.28,57.85,1949,1),
(650,'2023-01-08 02:37:11',36.51,48.68,60.85,1950,1),
(651,'2023-01-08 02:37:11',34.67,46.23,57.79,1951,1),
(652,'2023-01-08 02:37:11',43.87,58.50,73.12,1952,1),
(653,'2023-01-08 02:37:11',54.83,73.10,91.38,1953,1),
(654,'2023-01-08 02:37:11',47.68,63.57,79.46,1954,1),
(655,'2023-01-08 02:37:11',49.75,66.33,82.91,1955,1),
(656,'2023-01-08 02:37:11',48.58,64.77,80.96,1956,1),
(657,'2023-01-08 02:37:11',34.71,46.28,57.85,1957,1),
(658,'2023-01-08 02:37:11',41.14,54.85,68.56,1958,1),
(659,'2023-01-08 02:37:11',42.11,56.15,70.18,1959,1),
(660,'2023-01-08 02:37:11',28.33,37.77,47.21,1960,1),
(661,'2023-01-08 02:37:11',42.50,56.67,70.83,1961,1),
(662,'2023-01-08 02:37:11',49.13,65.51,81.89,1962,1),
(663,'2023-01-08 02:37:11',42.61,56.81,71.01,1963,1),
(664,'2023-01-08 02:37:11',46.10,61.47,76.83,1964,1),
(665,'2023-01-08 02:37:11',44.75,59.67,74.58,1965,1),
(666,'2023-01-08 02:37:11',40.03,53.37,66.71,1966,1),
(667,'2023-01-08 02:37:11',40.95,54.60,68.25,1967,1),
(668,'2023-01-08 02:37:11',47.00,62.67,78.33,1968,1),
(669,'2023-01-08 02:37:11',53.98,71.97,89.96,1969,1),
(670,'2023-01-08 02:37:11',47.06,62.75,78.43,1970,1),
(671,'2023-01-08 02:37:11',37.55,50.07,62.58,1971,1),
(672,'2023-01-08 02:37:11',45.90,61.20,76.50,1972,1),
(673,'2023-01-08 02:37:11',47.28,63.05,78.81,1973,1),
(674,'2023-01-08 02:37:11',35.80,47.73,59.66,1974,1),
(675,'2023-01-08 02:37:11',63.22,84.30,105.37,1975,1),
(676,'2023-01-08 02:37:11',42.77,57.03,71.29,1976,1),
(677,'2023-01-08 02:37:11',56.23,74.97,93.71,1977,1),
(678,'2023-01-08 02:37:11',54.92,73.23,91.54,1978,1),
(679,'2023-01-08 02:37:11',55.12,73.50,91.87,1979,1),
(680,'2023-01-08 02:37:11',44.52,59.37,74.21,1980,1),
(681,'2023-01-08 02:37:11',53.13,70.85,88.56,1981,1),
(682,'2023-01-08 02:37:11',29.90,39.87,49.83,1982,1),
(683,'2023-01-08 02:37:11',46.27,61.70,77.12,1983,1),
(684,'2023-01-08 02:37:11',31.02,41.37,51.71,1984,1),
(685,'2023-01-08 02:37:11',44.32,59.10,73.87,1985,1),
(686,'2023-01-08 02:37:11',49.91,66.55,83.19,1986,1),
(687,'2023-01-08 02:37:11',44.38,59.18,73.97,1987,1),
(688,'2023-01-08 02:37:11',41.46,55.28,69.10,1988,1),
(689,'2023-01-08 02:37:11',34.40,45.87,57.33,1989,1),
(690,'2023-01-08 02:37:11',50.77,67.70,84.62,1990,1),
(691,'2023-01-08 02:37:11',58.03,77.37,96.71,1991,1),
(692,'2023-01-08 02:37:11',57.62,76.83,96.04,1992,1),
(693,'2023-01-08 02:37:11',37.78,50.37,62.96,1993,1),
(694,'2023-01-08 02:37:11',62.35,83.13,103.92,1994,1),
(695,'2023-01-08 02:37:11',35.83,47.78,59.72,1995,1),
(696,'2023-01-08 02:37:11',42.33,56.43,70.54,1996,1),
(697,'2023-01-08 02:37:11',42.50,56.67,70.84,1997,1),
(698,'2023-01-08 02:37:11',47.53,63.38,79.22,1998,1),
(699,'2023-01-08 02:37:11',49.95,66.60,83.25,1999,1),
(700,'2023-01-08 02:37:11',42.77,57.03,71.29,2000,1),
(701,'2023-01-08 02:37:11',44.61,59.48,74.35,2001,1),
(702,'2023-01-08 02:37:11',55.77,74.37,92.96,2002,1),
(703,'2023-01-08 02:37:11',43.46,57.95,72.43,2003,1),
(704,'2023-01-08 02:37:11',45.03,60.05,75.06,2004,1),
(705,'2023-01-08 02:37:11',42.36,56.48,70.60,2005,1),
(706,'2023-01-08 02:37:11',38.68,51.57,64.46,2006,1),
(707,'2023-01-08 02:37:11',35.86,47.81,59.76,2007,1),
(708,'2023-01-08 02:37:11',40.91,54.55,68.19,2008,1),
(709,'2023-01-08 02:37:11',38.00,50.67,63.33,2009,1),
(710,'2023-01-08 02:37:11',52.00,69.33,86.66,2010,1),
(711,'2023-01-08 02:37:11',39.88,53.18,66.47,2011,1),
(712,'2023-01-08 02:37:11',40.03,53.37,66.71,2012,1),
(713,'2023-01-08 02:37:11',43.85,58.47,73.08,2013,1),
(714,'2023-01-08 02:37:11',43.39,57.85,72.31,2014,1),
(715,'2023-01-08 02:37:11',45.42,60.57,75.71,2015,1),
(716,'2023-01-08 02:37:11',43.71,58.28,72.85,2016,1),
(717,'2023-01-08 02:37:11',33.36,44.48,55.60,2017,1),
(718,'2023-01-08 02:37:11',38.08,50.78,63.47,2018,1),
(719,'2023-01-08 02:37:11',43.40,57.87,72.34,2019,1),
(720,'2023-01-08 02:37:11',56.90,75.87,94.84,2020,1),
(721,'2023-01-08 02:37:11',45.64,60.85,76.06,2021,1),
(722,'2023-01-08 02:37:11',44.32,59.10,73.87,2022,1),
(723,'2023-01-08 02:37:11',35.30,47.07,58.83,2023,1),
(724,'2023-01-08 02:37:11',47.08,62.78,78.47,2024,1),
(725,'2023-01-08 02:37:11',38.67,51.57,64.46,2025,1),
(726,'2023-01-08 02:37:11',53.30,71.07,88.84,2026,1),
(727,'2023-01-08 02:37:11',44.13,58.85,73.56,2027,1),
(728,'2023-01-08 02:37:11',57.43,76.58,95.72,2028,1),
(729,'2023-01-08 02:37:11',58.20,77.60,97.00,2029,1),
(730,'2023-01-08 02:37:11',38.44,51.25,64.06,2030,1),
(731,'2023-01-08 02:37:11',45.65,60.87,76.08,2031,1),
(732,'2023-01-08 02:37:11',58.48,77.97,97.46,2032,1),
(733,'2023-01-08 02:37:11',50.42,67.23,84.04,2033,1),
(734,'2023-01-08 02:37:11',47.25,63.00,78.75,2034,1),
(735,'2023-01-08 02:37:11',52.65,70.20,87.75,2035,1),
(736,'2023-01-08 02:37:11',69.04,92.05,115.06,2036,1),
(737,'2023-01-08 02:37:11',51.05,68.07,85.08,2037,1),
(738,'2023-01-08 02:37:11',53.16,70.88,88.60,2038,1),
(739,'2023-01-08 02:37:11',49.92,66.57,83.21,2039,1),
(740,'2023-01-08 02:37:11',36.20,48.27,60.33,2040,1),
(741,'2023-01-08 02:37:11',50.38,67.17,83.96,2041,1),
(742,'2023-01-08 02:37:11',53.48,71.30,89.12,2042,1),
(743,'2023-01-08 02:37:11',52.18,69.57,86.96,2043,1),
(744,'2023-01-08 02:37:11',42.05,56.07,70.09,2044,1),
(745,'2023-01-08 02:37:11',34.20,45.60,57.00,2045,1),
(746,'2023-01-08 02:37:11',65.00,86.67,108.33,2046,1),
(747,'2023-01-08 02:37:11',43.17,57.57,71.96,2047,1),
(748,'2023-01-08 02:37:11',38.90,51.87,64.83,2048,1),
(749,'2023-01-08 02:37:11',40.11,53.48,66.85,2049,1),
(750,'2023-01-08 02:37:11',51.23,68.30,85.38,2050,1),
(751,'2023-01-08 02:37:11',37.55,50.07,62.58,2051,1),
(752,'2023-01-08 02:37:11',48.35,64.47,80.58,2052,1),
(753,'2023-01-08 02:37:11',40.70,54.27,67.84,2053,1),
(754,'2023-01-08 02:37:11',56.47,75.30,94.12,2054,1),
(755,'2023-01-08 02:37:11',37.18,49.58,61.97,2055,1),
(756,'2023-01-08 02:37:11',46.37,61.83,77.29,2056,1),
(757,'2023-01-08 02:37:11',49.48,65.97,82.46,2057,1),
(758,'2023-01-08 02:37:11',67.47,89.97,112.46,2058,1),
(759,'2023-01-08 02:37:11',55.77,74.37,92.96,2059,1),
(760,'2023-01-08 02:37:11',36.20,48.27,60.33,2060,1),
(761,'2023-01-08 02:37:11',48.63,64.85,81.06,2061,1),
(762,'2023-01-08 02:37:11',50.17,66.90,83.62,2062,1),
(763,'2023-01-08 02:37:11',39.23,52.31,65.39,2063,1),
(764,'2023-01-08 02:37:11',40.02,53.37,66.71,2064,1),
(765,'2023-01-08 02:37:11',58.25,77.67,97.08,2065,1),
(766,'2023-01-08 02:37:11',46.66,62.21,77.76,2066,1),
(767,'2023-01-08 02:37:11',37.38,49.83,62.29,2067,1),
(768,'2023-01-08 02:37:11',45.65,60.87,76.09,2068,1),
(769,'2023-01-08 02:37:11',37.35,49.80,62.25,2069,1),
(770,'2023-01-08 02:37:11',57.63,76.85,96.06,2070,1),
(771,'2023-01-08 02:37:11',31.56,42.08,52.60,2071,1),
(772,'2023-01-08 02:37:11',50.23,66.98,83.72,2072,1),
(773,'2023-01-08 02:37:11',42.13,56.18,70.22,2073,1),
(774,'2023-01-08 02:37:11',37.57,50.10,62.62,2074,1),
(775,'2023-01-08 02:37:11',38.57,51.42,64.28,2075,1),
(776,'2023-01-08 02:37:11',42.05,56.07,70.09,2076,1),
(777,'2023-01-08 02:37:11',44.98,59.97,74.96,2077,1),
(778,'2023-01-08 02:37:11',48.41,64.55,80.68,2078,1),
(779,'2023-01-08 02:37:11',36.98,49.31,61.64,2079,1),
(780,'2023-01-08 02:37:11',43.18,57.57,71.96,2080,1),
(781,'2023-01-08 02:37:11',49.30,65.73,82.16,2081,1),
(782,'2023-01-08 02:37:11',62.98,83.97,104.96,2082,1),
(783,'2023-01-08 02:37:11',36.00,48.00,60.00,2083,1),
(784,'2023-01-08 02:37:11',62.98,83.97,104.96,2084,1),
(785,'2023-01-08 02:37:11',61.63,82.17,102.71,2085,1),
(786,'2023-01-08 02:37:11',42.78,57.05,71.31,2086,1),
(787,'2023-01-08 02:37:11',37.05,49.40,61.75,2087,1),
(788,'2023-01-08 02:37:11',38.31,51.08,63.85,2088,1),
(789,'2023-01-08 02:37:11',53.52,71.37,89.21,2089,1),
(790,'2023-01-08 02:37:11',47.33,63.11,78.89,2090,1),
(791,'2023-01-08 02:37:11',39.15,52.20,65.25,2091,1),
(792,'2023-01-08 02:37:11',42.10,56.13,70.16,2092,1),
(793,'2023-01-08 02:37:11',47.06,62.75,78.43,2093,1),
(794,'2023-01-08 02:37:11',61.87,82.50,103.12,2094,1),
(795,'2023-01-08 02:37:11',45.26,60.35,75.43,2095,1),
(796,'2023-01-08 02:37:11',43.01,57.35,71.68,2096,1),
(797,'2023-01-08 02:37:11',67.03,89.37,111.71,2097,1),
(798,'2023-01-08 02:37:11',34.85,46.47,58.09,2098,1),
(799,'2023-01-08 02:37:11',49.78,66.38,82.97,2099,1),
(800,'2023-01-08 02:37:11',34.40,45.87,57.33,2100,1),
(801,'2023-01-08 02:37:11',36.26,48.35,60.43,2101,1),
(802,'2023-01-08 02:37:11',47.66,63.55,79.44,2102,1),
(803,'2023-01-08 02:37:11',63.93,85.25,106.56,2103,1),
(804,'2023-01-08 02:37:11',42.95,57.27,71.58,2104,1),
(805,'2023-01-08 02:37:11',29.70,39.60,49.50,2105,1),
(806,'2023-01-08 02:37:11',43.46,57.95,72.43,2106,1),
(807,'2023-01-08 02:37:11',36.28,48.38,60.47,2107,1),
(808,'2023-01-08 02:37:11',54.67,72.90,91.12,2108,1),
(809,'2023-01-08 02:37:11',33.83,45.11,56.39,2109,1),
(810,'2023-01-08 02:37:11',52.01,69.35,86.68,2110,1),
(811,'2023-01-08 02:37:11',31.69,42.25,52.81,2111,1),
(812,'2023-01-08 02:37:11',46.18,61.58,76.97,2112,1),
(813,'2023-01-08 02:37:11',47.53,63.38,79.22,2113,1),
(814,'2023-01-08 02:37:11',52.62,70.17,87.71,2114,1),
(815,'2023-01-08 02:37:11',50.60,67.47,84.34,2115,1),
(816,'2023-01-08 02:37:11',53.18,70.91,88.64,2116,1),
(817,'2023-01-08 02:37:11',36.88,49.17,61.46,2117,1),
(818,'2023-01-08 02:37:11',37.86,50.48,63.10,2118,1),
(819,'2023-01-08 02:37:11',43.93,58.58,73.22,2119,1),
(820,'2023-01-08 02:37:11',58.98,78.65,98.31,2120,1),
(821,'2023-01-08 02:37:11',46.83,62.45,78.06,2121,1),
(822,'2023-01-08 02:37:11',56.47,75.30,94.12,2122,1),
(823,'2023-01-08 02:37:11',55.16,73.55,91.93,2123,1),
(824,'2023-01-08 02:37:11',28.10,37.47,46.84,2124,1),
(825,'2023-01-08 02:37:11',37.10,49.47,61.83,2125,1),
(826,'2023-01-08 02:37:11',43.62,58.17,72.71,2126,1),
(827,'2023-01-08 02:37:11',62.98,83.97,104.96,2127,1),
(828,'2023-01-08 02:37:11',36.43,48.57,60.71,2128,1),
(829,'2023-01-08 02:37:11',47.23,62.97,78.71,2129,1),
(830,'2023-01-08 02:37:11',33.95,45.27,56.58,2130,1),
(831,'2023-01-08 02:37:11',46.44,61.92,77.41,2131,1),
(832,'2023-01-08 02:37:11',62.53,83.37,104.21,2132,1),
(833,'2023-01-08 02:37:11',49.78,66.38,82.97,2133,1),
(834,'2023-01-08 02:37:11',53.75,71.67,89.59,2134,1),
(835,'2023-01-08 02:37:11',50.38,67.17,83.96,2135,1),
(836,'2023-01-08 02:37:11',32.21,42.95,53.68,2136,1),
(837,'2023-01-08 02:37:11',45.26,60.35,75.43,2137,1),
(838,'2023-01-08 02:37:11',45.96,61.28,76.60,2138,1),
(839,'2023-01-08 02:37:11',51.27,68.37,85.46,2139,1),
(840,'2023-01-08 02:37:11',49.72,66.30,82.87,2140,1),
(841,'2023-01-08 02:37:11',29.53,39.38,49.22,2141,1),
(842,'2023-01-08 02:37:11',57.80,77.07,96.34,2142,1),
(843,'2023-01-08 02:37:11',57.13,76.17,95.21,2143,1),
(844,'2023-01-08 02:37:11',48.35,64.47,80.59,2144,1),
(845,'2023-01-08 02:37:11',42.28,56.37,70.46,2145,1),
(846,'2023-01-08 02:37:11',54.88,73.17,91.46,2146,1),
(847,'2023-01-08 02:37:12',54.83,73.10,91.38,2147,1),
(848,'2023-01-08 02:37:12',63.88,85.17,106.46,2148,1),
(849,'2023-01-08 02:37:12',54.02,72.03,90.04,2149,1),
(850,'2023-01-08 02:37:12',39.37,52.50,65.62,2150,1),
(851,'2023-01-08 02:37:12',43.40,57.87,72.33,2151,1),
(852,'2023-01-08 02:37:12',35.83,47.78,59.72,2152,1),
(853,'2023-01-08 02:37:12',47.67,63.57,79.46,2153,1),
(854,'2023-01-08 02:37:12',32.60,43.47,54.33,2154,1),
(855,'2023-01-08 02:37:12',45.90,61.20,76.50,2155,1),
(856,'2023-01-08 02:37:12',46.78,62.37,77.96,2156,1),
(857,'2023-01-08 02:37:12',54.48,72.65,90.81,2157,1),
(858,'2023-01-08 02:37:12',47.05,62.73,78.42,2158,1),
(859,'2023-01-08 02:37:12',42.30,56.40,70.50,2159,1),
(860,'2023-01-08 02:37:12',48.82,65.10,81.37,2160,1),
(861,'2023-01-08 02:37:12',36.43,48.57,60.71,2161,1),
(862,'2023-01-08 02:37:12',41.87,55.83,69.79,2162,1),
(863,'2023-01-08 02:37:12',37.82,50.43,63.04,2163,1),
(864,'2023-01-08 02:37:12',44.75,59.67,74.59,2164,1),
(865,'2023-01-08 02:37:12',48.68,64.91,81.14,2165,1),
(866,'2023-01-08 02:37:12',58.11,77.48,96.85,2166,1),
(867,'2023-01-08 02:37:12',45.06,60.08,75.10,2167,1),
(868,'2023-01-08 02:37:12',43.87,58.50,73.12,2168,1),
(869,'2023-01-08 02:37:12',58.48,77.97,97.46,2169,1),
(870,'2023-01-08 02:37:12',41.71,55.61,69.51,2170,1),
(871,'2023-01-08 02:37:12',38.50,51.33,64.17,2171,1),
(872,'2023-01-08 02:37:12',46.77,62.37,77.96,2172,1),
(873,'2023-01-08 02:37:12',38.31,51.08,63.85,2173,1),
(874,'2023-01-08 02:37:12',46.55,62.07,77.58,2174,1),
(875,'2023-01-08 02:37:12',53.30,71.07,88.83,2175,1),
(876,'2023-01-08 02:37:12',44.98,59.97,74.96,2176,1),
(877,'2023-01-08 02:37:12',43.23,57.65,72.06,2177,1),
(878,'2023-01-08 02:37:12',48.66,64.88,81.10,2178,1),
(879,'2023-01-08 02:37:12',50.62,67.50,84.37,2179,1),
(880,'2023-01-08 02:37:12',53.75,71.67,89.58,2180,1),
(881,'2023-01-08 02:37:12',34.26,45.68,57.10,2181,1),
(882,'2023-01-08 02:37:12',27.51,36.68,45.85,2182,1),
(883,'2023-01-08 02:37:12',48.62,64.83,81.04,2183,1),
(884,'2023-01-08 02:37:12',38.45,51.27,64.08,2184,1),
(885,'2023-01-08 02:37:12',51.75,69.00,86.25,2185,1),
(886,'2023-01-08 02:37:12',49.53,66.05,82.56,2186,1),
(887,'2023-01-08 02:37:12',55.86,74.48,93.10,2187,1),
(888,'2023-01-08 02:37:12',55.33,73.77,92.21,2188,1),
(889,'2023-01-08 02:37:12',36.32,48.42,60.53,2189,1),
(890,'2023-01-08 02:37:12',49.92,66.57,83.21,2190,1),
(891,'2023-01-08 02:37:12',42.27,56.37,70.46,2191,1),
(892,'2023-01-08 02:37:12',49.48,65.97,82.46,2192,1),
(893,'2023-01-08 02:37:12',53.13,70.85,88.56,2193,1),
(894,'2023-01-08 02:37:12',52.85,70.47,88.08,2194,1),
(895,'2023-01-08 02:37:12',53.30,71.07,88.84,2195,1),
(896,'2023-01-08 02:37:12',37.50,50.00,62.50,2196,1),
(897,'2023-01-08 02:37:12',57.58,76.77,95.96,2197,1),
(898,'2023-01-08 02:37:12',38.25,51.00,63.75,2198,1),
(899,'2023-01-08 02:37:12',54.06,72.08,90.10,2199,1),
(900,'2023-01-08 02:37:12',46.60,62.13,77.67,2200,1),
(901,'2023-01-08 02:37:12',38.23,50.97,63.71,2201,1),
(902,'2023-01-08 02:37:12',34.18,45.57,56.96,2202,1),
(903,'2023-01-08 02:37:12',28.82,38.43,48.04,2203,1),
(904,'2023-01-08 02:37:12',28.33,37.77,47.21,2204,1),
(905,'2023-01-08 02:37:12',52.45,69.93,87.42,2205,1),
(906,'2023-01-08 02:37:12',38.90,51.87,64.83,2206,1),
(907,'2023-01-08 02:37:12',47.67,63.57,79.46,2207,1),
(908,'2023-01-08 02:37:12',43.62,58.17,72.71,2208,1),
(909,'2023-01-08 02:37:12',44.87,59.83,74.78,2209,1),
(910,'2023-01-08 02:37:12',50.83,67.77,84.71,2210,1),
(911,'2023-01-08 02:37:12',57.37,76.50,95.62,2211,1),
(912,'2023-01-08 02:37:12',43.23,57.65,72.06,2212,1),
(913,'2023-01-08 02:37:12',59.66,79.55,99.43,2213,1),
(914,'2023-01-08 02:37:12',48.41,64.55,80.68,2214,1),
(915,'2023-01-08 02:37:12',36.00,48.00,60.00,2215,1),
(916,'2023-01-08 02:37:12',48.63,64.85,81.06,2216,1),
(917,'2023-01-08 02:37:12',63.93,85.25,106.56,2217,1),
(918,'2023-01-08 02:37:12',38.28,51.05,63.81,2218,1),
(919,'2023-01-08 02:37:12',49.48,65.97,82.46,2219,1),
(920,'2023-01-08 02:37:12',53.58,71.45,89.31,2220,1),
(921,'2023-01-08 02:37:12',42.75,57.00,71.25,2221,1),
(922,'2023-01-08 02:37:12',32.60,43.47,54.33,2222,1),
(923,'2023-01-08 02:37:12',52.00,69.33,86.66,2223,1),
(924,'2023-01-08 02:37:12',35.98,47.97,59.96,2224,1),
(925,'2023-01-08 02:37:12',46.18,61.58,76.97,2225,1),
(926,'2023-01-08 02:37:12',43.85,58.47,73.08,2226,1),
(927,'2023-01-08 02:37:12',49.95,66.60,83.25,2227,1),
(928,'2023-01-08 02:37:12',57.58,76.77,95.96,2228,1),
(929,'2023-01-08 02:37:12',42.81,57.08,71.35,2229,1),
(930,'2023-01-08 02:37:12',39.62,52.83,66.04,2230,1),
(931,'2023-01-08 02:37:12',35.32,47.10,58.87,2231,1),
(932,'2023-01-08 02:37:12',49.52,66.03,82.54,2232,1),
(933,'2023-01-08 02:37:12',50.38,67.17,83.96,2233,1),
(934,'2023-01-08 02:37:12',44.58,59.43,74.29,2234,1),
(935,'2023-01-08 02:37:12',35.55,47.40,59.25,2235,1),
(936,'2023-01-08 02:37:12',53.35,71.13,88.92,2236,1),
(937,'2023-01-08 02:37:12',39.86,53.15,66.43,2237,1),
(938,'2023-01-08 02:37:12',47.67,63.57,79.46,2238,1),
(939,'2023-01-08 02:37:12',52.67,70.23,87.79,2239,1),
(940,'2023-01-08 02:37:12',36.73,48.98,61.22,2240,1),
(941,'2023-01-08 02:37:12',48.01,64.01,80.01,2241,1),
(942,'2023-01-08 02:37:12',35.98,47.97,59.96,2242,1),
(943,'2023-01-08 02:37:12',52.71,70.28,87.85,2243,1),
(944,'2023-01-08 02:37:12',45.65,60.87,76.09,2244,1),
(945,'2023-01-08 02:37:12',42.13,56.18,70.22,2245,1),
(946,'2023-01-08 02:37:12',45.65,60.87,76.09,2246,1),
(947,'2023-01-08 02:37:12',37.18,49.58,61.97,2247,1),
(948,'2023-01-08 02:37:12',40.46,53.95,67.44,2248,1),
(949,'2023-01-08 02:37:12',62.75,83.67,104.58,2249,1),
(950,'2023-01-08 02:37:12',46.55,62.07,77.58,2250,1),
(951,'2023-01-08 02:37:12',44.35,59.13,73.91,2251,1),
(952,'2023-01-08 02:37:12',39.13,52.17,65.21,2252,1),
(953,'2023-01-08 02:37:12',47.96,63.95,79.93,2253,1),
(954,'2023-01-08 02:37:12',45.22,60.30,75.37,2254,1),
(955,'2023-01-08 02:37:12',38.23,50.97,63.71,2255,1),
(956,'2023-01-08 02:37:12',46.10,61.47,76.83,2256,1),
(957,'2023-01-08 02:37:12',37.80,50.40,63.00,2257,1),
(958,'2023-01-08 02:37:12',61.22,81.63,102.04,2258,1),
(959,'2023-01-08 02:37:12',28.55,38.07,47.58,2259,1),
(960,'2023-01-08 02:37:12',48.37,64.50,80.62,2260,1),
(961,'2023-01-08 02:37:12',44.38,59.18,73.97,2261,1),
(962,'2023-01-08 02:37:12',42.17,56.23,70.28,2262,1),
(963,'2023-01-08 02:37:12',46.89,62.52,78.16,2263,1),
(964,'2023-01-08 02:37:12',58.72,78.30,97.87,2264,1),
(965,'2023-01-08 02:37:12',34.85,46.47,58.09,2265,1),
(966,'2023-01-08 02:37:12',32.91,43.88,54.85,2266,1),
(967,'2023-01-08 02:37:12',38.00,50.67,63.33,2267,1),
(968,'2023-01-08 02:37:12',58.48,77.97,97.46,2268,1),
(969,'2023-01-08 02:37:12',43.58,58.10,72.62,2269,1),
(970,'2023-01-08 02:37:12',45.19,60.25,75.31,2270,1),
(971,'2023-01-08 02:37:12',46.78,62.37,77.96,2271,1),
(972,'2023-01-08 02:37:12',31.75,42.33,52.91,2272,1),
(973,'2023-01-08 02:37:12',46.12,61.50,76.87,2273,1),
(974,'2023-01-08 02:37:12',64.86,86.48,108.10,2274,1),
(975,'2023-01-08 02:37:12',31.36,41.81,52.26,2275,1),
(976,'2023-01-08 02:37:12',37.78,50.37,62.96,2276,1),
(977,'2023-01-08 02:37:12',30.35,40.47,50.58,2277,1),
(978,'2023-01-08 02:37:12',27.65,36.87,46.08,2278,1),
(979,'2023-01-08 02:37:12',50.04,66.72,83.41,2279,1),
(980,'2023-01-08 02:37:12',28.83,38.45,48.06,2280,1),
(981,'2023-01-08 02:37:12',65.95,87.93,109.92,2281,1),
(982,'2023-01-08 02:37:12',45.48,60.65,75.81,2282,1),
(983,'2023-01-08 02:37:12',47.70,63.60,79.50,2283,1),
(984,'2023-01-08 02:37:12',50.26,67.01,83.76,2284,1),
(985,'2023-01-08 02:37:12',62.36,83.15,103.93,2285,1),
(986,'2023-01-08 02:37:12',50.10,66.80,83.50,2286,1),
(987,'2023-01-08 02:37:12',49.13,65.51,81.89,2287,1),
(988,'2023-01-08 02:37:12',41.65,55.53,69.41,2288,1),
(989,'2023-01-08 02:37:12',36.20,48.27,60.34,2289,1),
(990,'2023-01-08 02:37:12',42.75,57.00,71.25,2290,1),
(991,'2023-01-08 02:37:12',45.42,60.57,75.71,2291,1),
(992,'2023-01-08 02:37:12',29.90,39.87,49.83,2292,1),
(993,'2023-01-08 02:37:12',44.30,59.07,73.84,2293,1),
(994,'2023-01-08 02:37:12',53.13,70.85,88.56,2294,1),
(995,'2023-01-08 02:37:12',38.47,51.30,64.12,2295,1),
(996,'2023-01-08 02:37:12',54.48,72.65,90.81,2296,1),
(997,'2023-01-08 02:37:12',32.43,43.25,54.06,2297,1),
(998,'2023-01-08 02:37:12',62.53,83.37,104.21,2298,1),
(999,'2023-01-08 02:37:12',35.08,46.77,58.46,2299,1),
(1000,'2023-01-08 02:37:12',41.43,55.25,69.06,2300,1),
(1001,'2023-01-08 02:37:12',55.50,74.00,92.50,2301,1),
(1002,'2023-01-08 02:37:12',63.20,84.27,105.34,2302,1),
(1003,'2023-01-08 02:37:12',54.43,72.57,90.71,2303,1),
(1004,'2023-01-08 02:37:12',49.08,65.45,81.81,2304,1),
(1005,'2023-01-08 02:37:12',36.71,48.95,61.18,2305,1),
(1006,'2023-01-08 02:37:12',55.57,74.10,92.62,2306,1),
(1007,'2023-01-08 02:37:12',49.25,65.67,82.09,2307,1),
(1008,'2023-01-08 02:37:12',43.80,58.40,73.00,2308,1),
(1009,'2023-01-08 02:37:12',43.23,57.65,72.06,2309,1),
(1010,'2023-01-08 02:37:12',30.75,41.00,51.25,2310,1),
(1011,'2023-01-08 02:37:12',55.77,74.37,92.96,2311,1),
(1012,'2023-01-08 02:37:12',50.83,67.77,84.71,2312,1),
(1013,'2023-01-08 02:37:12',42.32,56.43,70.54,2313,1),
(1014,'2023-01-08 02:37:12',48.43,64.58,80.72,2314,1),
(1015,'2023-01-08 02:37:12',63.88,85.17,106.46,2315,1),
(1016,'2023-01-08 02:37:12',36.71,48.95,61.18,2316,1),
(1017,'2023-01-08 02:37:12',50.38,67.17,83.96,2317,1),
(1018,'2023-01-08 02:37:12',47.45,63.27,79.08,2318,1),
(1019,'2023-01-08 02:37:12',44.38,59.18,73.97,2319,1),
(1020,'2023-01-08 02:37:12',53.30,71.07,88.84,2320,1),
(1021,'2023-01-08 02:37:12',43.40,57.87,72.33,2321,1),
(1022,'2023-01-08 02:37:12',61.68,82.25,102.81,2322,1),
(1023,'2023-01-08 02:37:12',45.88,61.17,76.46,2323,1),
(1024,'2023-01-08 02:37:12',62.53,83.37,104.21,2324,1),
(1025,'2023-01-08 02:37:12',42.95,57.27,71.59,2325,1),
(1026,'2023-01-08 02:37:12',48.66,64.88,81.10,2326,1),
(1027,'2023-01-08 02:37:12',31.02,41.37,51.71,2327,1),
(1028,'2023-01-08 02:37:12',35.30,47.07,58.84,2328,1),
(1029,'2023-01-08 02:37:12',62.75,83.67,104.58,2329,1),
(1030,'2023-01-08 02:37:12',37.33,49.77,62.21,2330,1),
(1031,'2023-01-08 02:37:12',45.65,60.87,76.09,2331,1),
(1032,'2023-01-08 02:37:12',49.76,66.35,82.93,2332,1),
(1033,'2023-01-08 02:37:12',62.53,83.37,104.21,2333,1),
(1034,'2023-01-08 02:37:12',36.73,48.98,61.22,2334,1),
(1035,'2023-01-08 02:37:12',50.66,67.55,84.43,2335,1),
(1036,'2023-01-08 02:37:12',36.22,48.30,60.37,2336,1),
(1037,'2023-01-08 02:37:12',34.65,46.20,57.75,2337,1),
(1038,'2023-01-08 02:37:12',41.72,55.62,69.53,2338,1),
(1039,'2023-01-08 02:37:12',39.80,53.07,66.33,2339,1),
(1040,'2023-01-08 02:37:12',36.71,48.95,61.18,2340,1),
(1041,'2023-01-08 02:37:12',53.53,71.37,89.21,2341,1),
(1042,'2023-01-08 02:37:12',56.76,75.68,94.60,2342,1),
(1043,'2023-01-08 02:37:12',36.98,49.31,61.64,2343,1),
(1044,'2023-01-08 02:37:12',39.82,53.10,66.37,2344,1),
(1045,'2023-01-08 02:37:12',50.83,67.77,84.71,2345,1),
(1046,'2023-01-08 02:37:12',34.97,46.62,58.28,2346,1),
(1047,'2023-01-08 02:37:12',43.17,57.57,71.96,2347,1),
(1048,'2023-01-08 02:37:12',51.75,69.00,86.25,2348,1),
(1049,'2023-01-08 02:37:12',40.72,54.30,67.87,2349,1),
(1050,'2023-01-08 02:37:12',46.10,61.47,76.83,2350,1),
(1051,'2023-01-08 02:37:12',61.46,81.95,102.43,2351,1),
(1052,'2023-01-08 02:37:12',52.91,70.55,88.18,2352,1),
(1053,'2023-01-08 02:37:12',43.17,57.57,71.96,2353,1),
(1054,'2023-01-08 02:37:12',49.48,65.97,82.46,2354,1),
(1055,'2023-01-08 02:37:13',34.48,45.98,57.47,2355,1),
(1056,'2023-01-08 02:37:13',44.35,59.13,73.91,2356,1),
(1057,'2023-01-08 02:37:13',49.25,65.67,82.08,2357,1),
(1058,'2023-01-08 02:37:13',54.43,72.57,90.71,2358,1),
(1059,'2023-01-08 02:37:13',36.93,49.25,61.56,2359,1),
(1060,'2023-01-08 02:37:13',33.95,45.27,56.59,2360,1),
(1061,'2023-01-08 02:37:13',38.47,51.30,64.12,2361,1),
(1062,'2023-01-08 02:37:13',44.64,59.52,74.41,2362,1),
(1063,'2023-01-08 02:37:13',29.90,39.87,49.83,2363,1),
(1064,'2023-01-08 02:37:13',39.13,52.17,65.21,2364,1),
(1065,'2023-01-08 02:37:13',51.05,68.07,85.08,2365,1),
(1066,'2023-01-08 02:37:13',37.82,50.43,63.04,2366,1),
(1067,'2023-01-08 02:37:13',66.62,88.83,111.04,2367,1),
(1068,'2023-01-08 02:37:13',54.88,73.17,91.46,2368,1),
(1069,'2023-01-08 02:37:13',46.55,62.07,77.58,2369,1),
(1070,'2023-01-08 02:37:13',45.20,60.27,75.33,2370,1),
(1071,'2023-01-08 02:37:13',32.23,42.98,53.72,2371,1),
(1072,'2023-01-08 02:37:13',57.63,76.85,96.06,2372,1),
(1073,'2023-01-08 02:37:13',46.83,62.45,78.06,2373,1),
(1074,'2023-01-08 02:37:13',43.46,57.95,72.43,2374,1),
(1075,'2023-01-08 02:37:13',39.79,53.05,66.31,2375,1),
(1076,'2023-01-08 02:37:13',37.60,50.13,62.67,2376,1),
(1077,'2023-01-08 02:37:13',42.56,56.75,70.93,2377,1),
(1078,'2023-01-08 02:37:13',47.00,62.67,78.33,2378,1),
(1079,'2023-01-08 02:37:13',51.28,68.37,85.46,2379,1),
(1080,'2023-01-08 02:37:13',47.67,63.57,79.46,2380,1),
(1081,'2023-01-08 02:37:13',37.55,50.07,62.58,2381,1),
(1082,'2023-01-08 02:37:13',58.53,78.05,97.56,2382,1),
(1083,'2023-01-08 02:37:13',36.48,48.63,60.79,2383,1),
(1084,'2023-01-08 02:37:13',27.51,36.68,45.85,2384,1),
(1085,'2023-01-08 02:37:13',44.98,59.97,74.96,2385,1),
(1086,'2023-01-08 02:37:13',53.98,71.97,89.96,2386,1),
(1087,'2023-01-08 02:37:13',28.57,38.10,47.62,2387,1),
(1088,'2023-01-08 02:37:13',34.67,46.23,57.79,2388,1),
(1089,'2023-01-08 02:37:13',42.71,56.95,71.19,2389,1),
(1090,'2023-01-08 02:37:13',42.95,57.27,71.58,2390,1),
(1091,'2023-01-08 02:37:13',42.39,56.52,70.66,2391,1),
(1092,'2023-01-08 02:37:13',34.65,46.20,57.75,2392,1),
(1093,'2023-01-08 02:37:13',46.73,62.30,77.88,2393,1),
(1094,'2023-01-08 02:37:13',52.63,70.17,87.71,2394,1),
(1095,'2023-01-08 02:37:13',43.62,58.17,72.71,2395,1),
(1096,'2023-01-08 02:37:13',38.23,50.97,63.71,2396,1),
(1097,'2023-01-08 02:37:13',45.26,60.35,75.43,2397,1),
(1098,'2023-01-08 02:37:13',44.80,59.73,74.67,2398,1),
(1099,'2023-01-08 02:37:13',45.43,60.57,75.71,2399,1),
(1100,'2023-01-08 02:37:13',39.37,52.50,65.62,2400,1),
(1101,'2023-01-08 02:37:13',37.33,49.77,62.21,2401,1),
(1102,'2023-01-08 02:38:24',44.38,59.18,73.97,2402,1),
(1103,'2023-01-08 02:38:24',42.30,56.40,70.50,2403,1),
(1104,'2023-01-08 02:38:24',43.28,57.71,72.14,2404,1),
(1105,'2023-01-08 02:38:24',30.11,40.15,50.19,2405,1),
(1106,'2023-01-08 02:38:24',33.07,44.10,55.12,2406,1),
(1107,'2023-01-08 02:38:24',52.87,70.50,88.12,2407,1),
(1108,'2023-01-08 02:38:24',49.30,65.73,82.17,2408,1),
(1109,'2023-01-08 02:38:24',36.51,48.68,60.85,2409,1),
(1110,'2023-01-08 02:38:24',29.31,39.08,48.85,2410,1),
(1111,'2023-01-08 02:38:24',44.48,59.30,74.12,2411,1),
(1112,'2023-01-08 02:38:24',68.38,91.17,113.96,2412,1),
(1113,'2023-01-08 02:38:24',55.78,74.37,92.96,2413,1),
(1114,'2023-01-08 02:38:24',42.73,56.97,71.21,2414,1),
(1115,'2023-01-08 02:38:24',55.12,73.50,91.87,2415,1),
(1116,'2023-01-08 02:38:24',45.20,60.27,75.33,2416,1),
(1117,'2023-01-08 02:38:24',34.74,46.33,57.91,2417,1),
(1118,'2023-01-08 02:38:24',42.73,56.97,71.21,2418,1),
(1119,'2023-01-08 02:38:24',39.11,52.15,65.19,2419,1),
(1120,'2023-01-08 02:38:24',60.78,81.05,101.31,2420,1),
(1121,'2023-01-08 02:38:24',33.11,44.15,55.18,2421,1),
(1122,'2023-01-08 02:38:24',43.62,58.17,72.71,2422,1),
(1123,'2023-01-08 02:38:24',43.17,57.57,71.96,2423,1),
(1124,'2023-01-08 02:38:24',51.04,68.05,85.06,2424,1),
(1125,'2023-01-08 02:38:24',57.80,77.07,96.33,2425,1),
(1126,'2023-01-08 02:38:24',36.73,48.98,61.22,2426,1),
(1127,'2023-01-08 02:38:24',51.28,68.37,85.46,2427,1),
(1128,'2023-01-08 02:38:24',43.51,58.01,72.51,2428,1),
(1129,'2023-01-08 02:38:24',37.50,50.00,62.50,2429,1),
(1130,'2023-01-08 02:38:24',46.35,61.80,77.25,2430,1),
(1131,'2023-01-08 02:38:24',45.20,60.27,75.34,2431,1),
(1132,'2023-01-08 02:38:24',53.52,71.37,89.21,2432,1),
(1133,'2023-01-08 02:38:24',60.30,80.40,100.50,2433,1),
(1134,'2023-01-08 02:38:24',38.44,51.25,64.06,2434,1),
(1135,'2023-01-08 02:38:24',45.20,60.27,75.34,2435,1),
(1136,'2023-01-08 02:38:24',47.25,63.00,78.75,2436,1),
(1137,'2023-01-08 02:38:24',43.85,58.47,73.08,2437,1),
(1138,'2023-01-08 02:38:24',43.62,58.17,72.71,2438,1),
(1139,'2023-01-08 02:38:24',45.26,60.35,75.43,2439,1),
(1140,'2023-01-08 02:38:24',42.61,56.81,71.01,2440,1),
(1141,'2023-01-08 02:38:24',35.75,47.67,59.58,2441,1),
(1142,'2023-01-08 02:38:24',37.55,50.07,62.58,2442,1),
(1143,'2023-01-08 02:38:24',47.06,62.75,78.43,2443,1),
(1144,'2023-01-08 02:38:24',39.17,52.23,65.29,2444,1),
(1145,'2023-01-08 02:38:24',45.60,60.80,76.00,2445,1),
(1146,'2023-01-08 02:38:24',47.50,63.33,79.16,2446,1),
(1147,'2023-01-08 02:38:24',46.33,61.77,77.21,2447,1),
(1148,'2023-01-08 02:38:24',40.76,54.35,67.93,2448,1),
(1149,'2023-01-08 02:38:24',42.17,56.23,70.28,2449,1),
(1150,'2023-01-08 02:38:24',43.00,57.33,71.67,2450,1),
(1151,'2023-01-08 02:38:24',32.15,42.87,53.58,2451,1),
(1152,'2023-01-08 02:38:24',52.18,69.57,86.96,2452,1),
(1153,'2023-01-08 02:38:24',48.58,64.77,80.96,2453,1),
(1154,'2023-01-08 02:38:24',44.61,59.48,74.35,2454,1),
(1155,'2023-01-08 02:38:24',47.28,63.05,78.81,2455,1),
(1156,'2023-01-08 02:38:24',38.45,51.27,64.08,2456,1),
(1157,'2023-01-08 02:38:24',36.03,48.05,60.06,2457,1),
(1158,'2023-01-08 02:38:24',29.08,38.78,48.47,2458,1),
(1159,'2023-01-08 02:38:24',49.78,66.38,82.97,2459,1),
(1160,'2023-01-08 02:38:24',37.33,49.77,62.21,2460,1),
(1161,'2023-01-08 02:38:24',56.45,75.27,94.09,2461,1),
(1162,'2023-01-08 02:38:24',42.73,56.97,71.21,2462,1),
(1163,'2023-01-08 02:38:24',30.01,40.01,50.01,2463,1),
(1164,'2023-01-08 02:38:24',43.63,58.17,72.71,2464,1),
(1165,'2023-01-08 02:38:24',37.99,50.65,63.31,2465,1),
(1166,'2023-01-08 02:38:24',42.13,56.18,70.22,2466,1),
(1167,'2023-01-08 02:38:24',27.77,37.02,46.28,2467,1),
(1168,'2023-01-08 02:38:24',44.80,59.73,74.67,2468,1),
(1169,'2023-01-08 02:38:24',39.35,52.47,65.58,2469,1),
(1170,'2023-01-08 02:38:24',44.38,59.18,73.97,2470,1),
(1171,'2023-01-08 02:38:24',49.48,65.97,82.46,2471,1),
(1172,'2023-01-08 02:38:24',38.98,51.98,64.97,2472,1),
(1173,'2023-01-08 02:38:24',42.27,56.37,70.46,2473,1),
(1174,'2023-01-08 02:38:24',52.23,69.63,87.04,2474,1),
(1175,'2023-01-08 02:38:24',50.65,67.53,84.42,2475,1),
(1176,'2023-01-08 02:38:24',42.33,56.45,70.56,2476,1),
(1177,'2023-01-08 02:38:24',52.46,69.95,87.43,2477,1),
(1178,'2023-01-08 02:38:24',50.38,67.17,83.96,2478,1),
(1179,'2023-01-08 02:38:24',44.25,59.00,73.75,2479,1),
(1180,'2023-01-08 02:38:24',37.55,50.07,62.59,2480,1),
(1181,'2023-01-08 02:38:24',47.78,63.71,79.64,2481,1),
(1182,'2023-01-08 02:38:24',53.75,71.67,89.59,2482,1),
(1183,'2023-01-08 02:38:24',53.48,71.30,89.12,2483,1),
(1184,'2023-01-08 02:38:24',40.48,53.97,67.46,2484,1),
(1185,'2023-01-08 02:38:24',38.53,51.38,64.22,2485,1),
(1186,'2023-01-08 02:38:24',54.20,72.27,90.34,2486,1),
(1187,'2023-01-08 02:38:24',58.76,78.35,97.93,2487,1),
(1188,'2023-01-08 02:38:24',45.43,60.57,75.71,2488,1),
(1189,'2023-01-08 02:38:24',40.50,54.00,67.50,2489,1),
(1190,'2023-01-08 02:38:24',38.85,51.80,64.75,2490,1),
(1191,'2023-01-08 02:38:24',58.98,78.65,98.31,2491,1),
(1192,'2023-01-08 02:38:24',57.35,76.47,95.58,2492,1),
(1193,'2023-01-08 02:38:24',42.77,57.03,71.29,2493,1),
(1194,'2023-01-08 02:38:24',57.62,76.83,96.04,2494,1),
(1195,'2023-01-08 02:38:24',67.27,89.70,112.12,2495,1),
(1196,'2023-01-08 02:38:24',47.90,63.87,79.84,2496,1),
(1197,'2023-01-08 02:38:24',52.90,70.53,88.17,2497,1),
(1198,'2023-01-08 02:38:24',36.90,49.20,61.50,2498,1),
(1199,'2023-01-08 02:38:24',52.85,70.47,88.08,2499,1),
(1200,'2023-01-08 02:38:24',50.15,66.87,83.58,2500,1),
(1201,'2023-01-08 02:38:24',49.25,65.67,82.09,2501,1),
(1202,'2023-01-08 02:38:24',35.35,47.13,58.91,2502,1),
(1203,'2023-01-08 02:38:24',38.96,51.95,64.93,2503,1),
(1204,'2023-01-08 02:38:24',51.30,68.40,85.50,2504,1),
(1205,'2023-01-08 02:38:24',39.35,52.47,65.59,2505,1),
(1206,'2023-01-08 02:38:24',43.63,58.17,72.71,2506,1),
(1207,'2023-01-08 02:38:24',40.31,53.75,67.18,2507,1),
(1208,'2023-01-08 02:38:24',45.06,60.08,75.10,2508,1),
(1209,'2023-01-08 02:38:24',52.84,70.45,88.06,2509,1),
(1210,'2023-01-08 02:38:24',45.65,60.87,76.09,2510,1),
(1211,'2023-01-08 02:38:24',49.05,65.40,81.75,2511,1),
(1212,'2023-01-08 02:38:24',43.85,58.47,73.08,2512,1),
(1213,'2023-01-08 02:38:24',38.06,50.75,63.43,2513,1),
(1214,'2023-01-08 02:38:24',55.82,74.43,93.04,2514,1),
(1215,'2023-01-08 02:38:24',51.81,69.08,86.35,2515,1),
(1216,'2023-01-08 02:38:24',51.30,68.40,85.50,2516,1),
(1217,'2023-01-08 02:38:24',43.22,57.63,72.04,2517,1),
(1218,'2023-01-08 02:38:24',41.91,55.88,69.85,2518,1),
(1219,'2023-01-08 02:38:24',51.90,69.20,86.50,2519,1),
(1220,'2023-01-08 02:38:24',60.95,81.27,101.59,2520,1),
(1221,'2023-01-08 02:38:24',35.98,47.97,59.96,2521,1),
(1222,'2023-01-08 02:38:24',46.10,61.47,76.83,2522,1),
(1223,'2023-01-08 02:38:24',61.93,82.58,103.22,2523,1),
(1224,'2023-01-08 02:38:24',45.71,60.95,76.18,2524,1),
(1225,'2023-01-08 02:38:24',38.95,51.93,64.91,2525,1),
(1226,'2023-01-08 02:38:24',45.93,61.25,76.56,2526,1),
(1227,'2023-01-08 02:38:24',38.00,50.67,63.33,2527,1),
(1228,'2023-01-08 02:38:24',51.05,68.07,85.08,2528,1),
(1229,'2023-01-08 02:38:24',27.65,36.87,46.08,2529,1),
(1230,'2023-01-08 02:38:24',35.36,47.15,58.93,2530,1),
(1231,'2023-01-08 02:38:24',38.00,50.67,63.33,2531,1),
(1232,'2023-01-08 02:38:24',60.50,80.67,100.83,2532,1),
(1233,'2023-01-08 02:38:24',43.80,58.40,73.00,2533,1),
(1234,'2023-01-08 02:38:24',35.53,47.37,59.21,2534,1),
(1235,'2023-01-08 02:38:24',57.63,76.85,96.06,2535,1),
(1236,'2023-01-08 02:38:24',48.21,64.28,80.35,2536,1),
(1237,'2023-01-08 02:38:24',52.01,69.35,86.68,2537,1),
(1238,'2023-01-08 02:38:24',39.35,52.47,65.58,2538,1),
(1239,'2023-01-08 02:38:24',29.34,39.12,48.91,2539,1),
(1240,'2023-01-08 02:38:24',44.30,59.07,73.83,2540,1),
(1241,'2023-01-08 02:38:24',47.67,63.57,79.46,2541,1),
(1242,'2023-01-08 02:38:24',39.58,52.77,65.96,2542,1),
(1243,'2023-01-08 02:38:24',53.08,70.77,88.46,2543,1),
(1244,'2023-01-08 02:38:24',57.62,76.83,96.04,2544,1),
(1245,'2023-01-08 02:38:24',28.83,38.45,48.06,2545,1),
(1246,'2023-01-08 02:38:24',46.83,62.45,78.06,2546,1),
(1247,'2023-01-08 02:38:24',61.93,82.58,103.22,2547,1),
(1248,'2023-01-08 02:38:24',40.25,53.67,67.09,2548,1),
(1249,'2023-01-08 02:38:24',55.33,73.77,92.21,2549,1),
(1250,'2023-01-08 02:38:24',62.53,83.37,104.21,2550,1),
(1251,'2023-01-08 02:38:24',28.43,37.91,47.39,2551,1),
(1252,'2023-01-08 02:38:24',47.96,63.95,79.93,2552,1),
(1253,'2023-01-08 02:38:25',54.67,72.90,91.12,2553,1),
(1254,'2023-01-08 02:38:25',47.23,62.97,78.71,2554,1),
(1255,'2023-01-08 02:38:25',41.91,55.88,69.85,2555,1),
(1256,'2023-01-08 02:38:25',28.77,38.37,47.96,2556,1),
(1257,'2023-01-08 02:38:25',45.83,61.10,76.38,2557,1),
(1258,'2023-01-08 02:38:25',49.33,65.78,82.22,2558,1),
(1259,'2023-01-08 02:38:25',53.13,70.85,88.56,2559,1),
(1260,'2023-01-08 02:38:25',37.15,49.53,61.91,2560,1),
(1261,'2023-01-08 02:38:25',43.63,58.17,72.71,2561,1),
(1262,'2023-01-08 02:38:25',38.85,51.80,64.75,2562,1),
(1263,'2023-01-08 02:38:25',49.70,66.27,82.84,2563,1),
(1264,'2023-01-08 02:38:25',54.67,72.90,91.12,2564,1),
(1265,'2023-01-08 02:38:25',49.70,66.27,82.83,2565,1),
(1266,'2023-01-08 02:38:25',45.02,60.03,75.04,2566,1),
(1267,'2023-01-08 02:38:25',47.08,62.78,78.47,2567,1),
(1268,'2023-01-08 02:38:25',38.76,51.68,64.60,2568,1),
(1269,'2023-01-08 02:38:25',36.90,49.20,61.50,2569,1),
(1270,'2023-01-08 02:38:25',28.16,37.55,46.93,2570,1),
(1271,'2023-01-08 02:38:25',31.98,42.63,53.29,2571,1),
(1272,'2023-01-08 02:38:25',46.61,62.15,77.68,2572,1),
(1273,'2023-01-08 02:38:25',54.45,72.60,90.75,2573,1),
(1274,'2023-01-08 02:38:25',54.08,72.11,90.14,2574,1),
(1275,'2023-01-08 02:38:25',47.67,63.57,79.46,2575,1),
(1276,'2023-01-08 02:38:25',39.58,52.77,65.96,2576,1),
(1277,'2023-01-08 02:38:25',46.10,61.47,76.83,2577,1),
(1278,'2023-01-08 02:38:25',42.73,56.97,71.21,2578,1),
(1279,'2023-01-08 02:38:25',57.35,76.47,95.58,2579,1),
(1280,'2023-01-08 02:38:25',34.63,46.17,57.71,2580,1),
(1281,'2023-01-08 02:38:25',51.04,68.05,85.06,2581,1),
(1282,'2023-01-08 02:38:25',34.42,45.90,57.37,2582,1),
(1283,'2023-01-08 02:38:25',44.38,59.18,73.97,2583,1),
(1284,'2023-01-08 02:38:25',51.45,68.60,85.75,2584,1),
(1285,'2023-01-08 02:38:25',29.40,39.20,49.00,2585,1),
(1286,'2023-01-08 02:38:25',45.20,60.27,75.33,2586,1),
(1287,'2023-01-08 02:38:25',47.27,63.03,78.79,2587,1),
(1288,'2023-01-08 02:38:25',58.36,77.81,97.26,2588,1),
(1289,'2023-01-08 02:38:25',48.34,64.45,80.56,2589,1),
(1290,'2023-01-08 02:38:25',39.17,52.23,65.29,2590,1),
(1291,'2023-01-08 02:38:25',60.30,80.40,100.50,2591,1),
(1292,'2023-01-08 02:38:25',29.68,39.57,49.46,2592,1),
(1293,'2023-01-08 02:38:25',42.73,56.97,71.21,2593,1),
(1294,'2023-01-08 02:38:25',53.08,70.77,88.46,2594,1),
(1295,'2023-01-08 02:38:25',46.10,61.47,76.83,2595,1),
(1296,'2023-01-08 02:38:25',51.11,68.15,85.18,2596,1),
(1297,'2023-01-08 02:38:25',49.88,66.50,83.12,2597,1),
(1298,'2023-01-08 02:38:25',43.90,58.53,73.16,2598,1),
(1299,'2023-01-08 02:38:25',41.36,55.15,68.94,2599,1),
(1300,'2023-01-08 02:38:25',55.77,74.37,92.96,2600,1),
(1301,'2023-01-08 02:38:25',58.25,77.67,97.08,2601,1);
/*!40000 ALTER TABLE `tariffs` ENABLE KEYS */;
UNLOCK TABLES;

--
-- Table structure for table `tickets`
--

DROP TABLE IF EXISTS `tickets`;
/*!40101 SET @saved_cs_client     = @@character_set_client */;
/*!40101 SET character_set_client = utf8 */;
CREATE TABLE `tickets` (
  `id` int(11) NOT NULL AUTO_INCREMENT,
  `fName` varchar(25) NOT NULL,
  `surname` varchar(25) NOT NULL,
  `gender` enum('M','F') NOT NULL,
  `age` int(11) NOT NULL,
  `checkedIn` int(11) DEFAULT NULL,
  `client_id` int(11) NOT NULL,
  `flight_id` int(11) NOT NULL,
  `seatLinha` char(1) NOT NULL,
  `seatCol` int(11) NOT NULL,
  `luggage_1` int(11) DEFAULT NULL,
  `luggage_2` int(11) DEFAULT NULL,
  `receipt_id` int(11) NOT NULL,
  `tariff_id` int(11) NOT NULL,
  `tariffType` enum('economic','normal','luxury') NOT NULL,
  PRIMARY KEY (`id`),
  KEY `fk_employeeTicket_id` (`checkedIn`),
  KEY `fk_clientTicket_id` (`client_id`),
  KEY `fk_flight_id` (`flight_id`),
  KEY `fk_luggage_1` (`luggage_1`),
  KEY `fk_luggage_2` (`luggage_2`),
  KEY `fk_receipt_id` (`receipt_id`),
  KEY `fk_tariff_id` (`tariff_id`),
  CONSTRAINT `fk_clientTicket_id` FOREIGN KEY (`client_id`) REFERENCES `clients` (`user_id`),
  CONSTRAINT `fk_employeeTicket_id` FOREIGN KEY (`checkedIn`) REFERENCES `employees` (`user_id`),
  CONSTRAINT `fk_flight_id` FOREIGN KEY (`flight_id`) REFERENCES `flights` (`id`),
  CONSTRAINT `fk_luggage_1` FOREIGN KEY (`luggage_1`) REFERENCES `configs` (`id`),
  CONSTRAINT `fk_luggage_2` FOREIGN KEY (`luggage_2`) REFERENCES `configs` (`id`),
  CONSTRAINT `fk_receipt_id` FOREIGN KEY (`receipt_id`) REFERENCES `receipts` (`id`),
  CONSTRAINT `fk_tariff_id` FOREIGN KEY (`tariff_id`) REFERENCES `tariffs` (`id`)
) ENGINE=InnoDB AUTO_INCREMENT=2 DEFAULT CHARSET=latin1 COLLATE=latin1_swedish_ci;
/*!40101 SET character_set_client = @saved_cs_client */;

--
-- Dumping data for table `tickets`
--

LOCK TABLES `tickets` WRITE;
/*!40000 ALTER TABLE `tickets` DISABLE KEYS */;
/*!40000 ALTER TABLE `tickets` ENABLE KEYS */;
UNLOCK TABLES;

--
-- Table structure for table `user`
--

DROP TABLE IF EXISTS `user`;
/*!40101 SET @saved_cs_client     = @@character_set_client */;
/*!40101 SET character_set_client = utf8 */;
CREATE TABLE `user` (
  `id` int(11) NOT NULL AUTO_INCREMENT,
  `username` varchar(255) NOT NULL,
  `auth_key` varchar(32) NOT NULL,
  `password_hash` varchar(255) NOT NULL,
  `password_reset_token` varchar(255) DEFAULT NULL,
  `email` varchar(255) NOT NULL,
  `status` smallint(6) NOT NULL DEFAULT 10,
  `created_at` int(11) NOT NULL,
  `updated_at` int(11) NOT NULL,
  `verification_token` varchar(255) DEFAULT NULL,
  PRIMARY KEY (`id`),
  UNIQUE KEY `username` (`username`),
  UNIQUE KEY `email` (`email`),
  UNIQUE KEY `password_reset_token` (`password_reset_token`)
) ENGINE=InnoDB AUTO_INCREMENT=150 DEFAULT CHARSET=utf8mb3 COLLATE=utf8mb3_unicode_ci;
/*!40101 SET character_set_client = @saved_cs_client */;

--
-- Dumping data for table `user`
--

LOCK TABLES `user` WRITE;
/*!40000 ALTER TABLE `user` DISABLE KEYS */;
INSERT INTO `user` VALUES
(8,'diogo','GSrjaLOei_FhJMCBWf5YrXub3AlkB4Md','$2y$13$Op0zfC65Q/brTy0EZe6wteanowF4yK/QSmjuX.pIPDietSM/ZRGm6',NULL,'diogo@gmail.com',10,1673108585,1673108585,'XCTalBC1Yvq1zBFxxMe9a7sZGw1qYpnI_1673108585'),
(9,'quintina','4GgKcmoOp2VZoMY-F3oehk_cJu3MFHtE','$2y$13$F02jo6JVN1uQrQu/WDTTpuGfqkp5/kvGYed8w07oXGn92ZoGssdrC',NULL,'quintina@gmail.com',10,1673108586,1673108586,'L7PW-GkTtyH_f3lA7S4CjrUQ70c2dShe_1673108586'),
(10,'pieter','zHTTYKUiUk_8TeL5127xSzEHlzOCvh5t','$2y$13$ivTANB8ixOfE35CMjnr9n.d5S/ymaKNwTvPiURmqOVkiemHqMYxpm',NULL,'pieter@gmail.com',10,1673108588,1673108588,'GukxK9OH02pAB55tdALGSNRNQCBhtQZC_1673108588'),
(11,'calypso','QcssatSmqkqw4yLTb522pLz9WHjG4fPu','$2y$13$PGtB5r7BSI76lRoP1RsVn.T42QIBkXcs.Uk.naD5owbcd0E3hidf2',NULL,'calypso@gmail.com',10,1673108589,1673108589,'eZw8CL_ruVggPPx48qIBexxhacVxVOFu_1673108589'),
(12,'dougie','S2-u70Nz59lolldESHkhMvk9uDWU0XvL','$2y$13$XOrdsiFY.lCyOJyu/tHU7e6A0C7UmeKrSzKZ22EdqJozPEUFGUmNm',NULL,'dougie@gmail.com',10,1673108590,1673108590,'Rm0d4u3X9uqDcs_AoBPjtaW_CMYuFX1k_1673108590'),
(13,'natka','uMmXP4TTKBkSC3Vsj9XoN2t-_hxRm0Uy','$2y$13$Bswj0X3mo1WyuESWDiaKceWAnravvSIc205JqPgr4cRlUa5EZ1YYC',NULL,'natka@gmail.com',10,1673108591,1673108591,'5S4G1lGKlYi9GbpJ_jGFoWUU3DkZjooU_1673108591'),
(14,'titus','Syy4EdIAOb2z5PA2YJTRgrGfNO45bncu','$2y$13$Uh68e/Hol9smpAS0pucMNep5ikIDhGOymdMFtDZ9QcFxZdYCL9Uuq',NULL,'titus@gmail.com',10,1673108593,1673108593,'Em6tja-hZBtyCJJ_XNRTnDKzn7xcSnlz_1673108593'),
(15,'chaim','6rgGFXPkNHidVi9_8v8nvQNKj_sUXlLG','$2y$13$EUfthoda1yR1RNThoHj3D.KXB1soy0j3xUcje4oAPdsXaNB8a9WEC',NULL,'chaim@gmail.com',10,1673108594,1673108594,'XHO0jfTawx2Hdu7JLUEu8RL5jgGJVSN8_1673108594'),
(16,'merill','LtslFaXuqP0CQhS25TxLIejhS31tRWD4','$2y$13$PVo/vLEfuUbkMseKyCCXD.UNon5wj3yfq9yciegIJk/4nHbl71rMi',NULL,'merill@gmail.com',10,1673108595,1673108595,'8aQ2NQD2eKdNdu5L0a9iqMNy77unm3nY_1673108595'),
(17,'tuckie','1pnjH2iza3oWwux6T5CUQwr4ejexVcSZ','$2y$13$ZAcaSfsGaGHp831Xii7vR.HvLquzXvq4NalRBrZvI31YFcYAbjNj6',NULL,'tuckie@gmail.com',10,1673108597,1673108597,'HTT660KD-UTTEMW6gT7QY24gbxBfxY8K_1673108597'),
(18,'aldric','5xQMOxBKmOBRMuG6tnfemo80k_IE9WEm','$2y$13$.IfmmrEVgaeOVB0fhry7pexi/YMDbiFLQKLmFsXRTAmRsky30n0Pe',NULL,'aldric@gmail.com',10,1673108598,1673108598,'2VPTDZlBHSWjun1h_l7GWxl41uyI4KIG_1673108598'),
(19,'ignazio','AUtRZDaWeYYsgr6pafWceQVg1pbq9sFH','$2y$13$0wO.Vj0MyWzbF8Ht/peFF.b8/BP2zY1qPiQlHcXjAWGw48DVDiluO',NULL,'ignazio@gmail.com',10,1673108599,1673108599,'zo4l8Pwzp0f1vFtNRU-nu-SgjsFoSKGY_1673108599'),
(20,'valerye','5Y_IVXCNOuT7s7cIf_WVcoL2Xfdjqxnl','$2y$13$YwtOVVSpaHBJ2hVWW3sNquV8Qi3/x2IcCmOob1CLZrQnKDo05CMI6',NULL,'valerye@gmail.com',10,1673108600,1673108600,'djcFT-PcjkncKw7J9A7bP6WNjveC99Xc_1673108600'),
(21,'imogen','odzWAq42vKGcblaWT1v_d30NVbgAIm4O','$2y$13$G3cOSNZH8GTfLoHQQzqJye/Kk.VcchNZngK8fxLsECU3/vPaY.QQu',NULL,'imogen@gmail.com',10,1673108602,1673108602,'hyFJCNc8GFZ25ktHNqVZCXLItLq0doqB_1673108602'),
(22,'ellyn','q0xoxicCzz4LOFkBrHnC67X3T2IzqIJZ','$2y$13$UuhmXvH47i8Fr6cv607qYex6OYCVDu0W7yeM.Fazf8cT9vjVLtF9G',NULL,'ellyn@gmail.com',10,1673108603,1673108603,'uIM8nmX0DLouhAqgpPSlBPnw4EzE12tU_1673108603'),
(23,'thorsten','X0f76ta6ol3Zyn9pxljZrpWPkdkliUlN','$2y$13$tctyEQbCEhuLGve97o2aXeNmxqfSwfby7PHF7kpxfvU0Ccg3XVXWC',NULL,'thorsten@gmail.com',10,1673108604,1673108604,'NYEvM5w-AOgCgyRJO_rWVnO6uSgWY60j_1673108604'),
(24,'town','63B302R4NhgUkp6lY5-Orw1vAE70smO1','$2y$13$/4wwE0YTJ8yiHnyOPj985.8.6xHwlWPz7GiXTjUiz0dNMliD5N02u',NULL,'town@gmail.com',10,1673108605,1673108605,'OD3mL0z00tn9BERASU-AAvJNbvm9fSaK_1673108605'),
(25,'kirk','NGHdlp3n2leYFBXlAYleYUsFikfrJ0Z3','$2y$13$VW9g0lMLoM1jGGu2j/o/OehcXihOxoMgPRfZKaZ9I0nZ6Yu51lg1G',NULL,'kirk@gmail.com',10,1673108607,1673108607,'FXhBV7aYaLBhqLR8SBHEYW0Ccm7DKez3_1673108607'),
(26,'schuyler','qBWYV4oIO_JxtRuGRmKLKuZuwkdqSQz5','$2y$13$MlGl2wdw2jMWCnG7Btf1gOWXVfxplZXiiqxMA6OxkKlPpBjmjmgpy',NULL,'schuyler@gmail.com',10,1673108608,1673108608,'m9N5O3QNhKKFyb6LPX7a6wTu7zPnSpeL_1673108608'),
(27,'andreana','g9kJvRWJH4BBDilHGrBODYGoOUzOYVVY','$2y$13$QovBCfHYS5GCFWMz46J/3ePI8H9K5WxMgny0Er7vWXj74kO2XTJeu',NULL,'andreana@gmail.com',10,1673108609,1673108609,'Ti30RZH2W3FIoFQynaROSBqNRAw7hx3r_1673108609'),
(28,'baily','jdapAV_P2RKHohsBSK50SzpLMWgX2gA-','$2y$13$wX/8SQteRx2NFlYbBFR6buQVSG4xXWF3ew3j8/W2ZBhRjU4kfJFiC',NULL,'baily@gmail.com',10,1673108660,1673108660,'biV-jeiHOJUWiQtSKGshzNUgNMg9cYD7_1673108660'),
(29,'wilow','_rJHD2CGw1FU21KEjTckF3WMNjvI9XWX','$2y$13$BAkQ7UtOdur8V75yi9CK0eyrWSWrgy3IszbR1Hu37yM6HjVnNdhjm',NULL,'wilow@gmail.com',10,1673108662,1673108662,'lbda4YntUBUjc8LNdSy2soUI5M1kl60C_1673108662'),
(30,'kenn','NY1L9iKyWyNhSmDxQl7O7VwYVoOmTGcb','$2y$13$GUm9qFZXt2iOx3G43HPMWOTAFkobLDWBHJW2nQK4b6ayeC0FQxiW.',NULL,'kenn@gmail.com',10,1673108663,1673108663,'IxoCe_SKaPzxx_NLyzTBwlsiReioOMz9_1673108663'),
(31,'kev','QlxJzaoU5uEb9ubGAPbIWEDrCQiCFJpk','$2y$13$.GOLZfNd2wRxKGT94mwojuoltZutjxq.Lmlak3sbmDZmBQL.xOVS2',NULL,'kev@gmail.com',10,1673108664,1673108664,'TERHJhrV7-Nrljyev31FU61I7ke7vRTx_1673108664'),
(32,'rozella','beNnq7tKWPWVuYxez0tkaTrqiv34UxNE','$2y$13$Y1PpF9gL36pDq4VVWLeSYO5r671wmtV83s8mmd4eHEVNTw4NNgRdC',NULL,'rozella@gmail.com',10,1673108666,1673108666,'2yVwfZ-iGjul2aYscf0akevdH1HHL2_U_1673108666'),
(33,'mildred','BkOmpT0VCQPNd0VLS7MmgeCQYzzPNKYF','$2y$13$BPb1Y5/LOOeHq6pKqbHsMeX4RgBGsmuoyi8A7rFOFxQ4ooCUn11By',NULL,'mildred@gmail.com',10,1673108667,1673108667,'F5Z8Cq26GPRsFl1j9nhadlrqYCT4ezHk_1673108667'),
(34,'bonny','btOvVj0oMkd_46RwbOTbVFdMmJK7Jd4I','$2y$13$pCHUjaH08vHyiJeZaOhgy.b.rI3RQfqlAr0N.KAzYftqDfPjgfxDq',NULL,'bonny@gmail.com',10,1673108668,1673108668,'_wTQrDYKvW7YJt_j4_-Ei_JWg3YXCh_e_1673108668'),
(35,'melony','uobyOrtZ2wM3jeN0QQk7sgmY0xW5x4KV','$2y$13$1XsY3/fWCZFgbotPMwTCgeKRrvfdmPWubX.A3.Rcr/fmRKizhCn2S',NULL,'melony@gmail.com',10,1673108669,1673108669,'xJXZIRE5GTXNQyM1YYB3QITuZ5K-eW3n_1673108669'),
(36,'aprilette','ZxcCOFzaKXMb8TG9mqt1SUCE3rYCwSZf','$2y$13$J7gjuomrk9u0kgCNH2AIEesIENNArGcObevBdp9TDXsqZGYMnPWVu',NULL,'aprilette@gmail.com',10,1673108671,1673108671,'4C_nzdQLtuiXMpdaca4AWfejYw-E2yWv_1673108671'),
(37,'elinore','vcRLFdAJaGM5YFytAmmsFWGGTCehPVHU','$2y$13$Dwei6r4E9OuhKSYcr6ncJ.XPyKUS4WLwJLM5QqWKGyA0u1rxnhtR.',NULL,'elinore@gmail.com',10,1673108672,1673108672,'1VN2qZRQC1t9X73iv2w8kD8ZhUI_looY_1673108672'),
(38,'dulciana','lpVBnTChIi02vgiYKcAdu8_F2O8Ehc0W','$2y$13$xqrjy8gKcEna1Cq3OBRKuO/thtoM2TdjgUh4KvbdX./HNezPFWmUG',NULL,'dulciana@gmail.com',10,1673108673,1673108673,'EWuskeXk3kZHomBHxT2naNowbzOrjACo_1673108673'),
(39,'donia','fTNrlHy1uEna8MM7DX0OeU0WrwjrRICl','$2y$13$Rt8wvwDeUTSZgWbER.RRzOsGYp2UywX05Va4nFNMoInlnvRS.P2c.',NULL,'donia@gmail.com',10,1673108674,1673108674,'RWRas55goYCCzd19H2K2HTOY5PxMQTtG_1673108674'),
(40,'abraham','XV7OJSYgvZYaor4vW3pSkCPJ3uf0KII3','$2y$13$CRK57VZ8sHaBpyYbsjuRJ.v5vTXUtdGSTUZXEa.a2ucE06FLmzcLW',NULL,'abraham@gmail.com',10,1673108676,1673108676,'qbtV_S48FAXQf1JDeud27dusHmf_fW55_1673108676'),
(41,'gerty','1kk0MFcC6AzryMTksV9Is5IByt_cSPL-','$2y$13$hZHIUdiNC9q7x5kwGaYCSuxc5JwwAv0iEw6F9wlmkBYbnqnINjtlC',NULL,'gerty@gmail.com',10,1673108677,1673108677,'OskxP_x-QAXns-Qm7JgJGUpXX3ZRVB_8_1673108677'),
(42,'barbi','rp7kSPOpsG0zvcDU7zTVL4iEXgiZ4jUy','$2y$13$r3HssmlsKQX8lVWc6fzvre84PqqmUVka/QX42BfYK3t2.2PK3FrK2',NULL,'barbi@gmail.com',10,1673108678,1673108678,'hNSbAb_7TQ8U1AQ8OZc2Ehpcs2DnCrFu_1673108678'),
(43,'hall','IdQzz8Zoz_pEHpmRt3bEeMkSpGxYxmGU','$2y$13$kQy5ttjzaP05f9hhstSY9.dEsWkK7X6kyDvev1VG6yBRfJGjnb9WS',NULL,'hall@gmail.com',10,1673108679,1673108679,'GRm_9RvuNwdf62uzfYdW8UPylqvMnxFG_1673108679'),
(44,'tiler','xD_w1QBliGiOqmK-XAZghsLvIKXdMbpO','$2y$13$63rGj6T2XTiqnwPANSkhaeRwP9op.o9qFjoAvdg2/8Ir.c/SeTZBm',NULL,'tiler@gmail.com',10,1673108681,1673108681,'JEcWkUxyzgU_i-4efJhzeLJnscD5oomz_1673108681'),
(45,'rod','dur4Y9jYge9lUVheFEO-t19u8ihPe3X-','$2y$13$gTd9cvWfo6HOucDCBgL0EO4PlwvKAbu1HlhALY.ZAy8HoSh4k90ii',NULL,'rod@gmail.com',10,1673108682,1673108682,'oR9s924vThLeFOyjSGLKHaXICPtXNve6_1673108682'),
(46,'brunhilda','R1m59pUDAhQZjs8gM_6Qw0ndUxcwDzeu','$2y$13$eiWiDSRdYX5PDlH4bKJEgeCUbtmT7RnO3j38olDaHUyEmXrJ0WNiW',NULL,'brunhilda@gmail.com',10,1673108683,1673108683,'Xw9cNPTyZlwHqlFRtf5m6UCbs6INeweh_1673108683'),
(47,'sandy','LMMAQBHWkViIPahLsbdHMI6Sb5hFEzHL','$2y$13$IppaxzqZgNWzWsdR5uza2.swJkLr/lig6FUlRBubcEUgCWRxDaOgK',NULL,'sandy@gmail.com',10,1673108685,1673108685,'l_68W_Q3WwqwLT23SMaI0mNg2IVGDYrz_1673108685'),
(48,'hyacintha','d_VpwudyGn8taXQttQ0auqGyAvI89Kk9','$2y$13$cr7O3fFNt33g9CqiqN0jReCnxeASTzzya5EUsjZwRrlIxk7Kyjd9G',NULL,'hyacintha@gmail.com',10,1673108721,1673108721,'5wtw4Ai_Qs-YB6TAt4lJHxOAfx1pU5Ko_1673108721'),
(49,'kristine','qJILD8xdNGR512fwwCta4VV-CR9N4Yax','$2y$13$qNBJD25ldZyRFgDb1UngYOQVq3yHaz0EwAts23/ZoyfvRGoUSbMUu',NULL,'kristine@gmail.com',10,1673108722,1673108722,'JgEhfurzq7FOiabqcCsZ7wKvWuu79s1t_1673108722'),
(50,'innis','x26J-3gaVGleEZfH5VvQrXvvH4gRqdGK','$2y$13$vyiBryVPIh1OABLjtC0R..3Sc7omoRgxRiLeNZgq39BUGiXFqSZWK',NULL,'innis@gmail.com',10,1673108723,1673108723,'SFpoaqihUG9TRnrZClumRc1VDeSDcMPU_1673108723'),
(51,'delmer','F52NuoZsGwXmh1WYYrpxpWmDUkSeoC-x','$2y$13$ZoHnhG6m8eQQY8Jw2xzFmusmxNwTjN20OG8r9ok9aERwukxAnLz6O',NULL,'delmer@gmail.com',10,1673108725,1673108725,'2x3TowS0nfQ4pXxmUC0zGeMznk2ePRt7_1673108725'),
(52,'marlane','-E2sBGuxOFMmC6mLrhYWbF5d154YsOI0','$2y$13$VHI6sOO7bZQ9K8Ub9mQVUORdUUAwFSjNMyElhCfaN7.T9FWFCYM46',NULL,'marlane@gmail.com',10,1673108726,1673108726,'Do9ahpi2gXQldbpH46cnaymdKIEe6gMz_1673108726'),
(53,'opaline','6vYpAV2fBCAXoECIShqdhWWAoi_-phqc','$2y$13$WnXnfhtofeOndwgisBOFsu7DIit7/DI7v55ynvKMzYP24Ls7ffVx6',NULL,'opaline@gmail.com',10,1673108727,1673108727,'S-nFYnzHXk7XayLtjVE-J_hnZiv-zHOv_1673108727'),
(54,'tobiah','88llP06HgwXA9F1rirxPdAf6wSUAe_mW','$2y$13$zCKwVJ1rkR1jBjxdt1Tf7O3KQ4k02etbGczVKB07Lhe82OQFAlRu.',NULL,'tobiah@gmail.com',10,1673108729,1673108729,'g7ZUqP8Gp27uK0fP18le6AmyNRSokZSX_1673108729'),
(55,'graeme','T6INgrdBSxP21ReAho1atA9ekLRW-YQ4','$2y$13$Q0ahhnmTX2PNHGhQzsFDr.JqoUR8zvXF5N5EH5Lv4UMeUobF5NVja',NULL,'graeme@gmail.com',10,1673108730,1673108730,'U36YBYZogVZIvRB2xR87YFyyikoxBef__1673108730'),
(56,'shanon','8LjpPAJIfr22Xxv47HCJ30fhp8W8lx9-','$2y$13$na2AKTy5fMNxK4GE3vWAXOWS.tRxJQzrKLTiHNY0VNErd1vkAOFWq',NULL,'shanon@gmail.com',10,1673108731,1673108731,'ktapaqcFZK5WzN0k2ApmCksxWi18FkMh_1673108731'),
(57,'ermanno','yIXKbv06rCT-7A2_tD5olzVApuBX5lu5','$2y$13$/L4n6t04ABi9BRC7eliwXOkj6J0uNNBzH20NzLrmkZR8WVowLJjUm',NULL,'ermanno@gmail.com',10,1673108733,1673108733,'w4IFTKInsOaRoIJx_L7t62qml7B5B7ZQ_1673108733'),
(58,'philippe','qJFDTyBP-oO6y-kFAlaJ5BKJJ5CoWejV','$2y$13$bRdpSISNksDweVbLMBpAZeyc9yUn6.klOoDvBf8H.YGxTYc.cl0b.',NULL,'philippe@gmail.com',10,1673108734,1673108734,'8UJG7xwKFVCIFvK_cGeQI8UyudUz__QR_1673108734'),
(59,'addie','Eu1rX42Pur-L8JEx_48DhTPhCDPMixl-','$2y$13$TMBuDkgJeOTsTYE.N8sKFuZmXwaWzWpizraDKXQkdVrECbbXYcqIC',NULL,'addie@gmail.com',10,1673108735,1673108735,'mlsgBEkJSVgCcmDivmM4GWgLHqHfFI5c_1673108735'),
(60,'carole','tgR6r7dZU9_PGW11pHtQ0FxPZBf1FjJX','$2y$13$GP4glj79B5U0C.gRjxV4cOuPnnflORAWWc/klQm3tBVzk3paxqisi',NULL,'carole@gmail.com',10,1673108736,1673108736,'oEBf1LXD1hfTfg8DL5vV2XpgEUrWpDp5_1673108736'),
(61,'lenard','tGLTKSqCAw_b0sYMwYzesdZ6Fv-8FBfC','$2y$13$LMUkLd7jBaqIHgHSf4alse0HokEuuPcWI4Hvk4U4g9rtaY/j90uuC',NULL,'lenard@gmail.com',10,1673108738,1673108738,'US36CEhyOMtTobXsFjxJLzyJPl1PKDhK_1673108738'),
(62,'twila','us9il9SXg0I3NyaXYyaWKHY4rBvMnUes','$2y$13$cn8Ocp0DoRiKhMVjS2/LaOHynnlUKnS60wsx9DRr2ad1ucTTuITPC',NULL,'twila@gmail.com',10,1673108739,1673108739,'gvuG8L8we4i9I4tiHKlae5Ml8fayWzZX_1673108739'),
(63,'marcellina','CEeOyplvZccWJXShoYTEX3mEjqjb-P32','$2y$13$Gjt4lIUzCWNO9wiirUtKT.NRoqHSe29s6x3tANAvB5mWFSya4Q6O6',NULL,'marcellina@gmail.com',10,1673108740,1673108740,'R8Nsr32IMrgIOJnLFPDiCLF_Aw69cRU1_1673108740'),
(64,'bryant','WPrGw6NKRqYkzSVvRhj530IHIVUN-KS3','$2y$13$GVf5KPxUH21HUnaiFB70zuV.cHU5od57Vra.CWksNe1iKt5gy4VnW',NULL,'bryant@gmail.com',10,1673108742,1673108742,'XtXViNSd9wGgK2o0qxl-OkAbBvYI0P2u_1673108742'),
(65,'gail','gmRY9QgMr-SrEgodZ8oDcAb1Smpxl2bv','$2y$13$W.z9NRsSKzhrDF2o5m4HB.SoE5FAPWlukHebCS.AbujeMFnwRrVva',NULL,'gail@gmail.com',10,1673108743,1673108743,'FPCwMuV0UuZUISPQx-_tU8aM9suGqqN6_1673108743'),
(66,'charisse','svD2b77-gAknCkGTVDHU1BAeZGKXtAbV','$2y$13$sX9Qbisk1818ACUstNicb.xCRDxyom8hwPJiWFsWvwxjk4e7EsIZi',NULL,'charisse@gmail.com',10,1673108744,1673108744,'QZJNRj12TsxvGBmhDe2Zjue2eDfCj02h_1673108744'),
(67,'rowen','yB-h4k7vFXaPB9S5aCS-6BPQ9ya-qnhN','$2y$13$6PSKKxI5Q2fBUfIFBSAg.uD9GZgBeqgQ3IxWU0St5f.c.k8sJ2Z46',NULL,'rowen@gmail.com',10,1673108780,1673108780,'QHreNKvS2Zd-FQSprwego00IfS6u8WGS_1673108780'),
(68,'kriste','e1OU_Oz4Fdi47AYYm6InETQtaGy7i4oq','$2y$13$iuAwANTWSwjgd2ms5LjZBOT08asKMqT.rAKXQkPQS2O5l96N/Efyq',NULL,'kriste@gmail.com',10,1673108781,1673108781,'XlxoKMLwEglmCx5eCk9Abw6cvBZe6D3z_1673108781'),
(69,'mitzi','ysGIJX_EpYamMlNbkJrs6qusyZWo5cVZ','$2y$13$.dApOVMjSf.Wj/jhcWula.WFVreMWyi3NIwhGhD/gzUTdYNlNqJaO',NULL,'mitzi@gmail.com',10,1673108783,1673108783,'LQSPWzVJR-TfAM6OCFCO_mUVVZC9P-zN_1673108783'),
(70,'reinwald','eqLgQLxMHStKPhvj_1J7q_M5_ZCKMKBA','$2y$13$AIymq4X/96ougN2iIgRE.ePF2/ui5AAptX/kIzwbVDEgkdr/atQMO',NULL,'reinwald@gmail.com',10,1673108784,1673108784,'NsMDckuovpbo2YNbZtbB1nlP-9UkA4Cy_1673108784'),
(71,'ximenez','FVE4Mo1crkD5lTq7aChHUnlHIf3J7IEq','$2y$13$WjD9PGacJ/3meY3FaZaTr.wruPtkDCRLHGc4O5UisZ50ZFM/nfWxq',NULL,'ximenez@gmail.com',10,1673108785,1673108785,'3ad7Xaqwm7YAJ-cBCRDzKXio73V9vVOX_1673108785'),
(72,'ted','IjcIKEk14VlR_9GtdICuhcvYHoZ6AoLu','$2y$13$GmGjbw1zyHPe9RtTMBKxv.GIZg5CydezHhnJHF2QhAX4kvkuoa.1m',NULL,'ted@gmail.com',10,1673108786,1673108786,'sMQ6uTC2NoVkPJk_J5s_mi-zwn-S7OHz_1673108786'),
(73,'norri','X11f8Tyk0iSC_0IziBuBXGWvkjpq_0Qm','$2y$13$U2Z1zv2e9Xt8PNm/c5BbWeZmMABzwF4LeKoTPdJmhuuC.p6zMVQfK',NULL,'norri@gmail.com',10,1673108788,1673108788,'2hmvyfYzKgne6YUuvsJ-BcXxw00kLPww_1673108788'),
(74,'grace','bl9KBMJBze8qKCoyUlZ9buegcXQqAsY0','$2y$13$GxZ2hU7La/.2b.c99yBmMu3H95ZNMuHXKKug4ddlPUwVwBbVWJXhq',NULL,'grace@gmail.com',10,1673108789,1673108789,'e3jhnAw7C3YQW8a4puo4Q_1oERUst2tq_1673108789'),
(75,'kathleen','R_UXwuVzMctsV2BOt9MKnh-YeRbdw18C','$2y$13$v1umamt40GDOcuSnwb3ehuZYf/Tl9.wOKjKk.F5.QQ6UY3UrlpGoi',NULL,'kathleen@gmail.com',10,1673108790,1673108790,'z9WrRZdU2S6Pld0Y9Ju99M4AwOQteDsZ_1673108790'),
(76,'beryl','R02XOrnKhbzXH_NciROYnJLxm8E6Rb6M','$2y$13$adPc0zXP4qjekShnika5Z.e4DSFuaA7csge4w.xkPPskiz.PXD8Ra',NULL,'beryl@gmail.com',10,1673108792,1673108792,'3SFNmuK813p0OpKwIbDrF6Q_h36mYCyH_1673108792'),
(77,'priscilla','kOQygth8wkj1CSchFHydn--JgjtFO5Fm','$2y$13$sn2jSqe4itzVMp.wYojmk.Su0YZiqIsXk0NnHUudw36Z/O3..6G/K',NULL,'priscilla@gmail.com',10,1673108793,1673108793,'BqYF5NrRzbutcWB1pKbMFFPuai5moHZl_1673108793'),
(78,'rustie','PfQ0Qk424HaKx-734EU72zM3k3A74CK5','$2y$13$5UIBZ/H8hOqpBUdw0AwmW.CVYdPRj8DkzVOyJHWVt1muzDOza86Me',NULL,'rustie@gmail.com',10,1673108794,1673108794,'Yvm3K8nUPQFDZTiJ-uxj0TbyIKaOW3yh_1673108794'),
(79,'evelina','J-iXrRciA9daTFPUSJjMVBesQGQWvWcI','$2y$13$i5BRDK7.LQjw2XqHJ3adFuyNEa.ufXPgBJqTuzqEzRXkPGy.AYcqS',NULL,'evelina@gmail.com',10,1673108796,1673108796,'dNmBx823LujpHQfr9lCRcR_a-umdC-BD_1673108796'),
(80,'elisa','3IPizsxupicmhFTVAnaR1R5tmy8Bg1Cy','$2y$13$ygzRk.ERjG4GuQnqoNRhm.AMSVUypyOlTXa.Oq1Jw1Ofg6vfu4vZ.',NULL,'elisa@gmail.com',10,1673108797,1673108797,'GTHeyJK8K8_T3YdpqSe3uxwLnXavXTrj_1673108797'),
(81,'taylor','XkmGl0viMUk9qUdOmiMZlbg8Orji8FVP','$2y$13$G/ibmMfrs8udTmq3d/zq/ul1sDIrQUFwpqwseaBPJZy7dobjx5UPK',NULL,'taylor@gmail.com',10,1673108798,1673108798,'w7XId4hS-uiSBHV20MMCozzxIyaubNWM_1673108798'),
(82,'hal','FzN63KQoErcRyRz7plwKmyX5yUVek8dD','$2y$13$8yUPOWjHByr3BNzP8MzqdOae.Z9AUujfl4mVtM.jsI905hR5180o2',NULL,'hal@gmail.com',10,1673108800,1673108800,'zAfsPEjZ8N3sL-BsnqLE0yRLUS2nEp4z_1673108800'),
(83,'marnia','Yhv8Cis9v1dHu4-SbNzDVIOSfMMFW1fY','$2y$13$wvkicCplnT/MNys./ODUNecjAtrVHTN1kk.rJA3f0oDGf6vrWOAQ.',NULL,'marnia@gmail.com',10,1673108801,1673108801,'gn-q5_kKbBEOxN3wlS0paaL4CjsQdtno_1673108801'),
(84,'hilary','ZVTZ6qT2P_QzfCedfx8Zf5SzVrP7-A9p','$2y$13$cHpAxfRmXPgaFe3fVAS60OeSNuBdu/L8p0czqqgxvSi8Y1k/T9Sk6',NULL,'hilary@gmail.com',10,1673108803,1673108803,'rmcxvyMZksMcIvRd53LK-q4_KOSmsPRc_1673108803'),
(85,'lorine','MTvhsNp38to6Gu_LDZ3p12QmefbxEAqO','$2y$13$p8stnJ86p10n/CBdW6ZR7OTJgNb83T9LMBfZ2HxMtZNygkWOFenaa',NULL,'lorine@gmail.com',10,1673108804,1673108804,'gmyVtgfUHtnqvtM5LoSCt6DvAHz5g2Xw_1673108804'),
(86,'turner','AUkuwUsUZmtNSPkQ-bENlsi4KeplphUa','$2y$13$rpOTYqlj0g2XOuGp.O3XBuo7ZGeaPXgscM.HmuBrKQCVc66B6WX/O',NULL,'turner@gmail.com',10,1673108805,1673108805,'vBZ2O_KdoJPnEYTM63uw02zrtZ38GkKr_1673108805'),
(87,'ambrosi','JiO_bNURPX1a0AggBt9zWz3i0-pn-jzn','$2y$13$LIDFYVI1AZY1lvGtDzFEieJBIvZjqBIJXjtZ.Dj7hWWY1T/gFzXc.',NULL,'ambrosi@gmail.com',10,1673108807,1673108807,'lFxlPRyyGiZtlUxdVpj_U1r4okjGBpzd_1673108807'),
(88,'valenka','-IglNNUto6BTwT-2zXEqG6zEj4TeK2Zu','$2y$13$djWp9wsWEl5EzQRYCRKWjehHLlSA0clVUkBzrb0T3./z8o1O7PYEe',NULL,'valenka@gmail.com',10,1673108808,1673108808,'BJdEcp-3QccAsasZRxFTEhBN2CHED6Fh_1673108808'),
(89,'luis','o6cG3eSVfYjuQJsNDz4AJuDVX9au8i6P','$2y$13$bCXz3IV4vOnlT9gLuGFEvOxZz3wAOHf4N4zB6mvcHn/1V8fL2qNA.',NULL,'luis@gmail.com',10,1673108896,1673108896,'PV6nbzO2XMmEVbgVtDutUgId_Q3VVefS_1673108896'),
(90,'stepha','GtxfhyVJVq_WEFJgw2s0Z7K1UqgxTv7K','$2y$13$PsYVKuYL4FjNHzSI4NFh2.dusQ0YVBnQl4g3qPHgQZCDNBgySRjt6',NULL,'stepha@gmail.com',10,1673108897,1673108897,'86wxJIIxb63w1SxbI3WOQ5MMZr5tE5I5_1673108897'),
(91,'martie','PtRhzMIoh7lTyxgUpxaZxu9a-NQ_rdJx','$2y$13$B0MrN1doyqOOMn3b.lqDDeR2TgvbRIZe2lvPWTb6Bme051O1nuP0C',NULL,'martie@gmail.com',10,1673108898,1673108898,'7tQagH6M-WJR_OunWCETUV0eKwpXsePJ_1673108898'),
(92,'lenardo','TWEVcXuc0Xyn90u-7Cxyzqj_MEhCLd1S','$2y$13$0vm/FVcwKmG1iSc4vff1e.axfgJ5OhsCVk/Pg4F8yxnh14s9HQBfa',NULL,'lenardo@gmail.com',10,1673108900,1673108900,'d2ii-RXAK4Nw6XaxLNwC-9Yabj3Q6j3N_1673108900'),
(93,'reggy','RpJogYOtuTaU6wZgFXYwOFzIhoxqDCTd','$2y$13$E8RB1eTiOJ5dFr5ppAKRqu3jHJdGdPRcL/9lv6JZ761LRQTB3dHEC',NULL,'reggy@gmail.com',10,1673108901,1673108901,'s2N2m86W-9Y3B1reOciML-uUe1ezyI68_1673108901'),
(94,'evvie','ZROVeYV85nnkLQcOH3Ph1vqoifGfI8V_','$2y$13$dU9BkRpURkvE1ncuECmFTuA8MBdOBA5jCDAKxcflOY7zmQGPW9B0K',NULL,'evvie@gmail.com',10,1673108902,1673108902,'rEjINW8M9OuVUIxqDS9ooLAmZl2nGzmI_1673108902'),
(95,'chad','N3ucIf3AQmt9qp2DkVIFKkkjgZWIacJD','$2y$13$it.LLG7l5hcKfwBKUnG5v.NR2I6juqVzLJ2WyU6y2kwLtOs.lvEne',NULL,'chad@gmail.com',10,1673108903,1673108903,'VfIC_SYcc2Qpo9FNpTP55vkAezd2ZEBD_1673108903'),
(96,'hanny','Keh3K9qHRZcMSTfuvTOWlDqOHMc0W9r7','$2y$13$5KCPK0PfzWp/ewf6sPipsu.g/5pRdRqfzzgxyVRE/m5NjLFjmt6WK',NULL,'hanny@gmail.com',10,1673108905,1673108905,'B8Hq58eNOtqSAO1WAe4iQX2YV6ZVB3kU_1673108905'),
(97,'bidget','ZBr0lO2yKwzEu_GGJ3OJG3vFkm_shNEX','$2y$13$TVo.kHIOvDCfUiS2bdQg2ueFFsYqaBEr1zgp2V6j0fWjAz2bE75hq',NULL,'bidget@gmail.com',10,1673108906,1673108906,'p4-0wGWE4jWt-BfZfUXNTHH4GgX75S_B_1673108906'),
(98,'karyn','sE9Zsyk4211Beo9lcSRXAL3aAzvsghLR','$2y$13$Hn1jhdBPEtKv41zpOcr5Y.utfYSnjMrXQzzeE9PrDxosEwNmP5uyu',NULL,'karyn@gmail.com',10,1673108907,1673108907,'hCzeIxZ1pZjYsTkwU8iGxH9nSIMS9mt9_1673108907'),
(99,'theodore','EtFPiy-HFws8RT2lqrYj1_8QV2voV5dW','$2y$13$7YgYEX5CigtFFptU/w0nGedTeowr.17H0qnst5w8yvxIfJO33lwXa',NULL,'theodore@gmail.com',10,1673108909,1673108909,'xnAaeZaZXTPCWfzmwqZ34QvgB_ggX4DI_1673108909'),
(100,'don','wG7U_P-FTZ5xDWecFdC_uYwXRkFf6KJp','$2y$13$a9Ow/4PM0YFH8Xfd2K4fUOxTXcfkWa6ghs3N1h5PFudpqY8UFpnM6',NULL,'don@gmail.com',10,1673108910,1673108910,'4XwZgMaZF5hxhkt0mDL1Bjlkr7q9-F-q_1673108910'),
(101,'benn','no63qdL51Q0Py0dTN_WsCEVJtttYHEh-','$2y$13$2bS2ghj7NXxevSkLFVLvEuiJQI4sYN/mpNWfuo60YK.3j7VMxJCVC',NULL,'benn@gmail.com',10,1673108911,1673108911,'4IM53wiR7QbBI0BXUzmc6gU4jlVTs7q1_1673108911'),
(102,'jaquelin','MHMLsjXMIEnBC2SHn3BIMEK9kH4ZG9A_','$2y$13$7WhauLup42aA76OWfFDwfeLgyK/BdBCEVhlbzehTsAMA.Gw45KzI.',NULL,'jaquelin@gmail.com',10,1673108912,1673108912,'J2U308JyhpY3Ut3NZsRHt4cy9kf-0OPv_1673108912'),
(103,'margie','7i6g8XZI3kcYTpV-ZL6zHuRT8b4zhxK2','$2y$13$nAr0K9XzNe1F7mYSBmms/..okpQtuZoCkge8/KXn8qNZ8u/L3PLTa',NULL,'margie@gmail.com',10,1673108914,1673108914,'nmqPO9nYgiku4oVSBdB_CtuUGhapXk0W_1673108914'),
(104,'donall','zpsuOIoT31ZucRfEMyq7QHIs0OuHjfpI','$2y$13$Kv7PcEqXd7SElNCSm.zjkuuHCI3QwtJ1IxaqWEz981gPyfYQe/IA2',NULL,'donall@gmail.com',10,1673108915,1673108915,'ldjaRaE26JFt7oVxDMpNGlp9qAhG3YU6_1673108915'),
(105,'angil','OGEiMCHcrtuqcj6pgQfeej4c32XFm7_T','$2y$13$ff//ttPk37KPwxI8De2sHu6WVbffYO.k/rFa2jpyZ7gBGB9Ws26LK',NULL,'angil@gmail.com',10,1673108916,1673108916,'HnFnv81noDPq9Yj-s0l8Fs7oVJBOsaym_1673108916'),
(106,'zedekiah','MwYzaRCIyPkGEMA0U0SDu-UUKCf2P6Fw','$2y$13$gKV6LtQtHTcVI0RNE6wGVe8MdOISquI28rvBTgzSx5dEJ.VuicXJe',NULL,'zedekiah@gmail.com',10,1673108917,1673108917,'0rLr5Nz7Yrv34RofWplaHnFCODYdJSy6_1673108917'),
(107,'derwin','OMKbnhQ1nvYiYmJuS48WNGhh2iDcdvg9','$2y$13$4NBD4f5vO2WA7ddp3vYjtef3KNwypKskvulnNv4A65IpofyfMmwn6',NULL,'derwin@gmail.com',10,1673109043,1673109043,'_lSWX10sqoQXmnjNneHAXPNTOtkI5OJ4_1673109043'),
(108,'ailene','4Z32wAmZWkKRQc1DNQaV48e9wJ5VxNuz','$2y$13$T8gwxftOhacsG0/kEaD2/.s.mK56jILuTxPrnVZfNfAadZGDlQiTO',NULL,'ailene@gmail.com',10,1673109045,1673109045,'5bIOQHynI7ca5D-lU6FLORbNzWShRddE_1673109045'),
(109,'georgie','Ch06F6yIqAE8h_2o4VsHh9a5LRryEOCV','$2y$13$4gvHQ0QFJ5/wHZM6KKSTi.0u3UGRqhAV2NOBgYWnNgybRvS/2i3pe',NULL,'georgie@gmail.com',10,1673109046,1673109046,'M5EmzXdBRada5LLTA2GGlOwBjiqywiOq_1673109046'),
(110,'griffin','pPOFNpVdOyPaxDmhCebB3q2xSfNrxcyl','$2y$13$LCHGs/A40j9lrdG4/bwqcu6e8DCvVsLAnMUWIgzpfiksPH3AoXs9.',NULL,'griffin@gmail.com',10,1673109048,1673109048,'kLPmJZTc9C1XE2vZg3iN9tSveyj4YPC4_1673109048'),
(111,'lorrin','Hnqb5cCWi5MRGik_IqdFAxhfl1UUhSz-','$2y$13$OtPcgUzhPSRKRzgINUyPPumh4G1blwY2YAZHZGQkRcrxcw70G0MxG',NULL,'lorrin@gmail.com',10,1673109049,1673109049,'d1CR26X0TxcgfHu0H5C7L7VWX7BcRQ-d_1673109049'),
(112,'arvin','DApym66BnMpeIyrs6WmyfMPzKQYCipB-','$2y$13$PawwcMPni3xURSsfr.QJs.Qsx0PTFgcRbc7/ze.r5Fn5L2V9gBMK.',NULL,'arvin@gmail.com',10,1673109050,1673109050,'9EFSoS0fgArQ3uwsN6xfbcW26Mt6zuuY_1673109050'),
(113,'edyth','ZBjvRMXBpilQmSRfQNV-5PP6DwUWhx4m','$2y$13$9NGoa3uJCxEFXy3W9CWG9OzDBa6tNWRoOWugTbCOxicq3y14Haqiy',NULL,'edyth@gmail.com',10,1673109051,1673109051,'uxk0xH-UkUO27q3MumsDlU_FCV6xmeFT_1673109051'),
(114,'alecia','vVdEb5rCMsIJJemY78BZlPpJ8oCTZ-1Q','$2y$13$BqT0ZC3Atjwn7jVhfegzVeCSLWeHDhx9se4dH8TaL5tjEhXFSsFNe',NULL,'alecia@gmail.com',10,1673109053,1673109053,'Z2Ad2BrIs2txSsUne3H09Pr8Iz0aBGes_1673109053'),
(115,'malinda','GehENsikSoCnqb1xAqWX_GMzz--6j36o','$2y$13$FG7puZXiO23MZfXxAUWhqugtEbQcUB2DIw4.KqHH5FwDGQYWcjiTy',NULL,'malinda@gmail.com',10,1673109054,1673109054,'RVqeZpUaqeGXuWb58R-VualSv1mVBaO7_1673109054'),
(116,'lane','JYXDsVOGp0_snTFdHl87k3VM4Lx5vzwD','$2y$13$L5Fgve.Cx4ZyV7PGR6hdoO7SVm9RQdY8.1Fq8SzWtkM8egWSoWpAi',NULL,'lane@gmail.com',10,1673109055,1673109055,'f-xwGv6e-1P3bUztJnnyZ61QwsLP402d_1673109055'),
(117,'barth','kgjQ_pA6lgdnyxAvv_UyHY1q8ZVXUk-T','$2y$13$h74eD4nQvTy0C4qkf2KEterlpfILBqHchLZXiwY2e0jKJgnt34Xby',NULL,'barth@gmail.com',10,1673109056,1673109056,'24nEQP5kWVbyv-ZNsruiiU7tvvHLepZo_1673109056'),
(118,'cirillo','HG0P-xqw6UdBPD7QbnFeCdzd4w2_5qR7','$2y$13$uXfCNu4aBws9OHet/201..YTvxjGD1OhKb2j7YL6Sb7khFv5YEBl.',NULL,'cirillo@gmail.com',10,1673109058,1673109058,'eGNcXbJhuIxhrNoLfCNqj_BqVzhUvQxb_1673109058'),
(119,'alexina','wccZKrEV2xRwEUZanVILpR_hHZ96qXm4','$2y$13$bp5BKBDPk/kFbBB2ry.c0.DsQEh51YiyD5Y8yTEXsbaNJeSnr4Zsm',NULL,'alexina@gmail.com',10,1673109059,1673109059,'AdSGk_9rPqtDa91yuNZRonhesNLjK8zU_1673109059'),
(120,'abba','NtZgRrHb3qfa5C7u0BWBn-M01Rz8yCio','$2y$13$fZTGL4QOOC/dCCZq7t0.w.nqH1d2sczTHbrjkAeg0S27yxvCPPbH.',NULL,'abba@gmail.com',10,1673109060,1673109060,'xttXqE2nV69Nj4ZJAWHVYVoygnJ2nzM__1673109060'),
(121,'sibyl','8by-ByPYJDqJcfYreAqrJRFZEQvdqMjr','$2y$13$cyqIwS/BKFQd9XGC057.queLNiHb.5hWJcL.xqdieLUvWL51wIfyi',NULL,'sibyl@gmail.com',10,1673109062,1673109062,'lTeBf8xAmC3fYHFRHSE8xLo1_Rn6yPnV_1673109062'),
(122,'olwen','OLINVWg4oljhW_PyzhG8pt1osMCwKOSo','$2y$13$RiQSzoodUmXJOVLGyxuaS.4ibysx8uhp393n3k3yMVntOB00zJrdq',NULL,'olwen@gmail.com',10,1673109063,1673109063,'sTgFuYibz0R-wPGCZfc6wwRFIy5skGr6_1673109063'),
(123,'osbourne','VyfhQKTSzqKdB9QqlH1-DhljEJJl_AOk','$2y$13$kzswGRqLSUBHydwTaVkPC.OOkmdKEIB9sGJ4TZjN.4TvdpQGqO8XW',NULL,'osbourne@gmail.com',10,1673109064,1673109064,'wL5NtWdwhZ39wGVpBz26AJS_efyRzXBC_1673109064'),
(124,'germain','K703C9pIsEvwip7YwUNMYsVUh5GtgMFj','$2y$13$R9SRh/UHvexz9d3aW.VXEuhWjWCYmhn.QYfkf/xGIuWv7x4wguo6a',NULL,'germain@gmail.com',10,1673109065,1673109065,'ZFEabIXM6mj7S3pAJlVJye7r4WdQCA9A_1673109065'),
(125,'patty','lMnmMsYhwwL4-ncLRnV4bGsaH8EYjIDG','$2y$13$XCUeL6mwlVX3Kae2DpuW5eMZMCoFfClvfh.DytYD1KOk46AcMrw9S',NULL,'patty@gmail.com',10,1673109067,1673109067,'Ge6eRiVd34vQkcdOFYgHwvgRHI16Jvc0_1673109067'),
(126,'leann','O1515mui4FDMfskVl56IpLKqzFiaYQBx','$2y$13$1lBBkfRUchzHc7q83bJVd.I7P1yV6qRUB3PMNgHEHzzILXbIo9OPu',NULL,'leann@gmail.com',10,1673109068,1673109068,'j-AmQZ5M21hy5XOqpPWktGGoIuqABJFj_1673109068'),
(127,'stanly','_tn0IRuaufNsCUuMDJ-7GtC65aHoio_d','$2y$13$UVJ8mGBrbNQo6r45sMXS6OKWGbreH.715wfc4Pd/0RJA8NfKJfAce',NULL,'stanly@gmail.com',10,1673109069,1673109069,'TcrrmR2SApRNIVR-O83Ch8YS2kOzw7QV_1673109069'),
(128,'brandais','1Wm50my7irbWF4wx2ibsR5TDhhMS31-a','$2y$13$4WvywemARvfbFLun/BCVb.udshFT0ovKTfPetU8vQxD6t0dy0P1Gm',NULL,'brandais@gmail.com',10,1673109070,1673109070,'StOliBMg5D-6-GZiyNzOzXtn49Rfhm8Y_1673109070'),
(129,'paolina','TJVvn7HLJbKxYWXo77yU24pnT7jpg8T-','$2y$13$JUplxSfftbEK1aeDLV1LHeOUbp8Zj2L.MIx7r2URnSm9IQ/JaAO5O',NULL,'paolina@gmail.com',10,1673109072,1673109072,'D_z1ErG2NoBHctXAsSJGzaeCTRmYeVjg_1673109072'),
(131,'harmony','vxGYeT2nzWrlx6VRAcA-j37SmOCOuNYV','$2y$13$3vQUeC87WjlQjfjyG5XO1.81ppQIPU8m1DY14qmoKutkcDT1EXz3y',NULL,'harmony@gmail.com',10,1673109244,1673109244,'QL-dGZXG780PG9xR49wi5o6oXB3RerxM_1673109244'),
(132,'nani','z2tnIe03ukBu2y5yUDswSfwHyzMkV2pB','$2y$13$3/GLbJizjbB1eKt3zeNMDui5QK1JHBToLVrGdtJs4BEfe6xBKQhu.',NULL,'nani@gmail.com',10,1673109245,1673109245,'VRI5n5D_FRGIehFWway_c8mL1Tg5aLLt_1673109245'),
(133,'edwina','CWSo35pDCDvW9C1YhaMh-_OujXdRQNk5','$2y$13$if3O8a.TeLOn9Ca6mSn89uFqT0WOUuBKIh4BlF4pbXEIDEY6Rn6Oe',NULL,'edwina@gmail.com',10,1673109247,1673109247,'ZpNdLwFY4PdWzWyBA6BIVY9LJzvzCfh5_1673109247'),
(134,'thor','a4Hzo2fcDZChD-vD0P1uIHS6Hx2lnDZk','$2y$13$oEQ7qg69unR/iy34XX5VvuRrRZaz8PNBlubmAegYRB0XnintbOPoi',NULL,'thor@gmail.com',10,1673109248,1673109248,'ee3YYLJPfEPDivzD7urfmpwKrT_vkpYP_1673109248'),
(135,'riccardo','mreHsxMd9adcKq0RLO3czJlzgiOE7OFf','$2y$13$P94Vj3T9cm6zrpYJWe1TxuxVQML0SiGZW7P6AyiC2jN16xtrH7y02',NULL,'riccardo@gmail.com',10,1673109249,1673109249,'ghfjzrYvR8skpkFjoPi-q8ytArJ1I_Zl_1673109249'),
(136,'cosetta','FhbN_Qv25kVHTcbexy9ltrW6ixsEkZbP','$2y$13$fZa1mqrulSrbg2swKVtOBe4q6kTIG4iqFsKE/EZ8R054b2S5CHxpG',NULL,'cosetta@gmail.com',10,1673109251,1673109251,'PfnKYb22xrBcVtwZQTF4A3g33XP94TWO_1673109251'),
(137,'lara','hF629CRLT9kP0xptKi1S42DI7y4Q4PWh','$2y$13$vnMXbtvYgj7VdhEr5aqZYelxWywsq7iBvVvVqPHNlLz17egJ2LrXe',NULL,'lara@gmail.com',10,1673109252,1673109252,'37V466mwGMkd9-Px0xIIV2uCPpcB81tt_1673109252'),
(138,'gretel','bpb-_wu0LkREh1cq-RTRnHoz8X0miA4q','$2y$13$n3MZxRHo4ppv2J0J6eVWLeFmTb9vnJJJNPb44GBTBgbZrG2l5JdNm',NULL,'gretel@gmail.com',10,1673109253,1673109253,'pGbN8Ad6jM8_zlZJQytLbgb5lUXBCjYB_1673109253'),
(139,'talbert','cIXbsw9nMWYjTtpqAyZkH92IkxZcX3Wj','$2y$13$LwAIvtSB9SZPgOc4PTPQ1uOVFhgdUBzmRMyywBNk8o7qAWEhIfili',NULL,'talbert@gmail.com',10,1673109255,1673109255,'WHNEeOqKT04aPwKvo-90R9M5S14ORwPB_1673109255'),
(140,'ezechiel','yLBcF9PomBWPtbQjxFfxPfc0QHQHDqhC','$2y$13$PgQseiO8dsWjzVmPtUU6sOAgGUJq.W1N7uq0v2uNEzJBToFYvvQL2',NULL,'ezechiel@gmail.com',10,1673109256,1673109256,'wgSO0Pk46Vo3aRN3BLRIogYfKBPaAp7f_1673109256'),
(141,'nicol','uk5TVZPEvepAVYvS2oonpDsPRuRSIJsI','$2y$13$YLxRhoQwXLizZein5pTFjuesE0CsUpjQhIvQ6HGORJ6PbAzK3x5Im',NULL,'nicol@gmail.com',10,1673109257,1673109257,'lBizDt5ddnlBmG-e8i88tv7P42xCDmYI_1673109257'),
(142,'kelby','CcKrrGi1ItRXQhty87uy2DZ57u0s_NwI','$2y$13$r/YH5UPR4ThHm/R8izoUGeDCD9qR0Kur5HAMDpkS7w7g/jft/746.',NULL,'kelby@gmail.com',10,1673109259,1673109259,'WVoPzId4yQB4W8Zn3w3qpQpuvoLuLGGQ_1673109259'),
(143,'jennifer','5ueHvoVno6MCzO_RUw9Ub6Lk4JZj2evw','$2y$13$lhn5Asm1TFFR2XRwZfVqhODMenhitfmK2puql6Rym0E6O59lxhJu.',NULL,'jennifer@gmail.com',10,1673109260,1673109260,'VoxXqGV3F3CV74UFgKCfhmbvQRqqEcK0_1673109260'),
(144,'shandee','ehYWtAcTmc07aqR1ibnrfBJNKbahjliN','$2y$13$0XaDkNUR1YoWzAMtPJTiNuFDRSttSG4QDLplmFaJImuhMZIna8PlC',NULL,'shandee@gmail.com',10,1673109261,1673109261,'9jOqcBP4bQkMFUzI-Fm9IkYYvzuOUSsN_1673109261'),
(145,'vinson','-ZJPk7RxWSIFTxOvBo3h-Dx8Ivnti2nP','$2y$13$o.OFFGqbVSFuV/hnhFoBa.KKkeqdSs2l7LCzaDhb7/BCkSGUdHxTq',NULL,'vinson@gmail.com',10,1673109263,1673109263,'ZidPHjLYI3xRiNmE-b_uwURAevPUgDmJ_1673109263'),
(146,'belicia','VWOCdA1fc9Y4ngS7eZCwD4QJvgODKtiQ','$2y$13$geuMX5ekMt0Vrp8pQEvjouhrW.HA4Xdu/Sv7gMgdzlHT9QFhT2hLC',NULL,'belicia@gmail.com',10,1673109264,1673109264,'TgpyfM9o6dzWF5chLQ3PTy04nldIMuBx_1673109264'),
(147,'jaclin','uLVSq7Uhr2I28VEo8ugXyAlD_Ck0kHcr','$2y$13$y3DZpq72qlLyUCZBUEgd9.kxOIe1DPj/72dOSjbKuCjRFZvQbP6qm',NULL,'jaclin@gmail.com',10,1673109265,1673109265,'1lKenrE5lTODEwQXdjnSxYrPPLFSy1tZ_1673109265'),
(148,'andree','-awQmQKfLSSdFQr7Sxpj6zk6M9o5va08','$2y$13$24cyg9Rzx82he2f6lzOqJ.RsPgV3juDVYHJ5KjcnTDxfd.C6EMj3a',NULL,'andree@gmail.com',10,1673109267,1673109267,'d9PRvEyGI75pwHgO6vWOMd2XSK9hnZGL_1673109267'),
(149,'louis','ijoK15TsSTogtP4F0SP9XnG4qYSv-NBS','$2y$13$cFqQ.tesBALQzI1l6Yybz.pw.gVWT3TzZPX7p6TLdCSDvrZlWfh5e',NULL,'louis@gmail.com',10,1673109268,1673109268,'oxEAJknzokzyZkTFGvxkhGixlpZik7JC_1673109268');
/*!40000 ALTER TABLE `user` ENABLE KEYS */;
UNLOCK TABLES;

--
-- Table structure for table `userData`
--

DROP TABLE IF EXISTS `userData`;
/*!40101 SET @saved_cs_client     = @@character_set_client */;
/*!40101 SET character_set_client = utf8 */;
CREATE TABLE `userData` (
  `user_id` int(11) NOT NULL,
  `fName` varchar(25) NOT NULL,
  `surname` varchar(25) NOT NULL,
  `birthdate` date NOT NULL,
  `phone` varchar(9) NOT NULL,
  `nif` varchar(9) NOT NULL,
  `gender` enum('M','F') NOT NULL,
  `accCreationDate` datetime NOT NULL,
  PRIMARY KEY (`user_id`),
  UNIQUE KEY `phone` (`phone`),
  UNIQUE KEY `nif` (`nif`),
  CONSTRAINT `fk_userData_id` FOREIGN KEY (`user_id`) REFERENCES `user` (`id`)
) ENGINE=InnoDB DEFAULT CHARSET=latin1 COLLATE=latin1_swedish_ci;
/*!40101 SET character_set_client = @saved_cs_client */;

--
-- Dumping data for table `userData`
--

LOCK TABLES `userData` WRITE;
/*!40000 ALTER TABLE `userData` DISABLE KEYS */;
INSERT INTO `userData` VALUES
(8,'Diogo','Pedro','2002-01-06','932840128','304959905','M','2005-07-02 15:14:16'),
(9,'Quintina','Cecere','2002-06-13','932840778','304399905','F','2019-11-02 22:08:10'),
(10,'Pieter','Ritchley','1972-07-31','972129007','306338022','M','2007-07-28 15:42:02'),
(11,'Calypso','Bush','1979-05-23','902748891','404852787','F','2011-07-01 03:47:10'),
(12,'Dougie','Panketh','1999-08-13','984233790','436268321','M','2016-10-30 01:06:57'),
(13,'Natka','Bason','1973-02-17','936191171','593122317','F','2006-04-03 07:15:14'),
(14,'Titus','Olufsen','1962-06-09','976757820','734650250','M','2021-04-29 15:58:21'),
(15,'Chaim','Belbin','2003-12-05','963094874','871973411','M','2014-01-22 08:24:01'),
(16,'Merill','Stobie','1993-10-23','926273593','833033475','M','2019-06-30 17:15:54'),
(17,'Tuckie','Berfoot','1968-06-05','950150818','640583527','M','2010-01-16 11:18:58'),
(18,'Aldric','Bovaird','2003-01-18','978950514','164035232','M','2010-03-02 08:45:04'),
(19,'Ignazio','Avann','1985-03-02','905157650','313726914','M','2019-09-22 21:11:11'),
(20,'Valerye','Alderwick','1988-07-06','943494518','667224231','F','2008-07-28 11:04:43'),
(21,'Imogen','Reiling','1974-10-05','997885212','519628586','F','2014-08-08 10:45:57'),
(22,'Ellyn','Kezourec','1963-11-05','955004435','729776958','F','2022-06-21 16:18:30'),
(23,'Thorsten','Wroughton','1994-08-29','987291996','221545575','M','2007-07-29 21:11:59'),
(24,'Town','Wenderoth','1969-08-16','931449908','208788746','M','2013-01-13 23:10:41'),
(25,'Kirk','Gristhwaite','1996-02-20','962983254','666135090','M','2016-03-28 02:01:09'),
(26,'Schuyler','Dighton','1976-07-27','935972125','724034572','M','2019-09-16 02:17:21'),
(27,'Andreana','Sieur','1980-02-14','953252696','732375633','F','2020-02-27 09:44:20'),
(28,'Baily','Filyashin','1963-10-04','915611176','929493263','M','2005-01-14 01:22:15'),
(29,'Wilow','Wingeat','2002-08-16','905029586','402838075','F','2010-09-21 20:21:39'),
(30,'Kenn','Foxten','1992-06-19','911216019','897958862','M','2009-03-30 23:38:30'),
(31,'Kev','Darque','1981-04-08','908815440','358995378','M','2021-06-22 08:17:41'),
(32,'Rozella','Kmietsch','1995-05-15','978085656','429274345','F','2021-08-20 10:37:04'),
(33,'Mildred','Tugwell','1993-12-06','978317803','177283409','F','2010-04-12 04:49:24'),
(34,'Bonny','Ritchie','2003-08-10','987282770','158427308','F','2010-07-15 03:49:48'),
(35,'Melony','Greeves','1985-09-21','939241103','984246965','F','2006-11-05 00:46:52'),
(36,'Aprilette','Argrave','1984-05-05','964440036','189230220','F','2018-09-08 15:36:35'),
(37,'Elinore','Nuzzi','1965-09-02','967823649','242037736','F','2013-04-07 04:14:27'),
(38,'Dulciana','Midford','1981-10-30','923987634','539197252','F','2017-07-24 10:02:11'),
(39,'Donia','Deeks','1967-04-29','950336507','190239156','F','2012-01-14 06:10:00'),
(40,'Abraham','Pillifant','1989-07-24','976759633','121526685','M','2008-08-24 13:09:23'),
(41,'Gerty','Mebius','1964-10-04','929990647','641633486','F','2015-03-05 09:14:37'),
(42,'Barbi','Brotherhead','1998-06-14','942963950','559279606','F','2009-01-24 19:56:26'),
(43,'Hall','Lelievre','1982-11-27','916160760','254151525','M','2020-01-26 15:18:00'),
(44,'Tiler','Kabos','1987-04-08','975164706','389649609','M','2009-12-19 16:33:35'),
(45,'Rod','Ucceli','1977-08-18','959841948','888802945','M','2012-10-31 11:42:24'),
(46,'Brunhilda','Seczyk','1967-05-31','981750531','452031768','F','2018-01-27 15:18:58'),
(47,'Sandy','Shilliday','1982-10-15','923906089','966927220','M','2011-09-04 13:37:39'),
(48,'Hyacintha','Beasant','1973-05-08','972265260','735516435','F','2020-08-07 09:08:43'),
(49,'Kristine','Babington','1970-05-08','933788197','159965230','F','2010-04-30 22:00:17'),
(50,'Innis','Sunderland','1998-07-05','909412463','582740968','M','2018-05-23 00:22:10'),
(51,'Delmer','Vogel','1987-08-01','981192001','845517127','M','2017-04-07 21:29:20'),
(52,'Marlane','Eastbrook','1981-10-05','974572089','194318892','F','2021-07-20 01:37:58'),
(53,'Opaline','Skelington','1968-08-10','950006291','468045793','F','2011-02-02 11:50:02'),
(54,'Tobiah','Hearons','1960-09-23','983851503','566676229','M','2006-09-21 20:00:16'),
(55,'Graeme','Mateev','1988-07-24','921079089','701108669','M','2013-09-18 18:32:35'),
(56,'Shanon','Dripp','1981-04-11','964689113','200750882','F','2021-03-30 13:41:01'),
(57,'Ermanno','Middle','1998-04-25','926684869','196692582','M','2012-03-20 20:30:41'),
(58,'Philippe','Kitson','1992-02-19','947375472','843024102','F','2006-05-16 17:53:54'),
(59,'Addie','Echelle','1979-11-22','939556750','464360936','M','2005-12-04 04:26:01'),
(60,'Carole','Sweed','1985-01-07','950936643','287002157','F','2018-01-17 03:47:45'),
(61,'Lenard','Sprigging','1967-10-21','982383289','430804384','M','2017-09-28 00:09:16'),
(62,'Twila','Gault','1971-09-04','966921873','213888766','F','2007-03-23 20:08:32'),
(63,'Marcellina','Tourry','1971-11-14','999509393','191735126','F','2022-01-30 17:51:21'),
(64,'Bryant','Swinley','1970-11-11','982141770','210440236','M','2018-10-26 13:24:14'),
(65,'Gail','Tezure','1980-12-29','975286483','143515185','M','2022-08-05 07:52:11'),
(66,'Charisse','Pakes','1982-06-25','968774654','757144144','F','2018-03-08 10:31:04'),
(67,'Rowen','Girdler','2001-10-10','954957711','687899255','M','2017-08-06 09:12:01'),
(68,'Kriste','Shard','1965-08-11','933078349','297514187','F','2017-02-16 14:54:51'),
(69,'Mitzi','Corley','1962-05-09','916346221','499902710','F','2021-10-30 07:03:20'),
(70,'Reinwald','Talmadge','1985-07-17','923516250','454756895','M','2018-09-12 03:37:31'),
(71,'Ximenez','Huton','1969-05-27','924567496','952124410','M','2021-09-07 22:32:45'),
(72,'Ted','Kornalik','1996-10-01','993729336','345884635','F','2018-05-30 12:03:10'),
(73,'Norri','Townrow','1960-11-07','975499608','915213550','F','2008-01-02 00:58:43'),
(74,'Grace','Lapley','1980-09-22','983799003','466235668','M','2007-10-14 10:09:59'),
(75,'Kathleen','Peepall','1970-12-13','918456757','190368956','F','2012-10-10 07:39:55'),
(76,'Beryl','Sallarie','2003-03-01','919109584','512322171','F','2010-11-24 16:14:30'),
(77,'Priscilla','Burnhard','1973-03-18','961438824','958926965','F','2012-06-16 21:06:15'),
(78,'Rustie','McKim','1992-09-25','962292662','303752021','M','2012-01-29 22:00:59'),
(79,'Evelina','Bricket','1998-04-14','957808380','688918115','F','2005-01-26 13:10:07'),
(80,'Elisa','Suthworth','1979-05-04','912859120','288109862','F','2005-09-28 03:19:29'),
(81,'Taylor','Dyett','1973-04-20','965030155','446336816','M','2019-07-06 18:21:04'),
(82,'Hal','Lenahan','1977-11-29','994528434','457383732','M','2009-10-01 00:27:25'),
(83,'Marnia','Laffan','1990-11-28','968668242','932375480','F','2007-01-06 12:11:40'),
(84,'Hilary','Siddle','1989-06-23','935105858','315483725','F','2015-07-16 18:03:27'),
(85,'Lorine','Kerley','1979-12-18','937924045','495050549','F','2020-04-02 00:20:39'),
(86,'Turner','Tavinor','1998-01-18','925762740','358297759','M','2022-04-19 08:28:01'),
(87,'Ambrosi','Buckles','1981-12-31','900526681','344176289','M','2018-12-15 16:39:36'),
(88,'Valenka','Cammidge','1989-06-03','910252228','171828132','F','2019-04-28 15:53:44'),
(89,'Luis','Silva','1979-11-28','900166439','867557855','M','2012-02-13 14:55:23'),
(90,'Stepha','Shane','1977-12-13','959569671','440256808','F','2018-12-05 07:25:37'),
(91,'Martie','Garfit','2005-03-22','994379524','447042066','F','2010-06-01 12:59:52'),
(92,'Lenardo','Stonhouse','1982-07-20','905776362','596917100','M','2008-07-03 18:13:12'),
(93,'Reggy','Stronack','1991-09-20','952085543','342972798','M','2012-10-29 03:35:45'),
(94,'Evvie','Surgey','2000-09-13','980252518','902233914','F','2012-10-01 10:49:52'),
(95,'Chad','Candy','1978-04-08','961121116','333289619','M','2019-01-30 07:37:27'),
(96,'Hanny','Ousby','1997-07-31','929602413','270401183','F','2005-11-06 12:57:17'),
(97,'Bidget','Guerri','1991-06-19','973815959','105578229','F','2020-01-16 11:48:26'),
(98,'Karyn','Vigurs','1995-05-30','948467108','945279539','F','2016-04-19 00:58:28'),
(99,'Theodore','Mercey','1984-10-12','910061005','279701748','M','2006-04-24 11:38:44'),
(100,'Don','Haldin','1978-02-22','952052262','763303109','M','2012-01-23 11:58:45'),
(101,'Benn','Winckworth','1979-11-02','987757965','580062312','M','2007-11-20 17:19:43'),
(102,'Jaquelin','Gamil','1990-03-24','960728453','953556891','F','2010-11-10 13:53:05'),
(103,'Margie','Muffett','1981-10-25','999297757','326047413','F','2011-03-01 13:21:58'),
(104,'Donall','Silversmidt','1986-06-04','960834203','529408830','M','2010-10-26 12:00:18'),
(105,'Angil','Lockie','2005-05-29','932423058','499948659','F','2014-09-03 10:28:22'),
(106,'Zedekiah','Murton','1986-09-10','972368965','811415413','M','2014-11-25 14:34:42'),
(107,'Derwin','MacAless','1998-02-02','968107764','915714889','M','2012-10-29 14:03:53'),
(108,'Ailene','Warmisham','1977-10-13','938332801','419647682','F','2015-04-12 16:35:23'),
(109,'Georgie','Ulyat','1978-04-03','906100635','944723624','M','2013-11-29 15:46:27'),
(110,'Griffin','Cinelli','1981-05-21','924942382','959523029','M','2011-01-31 15:49:43'),
(111,'Lorrin','Wormleighton','1978-11-06','977927484','704751533','F','2012-09-08 06:39:21'),
(112,'Arvin','Biaggiotti','2003-02-05','915177421','328013739','M','2006-11-26 06:27:59'),
(113,'Edyth','Coopman','2001-06-05','951367935','553838420','F','2018-12-13 13:17:44'),
(114,'Alecia','Besson','2004-07-09','996606682','695644892','F','2015-02-08 23:37:51'),
(115,'Malinda','Le Borgne','1989-11-28','939364986','553193408','F','2018-03-12 04:53:43'),
(116,'Lane','Thurlborn','1977-06-08','928378504','674306411','F','2021-03-17 08:47:49'),
(117,'Barth','Furbank','2004-04-13','915071134','192852598','M','2009-01-03 18:35:31'),
(118,'Cirillo','Pickvance','1998-11-09','925816627','948700596','M','2019-10-29 05:12:25'),
(119,'Alexina','Costin','1996-07-15','940000226','314284264','F','2017-10-05 00:31:53'),
(120,'Abba','Chapellow','1983-01-16','985940491','384125395','M','2018-02-27 17:19:19'),
(121,'Sibyl','Bottinelli','1979-06-07','924021768','663970956','F','2015-04-17 19:10:41'),
(122,'Olwen','Pyne','1995-04-29','930005921','122590753','F','2007-04-05 10:58:31'),
(123,'Osbourne','Bagworth','1995-08-23','960226819','814101095','M','2013-02-24 15:59:28'),
(124,'Germain','Edgerly','1999-06-19','974453215','472402504','M','2011-10-05 08:55:04'),
(125,'Patty','Mosley','1985-05-25','965038082','931536715','M','2009-10-23 22:49:40'),
(126,'Leann','Guidetti','1998-10-08','947704934','864560834','F','2008-05-09 21:15:58'),
(127,'Stanly','Cready','1981-06-14','939861602','630861219','M','2019-05-14 12:33:07'),
(128,'Brandais','Coakley','1997-04-26','949677920','764904930','F','2006-02-03 07:42:16'),
(129,'Paolina','Sabban','2005-08-27','921520447','365968047','F','2009-04-26 12:38:20'),
(131,'Harmony','Berthouloume','1981-05-16','963069997','906496661','F','2017-04-06 09:18:40'),
(132,'Nani','Feavyour','1997-11-14','901576566','680028554','F','2015-10-19 19:51:19'),
(133,'Edwina','Yusupov','1982-04-30','936823434','330002975','F','2008-07-29 21:38:53'),
(134,'Thor','Confait','1984-07-13','934213268','630450916','M','2007-12-29 13:40:45'),
(135,'Riccardo','Stollman','1985-10-30','959388421','560912327','M','2005-02-12 17:09:58'),
(136,'Cosetta','Tansly','1981-07-09','936623578','720362467','F','2007-04-01 02:11:14'),
(137,'Lara','Kelberman','1999-04-28','999239314','172960019','F','2020-05-17 05:54:21'),
(138,'Gretel','Swaisland','2003-04-16','976445817','722450773','F','2012-05-01 06:35:15'),
(139,'Talbert','Gabitis','2001-06-11','942625419','496781408','M','2014-11-17 00:25:05'),
(140,'Ezechiel','Oolahan','2000-09-22','930029945','817142483','M','2008-04-23 04:21:46'),
(141,'Nicol','Gebbe','1982-11-15','992017514','590411481','M','2012-10-13 17:12:50'),
(142,'Kelby','Quinn','1976-05-11','961852299','165782371','M','2009-05-02 07:00:33'),
(143,'Jennifer','Puckett','2003-08-18','919332473','888121718','F','2020-05-09 18:44:48'),
(144,'Shandee','Allright','1984-09-13','962837463','179906741','F','2021-03-20 14:13:51'),
(145,'Vinson','Sygrove','1978-02-14','963911210','490849381','M','2018-03-04 16:25:20'),
(146,'Belicia','Coupman','1985-11-15','960622226','287605925','F','2020-07-31 09:00:27'),
(147,'Jaclin','Silverstone','1991-10-29','972099262','265819222','F','2005-03-18 04:49:11'),
(148,'Andree','Morgan','2003-06-03','956114151','160774425','F','2008-08-19 01:26:33'),
(149,'Louis','Culshaw','1977-12-13','992575780','461682841','M','2014-02-11 01:58:45');
/*!40000 ALTER TABLE `userData` ENABLE KEYS */;
UNLOCK TABLES;
/*!40103 SET TIME_ZONE=@OLD_TIME_ZONE */;

/*!40101 SET SQL_MODE=@OLD_SQL_MODE */;
/*!40014 SET FOREIGN_KEY_CHECKS=@OLD_FOREIGN_KEY_CHECKS */;
/*!40014 SET UNIQUE_CHECKS=@OLD_UNIQUE_CHECKS */;
/*!40101 SET CHARACTER_SET_CLIENT=@OLD_CHARACTER_SET_CLIENT */;
/*!40101 SET CHARACTER_SET_RESULTS=@OLD_CHARACTER_SET_RESULTS */;
/*!40101 SET COLLATION_CONNECTION=@OLD_COLLATION_CONNECTION */;
/*!40111 SET SQL_NOTES=@OLD_SQL_NOTES */;

-- Dump completed on 2023-01-08  2:38:40
